# Blender 5.2.1 LTS
# www.blender.org
mtllib enemigo3.mtl
o Torso
v -0.540000 3.600000 0.240000
v -0.540000 3.780000 0.420000
v -0.720000 3.780000 0.240000
v -0.540000 3.624048 0.329882
v -0.629882 3.624048 0.240000
v -0.626078 3.647406 0.326078
v -0.629882 3.780000 0.395953
v -0.540000 3.690118 0.395953
v -0.626078 3.693922 0.372594
v -0.695953 3.690118 0.240000
v -0.695953 3.780000 0.329882
v -0.672594 3.693922 0.326078
v -0.540000 5.520000 0.420000
v -0.540000 5.700000 0.240000
v -0.720000 5.520000 0.240000
v -0.540000 5.609882 0.395953
v -0.629882 5.520000 0.395953
v -0.626078 5.606078 0.372594
v -0.629882 5.675953 0.240000
v -0.540000 5.675953 0.329882
v -0.626078 5.652594 0.326078
v -0.695953 5.520000 0.329882
v -0.695953 5.609882 0.240000
v -0.672594 5.606078 0.326078
v -0.540000 3.600000 -0.240000
v -0.720000 3.780000 -0.240000
v -0.540000 3.780000 -0.420000
v -0.629882 3.624048 -0.240000
v -0.540000 3.624048 -0.329882
v -0.626078 3.647406 -0.326078
v -0.695953 3.780000 -0.329882
v -0.695953 3.690118 -0.240000
v -0.672594 3.693922 -0.326078
v -0.540000 3.690118 -0.395953
v -0.629882 3.780000 -0.395953
v -0.626078 3.693922 -0.372594
v -0.540000 5.700000 -0.240000
v -0.540000 5.520000 -0.420000
v -0.720000 5.520000 -0.240000
v -0.540000 5.675953 -0.329882
v -0.629882 5.675953 -0.240000
v -0.626078 5.652594 -0.326078
v -0.629882 5.520000 -0.395953
v -0.540000 5.609882 -0.395953
v -0.626078 5.606078 -0.372594
v -0.695953 5.609882 -0.240000
v -0.695953 5.520000 -0.329882
v -0.672594 5.606078 -0.326078
v 0.540000 3.600000 0.240000
v 0.720000 3.780000 0.240000
v 0.540000 3.780000 0.420000
v 0.629882 3.624048 0.240000
v 0.540000 3.624048 0.329882
v 0.626078 3.647406 0.326078
v 0.695953 3.780000 0.329882
v 0.695953 3.690118 0.240000
v 0.672594 3.693922 0.326078
v 0.540000 3.690118 0.395953
v 0.629882 3.780000 0.395953
v 0.626078 3.693922 0.372594
v 0.540000 5.700000 0.240000
v 0.540000 5.520000 0.420000
v 0.720000 5.520000 0.240000
v 0.540000 5.675953 0.329882
v 0.629882 5.675953 0.240000
v 0.626078 5.652594 0.326078
v 0.629882 5.520000 0.395953
v 0.540000 5.609882 0.395953
v 0.626078 5.606078 0.372594
v 0.695953 5.609882 0.240000
v 0.695953 5.520000 0.329882
v 0.672594 5.606078 0.326078
v 0.540000 3.600000 -0.240000
v 0.540000 3.780000 -0.420000
v 0.720000 3.780000 -0.240000
v 0.540000 3.624048 -0.329882
v 0.629882 3.624048 -0.240000
v 0.626078 3.647406 -0.326078
v 0.629882 3.780000 -0.395953
v 0.540000 3.690118 -0.395953
v 0.626078 3.693922 -0.372594
v 0.695953 3.690118 -0.240000
v 0.695953 3.780000 -0.329882
v 0.672594 3.693922 -0.326078
v 0.540000 5.700000 -0.240000
v 0.720000 5.520000 -0.240000
v 0.540000 5.520000 -0.420000
v 0.629882 5.675953 -0.240000
v 0.540000 5.675953 -0.329882
v 0.626078 5.652594 -0.326078
v 0.695953 5.520000 -0.329882
v 0.695953 5.609882 -0.240000
v 0.672594 5.606078 -0.326078
v 0.540000 5.609882 -0.395953
v 0.629882 5.520000 -0.395953
v 0.626078 5.606078 -0.372594
vn -0.2566 -0.9318 0.2566
vn -0.2178 -0.6901 0.6901
vn -0.2566 -0.2566 0.9318
vn -0.6901 -0.2178 0.6901
vn -0.9318 -0.2566 0.2566
vn -0.6901 -0.6901 0.2178
vn -0.5774 -0.5774 0.5773
vn -0.2566 0.2566 0.9318
vn -0.2178 0.6901 0.6901
vn -0.2566 0.9318 0.2566
vn -0.6901 0.6901 0.2178
vn -0.9318 0.2566 0.2566
vn -0.6901 0.2178 0.6901
vn -0.5774 0.5774 0.5773
vn -0.2566 -0.9318 -0.2566
vn -0.6901 -0.6901 -0.2178
vn -0.9318 -0.2566 -0.2566
vn -0.6901 -0.2178 -0.6901
vn -0.2566 -0.2566 -0.9318
vn -0.2178 -0.6901 -0.6901
vn -0.5774 -0.5774 -0.5774
vn -0.2566 0.9318 -0.2566
vn -0.2178 0.6901 -0.6901
vn -0.2566 0.2566 -0.9318
vn -0.6901 0.2178 -0.6901
vn -0.9318 0.2566 -0.2566
vn -0.6901 0.6901 -0.2178
vn -0.5774 0.5774 -0.5773
vn 0.2566 -0.9318 0.2566
vn 0.6901 -0.6901 0.2178
vn 0.9318 -0.2566 0.2566
vn 0.6901 -0.2178 0.6901
vn 0.2566 -0.2566 0.9318
vn 0.2178 -0.6901 0.6901
vn 0.5774 -0.5774 0.5774
vn 0.2566 0.9318 0.2566
vn 0.2178 0.6901 0.6901
vn 0.2566 0.2566 0.9318
vn 0.6901 0.2178 0.6901
vn 0.9318 0.2566 0.2566
vn 0.6901 0.6901 0.2178
vn 0.5774 0.5774 0.5773
vn 0.2566 -0.9318 -0.2566
vn 0.2178 -0.6901 -0.6901
vn 0.2566 -0.2566 -0.9318
vn 0.6901 -0.2178 -0.6901
vn 0.9318 -0.2566 -0.2566
vn 0.6901 -0.6901 -0.2178
vn 0.5774 -0.5774 -0.5773
vn 0.2566 0.9318 -0.2566
vn 0.6901 0.6901 -0.2178
vn 0.9318 0.2566 -0.2566
vn 0.6901 0.2178 -0.6901
vn 0.2566 0.2566 -0.9318
vn 0.2178 0.6901 -0.6901
vn 0.5774 0.5774 -0.5774
vn -0.2585 -0.9660 -0.0000
vn -0.7071 -0.7071 -0.0000
vn -0.9660 -0.2585 -0.0000
vn -0.2585 -0.0000 0.9660
vn -0.7071 -0.0000 0.7071
vn -0.9660 -0.0000 0.2585
vn -0.2585 0.9660 -0.0000
vn -0.7071 0.7071 -0.0000
vn -0.9660 0.2585 -0.0000
vn -0.2585 -0.0000 -0.9660
vn -0.7071 -0.0000 -0.7071
vn -0.9660 -0.0000 -0.2585
vn -0.0000 -0.9660 -0.2585
vn -0.0000 -0.7071 -0.7071
vn -0.0000 -0.2585 -0.9660
vn -0.0000 0.9660 -0.2585
vn -0.0000 0.7071 -0.7071
vn -0.0000 0.2585 -0.9660
vn 0.9660 -0.0000 -0.2585
vn 0.7071 -0.0000 -0.7071
vn 0.2585 -0.0000 -0.9660
vn 0.2585 -0.9660 -0.0000
vn 0.7071 -0.7071 -0.0000
vn 0.9660 -0.2585 -0.0000
vn 0.2585 0.9660 -0.0000
vn 0.7071 0.7071 -0.0000
vn 0.9660 0.2585 -0.0000
vn 0.2585 -0.0000 0.9660
vn 0.7071 -0.0000 0.7071
vn 0.9660 -0.0000 0.2585
vn -0.0000 -0.9660 0.2585
vn -0.0000 -0.7071 0.7071
vn -0.0000 -0.2585 0.9660
vn -0.0000 0.9660 0.2585
vn -0.0000 0.7071 0.7071
vn -0.0000 0.2585 0.9660
vn -0.0000 -1.0000 -0.0000
vn -1.0000 -0.0000 -0.0000
vn -0.0000 -0.0000 1.0000
vn -0.0000 1.0000 -0.0000
vn -0.0000 -0.0000 -1.0000
vn 1.0000 -0.0000 -0.0000
vt 0.156250 0.696429
vt 0.156250 0.723179
vt 0.141306 0.722047
vt 0.140646 0.696429
vt 0.156250 0.750000
vt 0.141306 0.750000
vt 0.396429 0.968750
vt 0.396429 1.000000
vt 0.375000 0.983694
vt 0.375000 0.968750
vt 0.396429 0.000000
vt 0.396429 0.026821
vt 0.375000 0.027953
vt 0.375000 0.000000
vt 0.396429 0.053571
vt 0.375000 0.053571
vt 0.125000 0.696429
vt 0.125000 0.722047
vt 0.603571 0.968750
vt 0.614272 0.968750
vt 0.613819 1.000000
vt 0.603571 1.000000
vt 0.625000 0.968750
vt 0.625000 1.000000
vt 0.843750 0.696429
vt 0.875000 0.696429
vt 0.875000 0.722047
vt 0.843750 0.750000
vt 0.625000 0.053571
vt 0.614272 0.053571
vt 0.613819 0.027953
vt 0.625000 0.027953
vt 0.603571 0.053571
vt 0.603571 0.026821
vt 0.603571 0.000000
vt 0.613819 0.000000
vt 0.156250 0.553571
vt 0.140646 0.553571
vt 0.141306 0.527953
vt 0.156250 0.526821
vt 0.125000 0.553571
vt 0.125000 0.527953
vt 0.396429 0.196429
vt 0.396429 0.223179
vt 0.375000 0.222047
vt 0.375000 0.196429
vt 0.396429 0.265646
vt 0.375000 0.266306
vt 0.396429 0.281250
vt 0.375000 0.281250
vt 0.156250 0.500000
vt 0.141306 0.500000
vt 0.843750 0.553571
vt 0.843750 0.500000
vt 0.875000 0.527953
vt 0.875000 0.553571
vt 0.625000 0.281250
vt 0.614272 0.281250
vt 0.613819 0.258702
vt 0.625000 0.231365
vt 0.603571 0.281250
vt 0.603571 0.265646
vt 0.603571 0.223179
vt 0.613819 0.222047
vt 0.603571 0.196429
vt 0.614272 0.196429
vt 0.625000 0.196429
vt 0.343750 0.696429
vt 0.359354 0.696429
vt 0.358694 0.722047
vt 0.343750 0.723179
vt 0.385728 0.696429
vt 0.381328 0.722047
vt 0.396429 0.696429
vt 0.396429 0.723179
vt 0.396429 0.765646
vt 0.366847 0.758153
vt 0.396429 0.781250
vt 0.359375 0.765625
vt 0.656250 0.696429
vt 0.640625 0.765625
vt 0.633153 0.758153
vt 0.640646 0.696429
vt 0.614272 0.781250
vt 0.613819 0.766306
vt 0.603571 0.781250
vt 0.603571 0.765646
vt 0.603571 0.723179
vt 0.613819 0.731093
vt 0.603571 0.696429
vt 0.614272 0.696429
vt 0.343750 0.553571
vt 0.343750 0.526821
vt 0.358694 0.527953
vt 0.359355 0.553571
vt 0.359375 0.484375
vt 0.366847 0.491847
vt 0.396429 0.468750
vt 0.396429 0.484355
vt 0.396429 0.526821
vt 0.381328 0.527953
vt 0.396429 0.553571
vt 0.385728 0.553571
vt 0.656250 0.553571
vt 0.640646 0.553571
vt 0.633153 0.491847
vt 0.640625 0.484375
vt 0.614272 0.553571
vt 0.613819 0.518907
vt 0.603571 0.553571
vt 0.603571 0.526821
vt 0.603571 0.484354
vt 0.613819 0.483694
vt 0.603571 0.468750
vt 0.614272 0.468750
s 0
usemtl Negro_enemigo.006
f 1/1/1 4/2/1 6/3/1 5/4/1
f 4/2/2 8/5/2 9/6/2 6/3/2
f 2/7/3 7/8/3 9/9/3 8/10/3
f 7/11/4 11/12/4 12/13/4 9/14/4
f 3/15/5 10/16/5 12/13/5 11/12/5
f 10/17/6 5/4/6 6/3/6 12/18/6
f 6/3/7 9/6/7 12/18/7
f 13/19/8 16/20/8 18/21/8 17/22/8
f 16/20/9 20/23/9 21/24/9 18/21/9
f 14/25/10 19/26/10 21/27/10 20/28/10
f 19/29/11 23/30/11 24/31/11 21/32/11
f 15/33/12 22/34/12 24/31/12 23/30/12
f 22/34/13 17/35/13 18/36/13 24/31/13
f 18/36/14 21/32/14 24/31/14
f 25/37/15 28/38/15 30/39/15 29/40/15
f 28/38/16 32/41/16 33/42/16 30/39/16
f 26/43/17 31/44/17 33/45/17 32/46/17
f 31/44/18 35/47/18 36/48/18 33/45/18
f 27/49/19 34/50/19 36/48/19 35/47/19
f 34/51/20 29/40/20 30/39/20 36/52/20
f 30/39/21 33/42/21 36/52/21
f 37/53/22 40/54/22 42/55/22 41/56/22
f 40/57/23 44/58/23 45/59/23 42/60/23
f 38/61/24 43/62/24 45/59/24 44/58/24
f 43/62/25 47/63/25 48/64/25 45/59/25
f 39/65/26 46/66/26 48/64/26 47/63/26
f 46/66/27 41/67/27 42/60/27 48/64/27
f 42/60/28 45/59/28 48/64/28
f 49/68/29 52/69/29 54/70/29 53/71/29
f 52/69/30 56/72/30 57/73/30 54/70/30
f 50/74/31 55/75/31 57/73/31 56/72/31
f 55/75/32 59/76/32 60/77/32 57/73/32
f 51/78/33 58/79/33 60/77/33 59/76/33
f 58/79/34 53/71/34 54/70/34 60/77/34
f 54/70/35 57/73/35 60/77/35
f 61/80/36 64/81/36 66/82/36 65/83/36
f 64/81/37 68/84/37 69/85/37 66/82/37
f 62/86/38 67/87/38 69/85/38 68/84/38
f 67/87/39 71/88/39 72/89/39 69/85/39
f 63/90/40 70/91/40 72/89/40 71/88/40
f 70/91/41 65/83/41 66/82/41 72/89/41
f 66/82/42 69/85/42 72/89/42
f 73/92/43 76/93/43 78/94/43 77/95/43
f 76/93/44 80/96/44 81/97/44 78/94/44
f 74/98/45 79/99/45 81/97/45 80/96/45
f 79/99/46 83/100/46 84/101/46 81/97/46
f 75/102/47 82/103/47 84/101/47 83/100/47
f 82/103/48 77/95/48 78/94/48 84/101/48
f 78/94/49 81/97/49 84/101/49
f 85/104/50 88/105/50 90/106/50 89/107/50
f 88/105/51 92/108/51 93/109/51 90/106/51
f 86/110/52 91/111/52 93/109/52 92/108/52
f 91/111/53 95/112/53 96/113/53 93/109/53
f 87/114/54 94/115/54 96/113/54 95/112/54
f 94/115/55 89/107/55 90/106/55 96/113/55
f 90/106/56 93/109/56 96/113/56
f 25/37/57 1/1/57 5/4/57 28/38/57
f 28/38/58 5/4/58 10/17/58 32/41/58
f 32/46/59 10/16/59 3/15/59 26/43/59
f 2/7/60 13/19/60 17/22/60 7/8/60
f 7/11/61 17/35/61 22/34/61 11/12/61
f 11/12/62 22/34/62 15/33/62 3/15/62
f 14/25/63 37/53/63 41/56/63 19/26/63
f 19/29/64 41/67/64 46/66/64 23/30/64
f 23/30/65 46/66/65 39/65/65 15/33/65
f 38/61/66 27/49/66 35/47/66 43/62/66
f 43/62/67 35/47/67 31/44/67 47/63/67
f 47/63/68 31/44/68 26/43/68 39/65/68
f 73/92/69 25/37/69 29/40/69 76/93/69
f 76/93/70 29/40/70 34/51/70 80/96/70
f 80/96/71 34/50/71 27/49/71 74/98/71
f 37/53/72 85/104/72 89/107/72 40/54/72
f 40/57/73 89/107/73 94/115/73 44/58/73
f 44/58/74 94/115/74 87/114/74 38/61/74
f 86/110/75 75/102/75 83/100/75 91/111/75
f 91/111/76 83/100/76 79/99/76 95/112/76
f 95/112/77 79/99/77 74/98/77 87/114/77
f 49/68/78 73/92/78 77/95/78 52/69/78
f 52/69/79 77/95/79 82/103/79 56/72/79
f 56/72/80 82/103/80 75/102/80 50/74/80
f 85/104/81 61/80/81 65/83/81 88/105/81
f 88/105/82 65/83/82 70/91/82 92/108/82
f 92/108/83 70/91/83 63/90/83 86/110/83
f 62/86/84 51/78/84 59/76/84 67/87/84
f 67/87/85 59/76/85 55/75/85 71/88/85
f 71/88/86 55/75/86 50/74/86 63/90/86
f 1/1/87 49/68/87 53/71/87 4/2/87
f 4/2/88 53/71/88 58/79/88 8/5/88
f 8/10/89 58/79/89 51/78/89 2/7/89
f 61/80/90 14/25/90 20/28/90 64/81/90
f 64/81/91 20/23/91 16/20/91 68/84/91
f 68/84/92 16/20/92 13/19/92 62/86/92
f 25/37/93 73/92/93 49/68/93 1/1/93
f 3/15/94 15/33/94 39/65/94 26/43/94
f 51/78/95 62/86/95 13/19/95 2/7/95
f 85/104/96 37/53/96 14/25/96 61/80/96
f 27/49/97 38/61/97 87/114/97 74/98/97
f 75/102/98 86/110/98 63/90/98 50/74/98
o Cabeza
v 0.000000 6.920000 0.020000
v 0.000000 6.815511 -0.268897
v 0.000000 6.644454 -0.412364
v 0.000000 6.420956 -0.490008
v 0.000000 6.300000 -0.500000
v 0.000000 6.179044 -0.490008
v 0.000000 5.955547 -0.412364
v 0.000000 5.680000 0.020000
v 0.021694 6.908087 -0.079498
v 0.042555 6.872806 -0.175172
v 0.061780 6.815511 -0.263345
v 0.078631 6.738406 -0.340630
v 0.092461 6.644454 -0.404056
v 0.102737 6.537264 -0.451186
v 0.109065 6.420956 -0.480209
v 0.111201 6.300000 -0.490008
v 0.109065 6.179044 -0.480209
v 0.102737 6.062737 -0.451186
v 0.092461 5.955547 -0.404056
v 0.078631 5.861594 -0.340630
v 0.061780 5.784489 -0.263345
v 0.042555 5.727195 -0.175172
v 0.021694 5.691913 -0.079498
v 0.042555 6.908087 -0.073725
v 0.083475 6.872806 -0.163848
v 0.121186 6.815511 -0.246906
v 0.154241 6.738406 -0.319706
v 0.181368 6.644454 -0.379452
v 0.201525 6.537264 -0.423848
v 0.213938 6.420956 -0.451186
v 0.218130 6.300000 -0.460417
v 0.213938 6.179044 -0.451186
v 0.201525 6.062737 -0.423848
v 0.181368 5.955547 -0.379452
v 0.154241 5.861594 -0.319706
v 0.121186 5.784489 -0.246906
v 0.083475 5.727195 -0.163848
v 0.042555 5.691913 -0.073725
v 0.061780 6.908087 -0.064350
v 0.121186 6.872806 -0.145459
v 0.175935 6.815511 -0.220209
v 0.223923 6.738406 -0.285728
v 0.263306 6.644454 -0.339498
v 0.292570 6.537264 -0.379452
v 0.310590 6.420956 -0.404056
v 0.316675 6.300000 -0.412364
v 0.310590 6.179044 -0.404056
v 0.292570 6.062737 -0.379452
v 0.263306 5.955547 -0.339498
v 0.223923 5.861594 -0.285728
v 0.175935 5.784489 -0.220209
v 0.121186 5.727195 -0.145459
v 0.061780 5.691913 -0.064350
v 0.078631 6.908087 -0.051734
v 0.154241 6.872806 -0.120711
v 0.223923 6.815511 -0.184281
v 0.285000 6.738406 -0.240000
v 0.335124 6.644454 -0.285728
v 0.372370 6.537264 -0.319706
v 0.395306 6.420956 -0.340630
v 0.403051 6.300000 -0.347695
v 0.395306 6.179044 -0.340630
v 0.372370 6.062737 -0.319706
v 0.335124 5.955547 -0.285728
v 0.285000 5.861594 -0.240000
v 0.223923 5.784489 -0.184281
v 0.154241 5.727195 -0.120711
v 0.078631 5.691913 -0.051734
v 0.092461 6.908087 -0.036361
v 0.181368 6.872806 -0.090556
v 0.263306 6.815511 -0.140502
v 0.335125 6.738406 -0.184281
v 0.394065 6.644454 -0.220209
v 0.437861 6.537264 -0.246906
v 0.464831 6.420956 -0.263345
v 0.473938 6.300000 -0.268896
v 0.464831 6.179044 -0.263345
v 0.437861 6.062737 -0.246906
v 0.394065 5.955547 -0.220209
v 0.335125 5.861594 -0.184281
v 0.263306 5.784489 -0.140502
v 0.181368 5.727195 -0.090556
v 0.092461 5.691913 -0.036361
v 0.102737 6.908087 -0.018822
v 0.201525 6.872806 -0.056152
v 0.292570 6.815511 -0.090556
v 0.372370 6.738406 -0.120711
v 0.437861 6.644454 -0.145459
v 0.486525 6.537264 -0.163848
v 0.516493 6.420956 -0.175172
v 0.526611 6.300000 -0.178995
v 0.516493 6.179044 -0.175172
v 0.486525 6.062737 -0.163848
v 0.437861 5.955547 -0.145459
v 0.372370 5.861594 -0.120711
v 0.292570 5.784489 -0.090556
v 0.201525 5.727195 -0.056152
v 0.102737 5.691913 -0.018822
v 0.109065 6.908087 0.000209
v 0.213938 6.872806 -0.018822
v 0.310590 6.815511 -0.036361
v 0.395306 6.738406 -0.051734
v 0.464831 6.644454 -0.064350
v 0.516493 6.537264 -0.073725
v 0.548306 6.420956 -0.079498
v 0.559047 6.300000 -0.081447
v 0.548306 6.179044 -0.079498
v 0.516493 6.062737 -0.073725
v 0.464831 5.955547 -0.064350
v 0.395306 5.861594 -0.051734
v 0.310590 5.784489 -0.036361
v 0.213938 5.727195 -0.018822
v 0.109065 5.691913 0.000209
v 0.111201 6.908087 0.020000
v 0.218130 6.872806 0.020000
v 0.316675 6.815511 0.020000
v 0.403051 6.738406 0.020000
v 0.473938 6.644454 0.020000
v 0.526611 6.537264 0.020000
v 0.559048 6.420956 0.020000
v 0.570000 6.300000 0.020000
v 0.559048 6.179044 0.020000
v 0.526611 6.062737 0.020000
v 0.473938 5.955547 0.020000
v 0.403051 5.861594 0.020000
v 0.316675 5.784489 0.020000
v 0.218130 5.727195 0.020000
v 0.111201 5.691913 0.020000
v 0.109065 6.908087 0.039791
v 0.213938 6.872806 0.058822
v 0.310590 6.815511 0.076361
v 0.395306 6.738406 0.091734
v 0.464831 6.644454 0.104350
v 0.516493 6.537264 0.113725
v 0.548306 6.420956 0.119498
v 0.559047 6.300000 0.121447
v 0.548306 6.179044 0.119498
v 0.516493 6.062737 0.113725
v 0.464831 5.955547 0.104350
v 0.395306 5.861594 0.091734
v 0.310590 5.784489 0.076361
v 0.213938 5.727195 0.058822
v 0.109065 5.691913 0.039791
v 0.102737 6.908087 0.058822
v 0.201525 6.872806 0.096152
v 0.292569 6.815511 0.130556
v 0.372370 6.738406 0.160711
v 0.437861 6.644454 0.185459
v 0.486525 6.537264 0.203848
v 0.516492 6.420956 0.215172
v 0.526611 6.300000 0.218995
v 0.516492 6.179044 0.215172
v 0.486525 6.062737 0.203848
v 0.437861 5.955547 0.185459
v 0.372370 5.861594 0.160711
v 0.292569 5.784489 0.130556
v 0.201525 5.727195 0.096152
v 0.102737 5.691913 0.058822
v 0.092461 6.908087 0.076361
v 0.181368 6.872806 0.130556
v 0.263306 6.815511 0.180502
v 0.335124 6.738406 0.224281
v 0.394065 6.644454 0.260209
v 0.437861 6.537264 0.286906
v 0.464831 6.420956 0.303345
v 0.473937 6.300000 0.308896
v 0.464831 6.179044 0.303345
v 0.437861 6.062737 0.286906
v 0.394065 5.955547 0.260209
v 0.335124 5.861594 0.224281
v 0.263306 5.784489 0.180502
v 0.181368 5.727195 0.130556
v 0.092461 5.691913 0.076361
v 0.078631 6.908087 0.091734
v 0.154241 6.872806 0.160711
v 0.223923 6.815511 0.224281
v 0.285000 6.738406 0.280000
v 0.335124 6.644454 0.325728
v 0.372370 6.537264 0.359706
v 0.395306 6.420956 0.380630
v 0.403051 6.300000 0.387695
v 0.395306 6.179044 0.380630
v 0.372370 6.062737 0.359706
v 0.335124 5.955547 0.325728
v 0.285000 5.861594 0.280000
v 0.223923 5.784489 0.224281
v 0.154241 5.727195 0.160711
v 0.078631 5.691913 0.091734
v 0.061780 6.908087 0.104350
v 0.121186 6.872806 0.185459
v 0.175935 6.815511 0.260209
v 0.223923 6.738406 0.325728
v 0.263306 6.644454 0.379498
v 0.292570 6.537264 0.419452
v 0.310590 6.420956 0.444056
v 0.316675 6.300000 0.452364
v 0.310590 6.179044 0.444056
v 0.292570 6.062737 0.419452
v 0.263306 5.955547 0.379498
v 0.223923 5.861594 0.325728
v 0.175935 5.784489 0.260209
v 0.121186 5.727195 0.185459
v 0.061780 5.691913 0.104350
v 0.042555 6.908087 0.113725
v 0.083475 6.872806 0.203848
v 0.121186 6.815511 0.286905
v 0.154241 6.738406 0.359706
v 0.181368 6.644454 0.419452
v 0.201525 6.537264 0.463848
v 0.213938 6.420956 0.491186
v 0.218129 6.300000 0.500417
v 0.213938 6.179044 0.491186
v 0.201525 6.062737 0.463848
v 0.181368 5.955547 0.419452
v 0.154241 5.861594 0.359706
v 0.121186 5.784489 0.286905
v 0.083475 5.727195 0.203848
v 0.042555 5.691913 0.113725
v 0.021694 6.908087 0.119498
v 0.042555 6.872806 0.215172
v 0.061780 6.815511 0.303345
v 0.078631 6.738406 0.380630
v 0.092461 6.644454 0.444056
v 0.102737 6.537264 0.491186
v 0.109065 6.420956 0.520208
v 0.111201 6.300000 0.530008
v 0.109065 6.179044 0.520208
v 0.102737 6.062737 0.491186
v 0.092461 5.955547 0.444056
v 0.078631 5.861594 0.380630
v 0.061780 5.784489 0.303345
v 0.042555 5.727195 0.215172
v 0.021694 5.691913 0.119498
v -0.000000 6.908087 0.121447
v -0.000000 6.872806 0.218995
v -0.000000 6.815511 0.308896
v -0.000000 6.738406 0.387695
v -0.000000 6.644454 0.452364
v 0.000000 6.537264 0.500417
v -0.000000 6.420956 0.530008
v -0.000000 6.300000 0.540000
v -0.000000 6.179044 0.530008
v 0.000000 6.062737 0.500417
v -0.000000 5.955547 0.452364
v -0.000000 5.861594 0.387695
v -0.000000 5.784489 0.308896
v -0.000000 5.727195 0.218995
v -0.000000 5.691913 0.121447
v -0.021694 6.908087 0.119498
v -0.042555 6.872806 0.215172
v -0.061780 6.815511 0.303345
v -0.078631 6.738406 0.380630
v -0.092461 6.644454 0.444056
v -0.102737 6.537264 0.491186
v -0.109065 6.420956 0.520208
v -0.111202 6.300000 0.530008
v -0.109065 6.179044 0.520208
v -0.102737 6.062737 0.491186
v -0.092461 5.955547 0.444056
v -0.078631 5.861594 0.380630
v -0.061780 5.784489 0.303345
v -0.042555 5.727195 0.215172
v -0.021694 5.691913 0.119498
v -0.042555 6.908087 0.113725
v -0.083475 6.872806 0.203848
v -0.121186 6.815511 0.286905
v -0.154241 6.738406 0.359706
v -0.181368 6.644454 0.419452
v -0.201525 6.537264 0.463848
v -0.213938 6.420956 0.491186
v -0.218130 6.300000 0.500417
v -0.213938 6.179044 0.491186
v -0.201525 6.062737 0.463848
v -0.181368 5.955547 0.419452
v -0.154241 5.861594 0.359706
v -0.121186 5.784489 0.286905
v -0.083475 5.727195 0.203848
v -0.042555 5.691913 0.113725
v -0.061780 6.908087 0.104350
v -0.121186 6.872806 0.185459
v -0.175935 6.815511 0.260208
v -0.223923 6.738406 0.325728
v -0.263306 6.644454 0.379497
v -0.292569 6.537264 0.419452
v -0.310590 6.420956 0.444056
v -0.316675 6.300000 0.452364
v -0.310590 6.179044 0.444056
v -0.292569 6.062737 0.419452
v -0.263306 5.955547 0.379497
v -0.223923 5.861594 0.325728
v -0.175935 5.784489 0.260208
v -0.121186 5.727195 0.185459
v -0.061780 5.691913 0.104350
v -0.078631 6.908087 0.091734
v -0.154241 6.872806 0.160711
v -0.223923 6.815511 0.224280
v -0.285000 6.738406 0.280000
v -0.335124 6.644454 0.325727
v -0.372370 6.537264 0.359706
v -0.395306 6.420956 0.380630
v -0.403051 6.300000 0.387695
v -0.395306 6.179044 0.380630
v -0.372370 6.062737 0.359706
v -0.335124 5.955547 0.325727
v -0.285000 5.861594 0.280000
v -0.223923 5.784489 0.224280
v -0.154241 5.727195 0.160711
v -0.078631 5.691913 0.091734
v -0.092461 6.908087 0.076361
v -0.181368 6.872806 0.130556
v -0.263306 6.815511 0.180502
v -0.335124 6.738406 0.224281
v -0.394065 6.644454 0.260208
v -0.437861 6.537264 0.286905
v -0.464831 6.420956 0.303345
v -0.473937 6.300000 0.308896
v -0.464831 6.179044 0.303345
v -0.437861 6.062737 0.286905
v -0.394065 5.955547 0.260208
v -0.335124 5.861594 0.224281
v -0.263306 5.784489 0.180502
v -0.181368 5.727195 0.130556
v -0.092461 5.691913 0.076361
v -0.102737 6.908087 0.058822
v -0.201525 6.872806 0.096152
v -0.292569 6.815511 0.130556
v -0.372370 6.738406 0.160711
v -0.437861 6.644454 0.185458
v -0.486525 6.537264 0.203848
v -0.516492 6.420956 0.215172
v -0.526611 6.300000 0.218995
v -0.516492 6.179044 0.215172
v -0.486525 6.062737 0.203848
v -0.437861 5.955547 0.185458
v -0.372370 5.861594 0.160711
v -0.292569 5.784489 0.130556
v -0.201525 5.727195 0.096152
v -0.102737 5.691913 0.058822
v -0.109065 6.908087 0.039791
v -0.213938 6.872806 0.058822
v -0.310590 6.815511 0.076361
v -0.395306 6.738406 0.091734
v -0.464831 6.644454 0.104350
v -0.516492 6.537264 0.113725
v -0.548305 6.420956 0.119498
v -0.559047 6.300000 0.121447
v -0.548305 6.179044 0.119498
v -0.516492 6.062737 0.113725
v -0.464831 5.955547 0.104350
v -0.395306 5.861594 0.091734
v -0.310590 5.784489 0.076361
v -0.213938 5.727195 0.058822
v -0.109065 5.691913 0.039791
v -0.111201 6.908087 0.020000
v -0.218129 6.872806 0.020000
v -0.316675 6.815511 0.020000
v -0.403051 6.738406 0.020000
v -0.473937 6.644454 0.020000
v -0.526611 6.537264 0.020000
v -0.559047 6.420956 0.020000
v -0.569999 6.300000 0.020000
v -0.559047 6.179044 0.020000
v -0.526611 6.062737 0.020000
v -0.473937 5.955547 0.020000
v -0.403051 5.861594 0.020000
v -0.316675 5.784489 0.020000
v -0.218129 5.727195 0.020000
v -0.111201 5.691913 0.020000
v -0.109065 6.908087 0.000209
v -0.213938 6.872806 -0.018822
v -0.310590 6.815511 -0.036361
v -0.395306 6.738406 -0.051734
v -0.464831 6.644454 -0.064350
v -0.516492 6.537264 -0.073725
v -0.548305 6.420956 -0.079498
v -0.559047 6.300000 -0.081447
v -0.548305 6.179044 -0.079498
v -0.516492 6.062737 -0.073725
v -0.464831 5.955547 -0.064350
v -0.395306 5.861594 -0.051734
v -0.310590 5.784489 -0.036361
v -0.213938 5.727195 -0.018822
v -0.109065 5.691913 0.000209
v -0.102737 6.908087 -0.018822
v -0.201525 6.872806 -0.056152
v -0.292569 6.815511 -0.090556
v -0.372370 6.738406 -0.120711
v -0.437861 6.644454 -0.145459
v -0.486525 6.537264 -0.163848
v -0.516492 6.420956 -0.175172
v -0.526611 6.300000 -0.178995
v -0.516492 6.179044 -0.175172
v -0.486525 6.062737 -0.163848
v -0.437861 5.955547 -0.145459
v -0.372370 5.861594 -0.120711
v -0.292569 5.784489 -0.090556
v -0.201525 5.727195 -0.056152
v -0.102737 5.691913 -0.018822
v -0.092461 6.908087 -0.036361
v -0.181368 6.872806 -0.090556
v -0.263305 6.815511 -0.140502
v -0.335124 6.738406 -0.184281
v -0.394064 6.644454 -0.220209
v -0.437861 6.537264 -0.246905
v -0.464831 6.420956 -0.263345
v -0.473937 6.300000 -0.268896
v -0.464831 6.179044 -0.263345
v -0.437861 6.062737 -0.246905
v -0.394064 5.955547 -0.220209
v -0.335124 5.861594 -0.184281
v -0.263305 5.784489 -0.140502
v -0.181368 5.727195 -0.090556
v -0.092461 5.691913 -0.036361
v -0.078631 6.908087 -0.051734
v -0.154241 6.872806 -0.120711
v -0.223923 6.815511 -0.184281
v -0.285000 6.738406 -0.240000
v -0.335124 6.644454 -0.285728
v -0.372370 6.537264 -0.319706
v -0.395306 6.420956 -0.340630
v -0.403050 6.300000 -0.347695
v -0.395306 6.179044 -0.340630
v -0.372370 6.062737 -0.319706
v -0.335124 5.955547 -0.285728
v -0.285000 5.861594 -0.240000
v -0.223923 5.784489 -0.184281
v -0.154241 5.727195 -0.120711
v -0.078631 5.691913 -0.051734
v -0.061780 6.908087 -0.064350
v -0.121186 6.872806 -0.145459
v -0.175935 6.815511 -0.220208
v -0.223923 6.738406 -0.285728
v -0.263305 6.644454 -0.339497
v -0.292569 6.537264 -0.379452
v -0.310590 6.420956 -0.404056
v -0.316674 6.300000 -0.412364
v -0.310590 6.179044 -0.404056
v -0.292569 6.062737 -0.379452
v -0.263305 5.955547 -0.339497
v -0.223923 5.861594 -0.285728
v -0.175935 5.784489 -0.220208
v -0.121186 5.727195 -0.145459
v -0.061780 5.691913 -0.064350
v -0.042555 6.908087 -0.073725
v -0.083474 6.872806 -0.163848
v -0.121186 6.815511 -0.246905
v -0.154241 6.738406 -0.319706
v -0.181368 6.644454 -0.379452
v -0.201525 6.537264 -0.423848
v -0.213938 6.420956 -0.451186
v -0.218129 6.300000 -0.460417
v -0.213938 6.179044 -0.451186
v -0.201525 6.062737 -0.423848
v -0.181368 5.955547 -0.379452
v -0.154241 5.861594 -0.319706
v -0.121186 5.784489 -0.246905
v -0.083474 5.727195 -0.163848
v -0.042555 5.691913 -0.073725
v -0.021694 6.908087 -0.079498
v -0.042555 6.872806 -0.175172
v -0.061780 6.815511 -0.263345
v -0.078631 6.738406 -0.340630
v -0.092460 6.644454 -0.404056
v -0.102737 6.537264 -0.451186
v -0.109065 6.420956 -0.480208
v -0.111201 6.300000 -0.490008
v -0.109065 6.179044 -0.480208
v -0.102737 6.062737 -0.451186
v -0.092460 5.955547 -0.404056
v -0.078631 5.861594 -0.340630
v -0.061780 5.784489 -0.263345
v -0.042555 5.727195 -0.175172
v -0.021694 5.691913 -0.079498
v 0.000000 6.908087 -0.081447
v 0.000000 6.872806 -0.178995
v 0.000000 6.738406 -0.347695
v 0.000000 6.537264 -0.460417
v 0.000000 6.062737 -0.460417
v 0.000000 5.861594 -0.347695
v 0.000000 5.784489 -0.268896
v 0.000000 5.727195 -0.178995
v 0.000000 5.691913 -0.081447
vn -0.0000 1.0000 -0.0000
vn -0.0000 0.7804 -0.6253
vn -0.0000 0.4879 -0.8729
vn -0.0000 0.1643 -0.9864
vn -0.0000 -0.0000 -1.0000
vn -0.0000 -0.1643 -0.9864
vn -0.0000 -0.4879 -0.8729
vn -0.0000 -1.0000 -0.0000
vn 0.0418 0.9719 -0.2317
vn 0.0794 0.8953 -0.4383
vn 0.1115 0.7813 -0.6141
vn 0.1370 0.6423 -0.7541
vn 0.1560 0.4890 -0.8582
vn 0.1690 0.3284 -0.9293
vn 0.1765 0.1648 -0.9704
vn 0.1790 -0.0000 -0.9839
vn 0.1765 -0.1648 -0.9704
vn 0.1690 -0.3284 -0.9293
vn 0.1560 -0.4890 -0.8582
vn 0.1370 -0.6423 -0.7541
vn 0.1115 -0.7813 -0.6141
vn 0.0794 -0.8953 -0.4383
vn 0.0418 -0.9719 -0.2317
vn 0.0822 0.9723 -0.2186
vn 0.1562 0.8969 -0.4138
vn 0.2195 0.7840 -0.5807
vn 0.2702 0.6457 -0.7142
vn 0.3082 0.4924 -0.8140
vn 0.3342 0.3311 -0.8824
vn 0.3493 0.1662 -0.9221
vn 0.3543 -0.0000 -0.9351
vn 0.3493 -0.1662 -0.9221
vn 0.3342 -0.3311 -0.8824
vn 0.3082 -0.4924 -0.8140
vn 0.2702 -0.6457 -0.7142
vn 0.2195 -0.7840 -0.5807
vn 0.1562 -0.8969 -0.4138
vn 0.0822 -0.9723 -0.2186
vn 0.1197 0.9730 -0.1973
vn 0.2275 0.8992 -0.3738
vn 0.3205 0.7880 -0.5256
vn 0.3955 0.6508 -0.6481
vn 0.4521 0.4975 -0.7403
vn 0.4912 0.3352 -0.8040
vn 0.5140 0.1684 -0.8411
vn 0.5215 -0.0000 -0.8533
vn 0.5140 -0.1684 -0.8411
vn 0.4912 -0.3352 -0.8040
vn 0.4521 -0.4975 -0.7403
vn 0.3955 -0.6508 -0.6481
vn 0.3205 -0.7880 -0.5256
vn 0.2275 -0.8992 -0.3738
vn 0.1197 -0.9730 -0.1973
vn 0.1528 0.9738 -0.1683
vn 0.2908 0.9020 -0.3192
vn 0.4107 0.7929 -0.4501
vn 0.5084 0.6570 -0.5566
vn 0.5828 0.5037 -0.6376
vn 0.6346 0.3402 -0.6940
vn 0.6650 0.1712 -0.7270
vn 0.6750 -0.0000 -0.7378
vn 0.6650 -0.1712 -0.7270
vn 0.6346 -0.3402 -0.6940
vn 0.5828 -0.5037 -0.6376
vn 0.5084 -0.6570 -0.5566
vn 0.4107 -0.7929 -0.4501
vn 0.2908 -0.9020 -0.3192
vn 0.1528 -0.9738 -0.1683
vn 0.1803 0.9746 -0.1327
vn 0.3435 0.9048 -0.2519
vn 0.4863 0.7979 -0.3562
vn 0.6039 0.6634 -0.4418
vn 0.6943 0.5102 -0.5076
vn 0.7578 0.3454 -0.5536
vn 0.7952 0.1741 -0.5808
vn 0.8075 -0.0000 -0.5898
vn 0.7952 -0.1741 -0.5808
vn 0.7578 -0.3454 -0.5536
vn 0.6943 -0.5102 -0.5076
vn 0.6039 -0.6634 -0.4418
vn 0.4863 -0.7979 -0.3562
vn 0.3435 -0.9048 -0.2519
vn 0.1803 -0.9746 -0.1327
vn 0.2009 0.9753 -0.0917
vn 0.3831 0.9071 -0.1742
vn 0.5437 0.8022 -0.2468
vn 0.6769 0.6690 -0.3070
vn 0.7803 0.5159 -0.3536
vn 0.8533 0.3500 -0.3865
vn 0.8966 0.1767 -0.4060
vn 0.9110 -0.0000 -0.4124
vn 0.8966 -0.1767 -0.4060
vn 0.8533 -0.3500 -0.3865
vn 0.7803 -0.5159 -0.3536
vn 0.6769 -0.6690 -0.3070
vn 0.5437 -0.8022 -0.2468
vn 0.3831 -0.9072 -0.1742
vn 0.2009 -0.9753 -0.0917
vn 0.2137 0.9758 -0.0468
vn 0.4077 0.9088 -0.0890
vn 0.5795 0.8051 -0.1263
vn 0.7229 0.6727 -0.1574
vn 0.8348 0.5198 -0.1817
vn 0.9142 0.3531 -0.1988
vn 0.9615 0.1784 -0.2090
vn 0.9772 -0.0000 -0.2124
vn 0.9615 -0.1784 -0.2090
vn 0.9142 -0.3531 -0.1988
vn 0.8348 -0.5198 -0.1817
vn 0.7229 -0.6727 -0.1574
vn 0.5795 -0.8051 -0.1263
vn 0.4077 -0.9088 -0.0890
vn 0.2137 -0.9758 -0.0468
vn 0.2180 0.9759 -0.0000
vn 0.4161 0.9093 -0.0000
vn 0.5918 0.8061 -0.0000
vn 0.7387 0.6741 -0.0000
vn 0.8535 0.5212 -0.0000
vn 0.9351 0.3543 -0.0000
vn 0.9838 0.1791 -0.0000
vn 1.0000 -0.0000 -0.0000
vn 0.9838 -0.1791 -0.0000
vn 0.9351 -0.3543 -0.0000
vn 0.8535 -0.5212 -0.0000
vn 0.7387 -0.6741 -0.0000
vn 0.5918 -0.8061 -0.0000
vn 0.4161 -0.9093 -0.0000
vn 0.2180 -0.9759 -0.0000
vn 0.2137 0.9758 0.0468
vn 0.4077 0.9088 0.0890
vn 0.5795 0.8051 0.1263
vn 0.7229 0.6727 0.1574
vn 0.8348 0.5198 0.1817
vn 0.9142 0.3531 0.1988
vn 0.9615 0.1784 0.2091
vn 0.9772 -0.0000 0.2124
vn 0.9615 -0.1784 0.2091
vn 0.9142 -0.3531 0.1988
vn 0.8348 -0.5198 0.1817
vn 0.7229 -0.6727 0.1574
vn 0.5795 -0.8051 0.1263
vn 0.4077 -0.9088 0.0890
vn 0.2137 -0.9758 0.0468
vn 0.2009 0.9753 0.0917
vn 0.3831 0.9071 0.1742
vn 0.5437 0.8022 0.2468
vn 0.6769 0.6690 0.3070
vn 0.7803 0.5159 0.3536
vn 0.8533 0.3500 0.3865
vn 0.8966 0.1767 0.4060
vn 0.9110 -0.0000 0.4124
vn 0.8966 -0.1767 0.4060
vn 0.8533 -0.3500 0.3865
vn 0.7803 -0.5159 0.3536
vn 0.6769 -0.6690 0.3070
vn 0.5437 -0.8022 0.2468
vn 0.3831 -0.9071 0.1742
vn 0.2009 -0.9753 0.0917
vn 0.1803 0.9746 0.1327
vn 0.3435 0.9048 0.2519
vn 0.4863 0.7979 0.3562
vn 0.6039 0.6634 0.4418
vn 0.6943 0.5102 0.5076
vn 0.7578 0.3454 0.5536
vn 0.7952 0.1741 0.5808
vn 0.8075 -0.0000 0.5898
vn 0.7952 -0.1741 0.5808
vn 0.7578 -0.3454 0.5536
vn 0.6943 -0.5102 0.5076
vn 0.6039 -0.6634 0.4418
vn 0.4863 -0.7979 0.3562
vn 0.3435 -0.9048 0.2519
vn 0.1803 -0.9746 0.1327
vn 0.1528 0.9738 0.1683
vn 0.2908 0.9020 0.3192
vn 0.4107 0.7929 0.4501
vn 0.5084 0.6570 0.5566
vn 0.5828 0.5037 0.6376
vn 0.6346 0.3402 0.6940
vn 0.6650 0.1712 0.7270
vn 0.6750 -0.0000 0.7379
vn 0.6650 -0.1712 0.7270
vn 0.6346 -0.3402 0.6940
vn 0.5828 -0.5037 0.6376
vn 0.5084 -0.6570 0.5566
vn 0.4107 -0.7929 0.4501
vn 0.2908 -0.9020 0.3192
vn 0.1528 -0.9738 0.1683
vn 0.1197 0.9730 0.1973
vn 0.2275 0.8992 0.3738
vn 0.3205 0.7880 0.5256
vn 0.3955 0.6508 0.6481
vn 0.4521 0.4975 0.7403
vn 0.4912 0.3352 0.8040
vn 0.5140 0.1684 0.8411
vn 0.5215 -0.0000 0.8533
vn 0.5140 -0.1684 0.8411
vn 0.4912 -0.3352 0.8040
vn 0.4521 -0.4975 0.7403
vn 0.3955 -0.6508 0.6481
vn 0.3205 -0.7880 0.5256
vn 0.2275 -0.8992 0.3738
vn 0.1197 -0.9730 0.1973
vn 0.0822 0.9723 0.2186
vn 0.1562 0.8969 0.4138
vn 0.2195 0.7840 0.5807
vn 0.2702 0.6457 0.7142
vn 0.3082 0.4924 0.8140
vn 0.3342 0.3311 0.8824
vn 0.3493 0.1662 0.9221
vn 0.3543 -0.0000 0.9351
vn 0.3493 -0.1662 0.9221
vn 0.3342 -0.3311 0.8824
vn 0.3082 -0.4924 0.8140
vn 0.2702 -0.6457 0.7142
vn 0.2195 -0.7840 0.5807
vn 0.1562 -0.8969 0.4138
vn 0.0822 -0.9723 0.2186
vn 0.0418 0.9719 0.2317
vn 0.0794 0.8953 0.4383
vn 0.1115 0.7813 0.6141
vn 0.1370 0.6423 0.7541
vn 0.1560 0.4890 0.8582
vn 0.1690 0.3284 0.9293
vn 0.1765 0.1648 0.9704
vn 0.1790 -0.0000 0.9839
vn 0.1765 -0.1648 0.9704
vn 0.1690 -0.3284 0.9293
vn 0.1560 -0.4890 0.8582
vn 0.1370 -0.6423 0.7541
vn 0.1115 -0.7813 0.6141
vn 0.0794 -0.8953 0.4383
vn 0.0418 -0.9719 0.2317
vn -0.0000 0.9717 0.2361
vn -0.0000 0.8948 0.4465
vn -0.0000 0.7804 0.6253
vn -0.0000 0.6412 0.7674
vn -0.0000 0.4879 0.8729
vn -0.0000 0.3275 0.9448
vn -0.0000 0.1643 0.9864
vn -0.0000 -0.0000 1.0000
vn -0.0000 -0.1643 0.9864
vn -0.0000 -0.3275 0.9448
vn -0.0000 -0.4879 0.8729
vn -0.0000 -0.6412 0.7674
vn -0.0000 -0.7804 0.6253
vn -0.0000 -0.8948 0.4465
vn -0.0000 -0.9717 0.2361
vn -0.0418 0.9719 0.2317
vn -0.0794 0.8953 0.4383
vn -0.1115 0.7813 0.6141
vn -0.1370 0.6423 0.7541
vn -0.1560 0.4890 0.8582
vn -0.1690 0.3284 0.9293
vn -0.1765 0.1648 0.9704
vn -0.1790 -0.0000 0.9839
vn -0.1765 -0.1648 0.9704
vn -0.1690 -0.3284 0.9293
vn -0.1560 -0.4890 0.8582
vn -0.1370 -0.6423 0.7541
vn -0.1115 -0.7813 0.6141
vn -0.0794 -0.8953 0.4383
vn -0.0418 -0.9719 0.2317
vn -0.0822 0.9723 0.2186
vn -0.1562 0.8969 0.4138
vn -0.2195 0.7840 0.5807
vn -0.2702 0.6457 0.7142
vn -0.3082 0.4924 0.8140
vn -0.3342 0.3311 0.8824
vn -0.3493 0.1662 0.9221
vn -0.3543 -0.0000 0.9351
vn -0.3493 -0.1662 0.9221
vn -0.3342 -0.3311 0.8824
vn -0.3082 -0.4924 0.8140
vn -0.2702 -0.6457 0.7142
vn -0.2195 -0.7840 0.5807
vn -0.1562 -0.8969 0.4138
vn -0.0822 -0.9723 0.2186
vn -0.1197 0.9730 0.1973
vn -0.2275 0.8992 0.3738
vn -0.3205 0.7880 0.5256
vn -0.3955 0.6508 0.6481
vn -0.4521 0.4975 0.7403
vn -0.4912 0.3352 0.8040
vn -0.5140 0.1684 0.8411
vn -0.5215 -0.0000 0.8533
vn -0.5140 -0.1684 0.8411
vn -0.4912 -0.3352 0.8040
vn -0.4521 -0.4975 0.7403
vn -0.3955 -0.6508 0.6481
vn -0.3205 -0.7880 0.5256
vn -0.2275 -0.8992 0.3738
vn -0.1197 -0.9730 0.1973
vn -0.1528 0.9738 0.1683
vn -0.2908 0.9020 0.3192
vn -0.4107 0.7929 0.4501
vn -0.5084 0.6570 0.5566
vn -0.5828 0.5037 0.6376
vn -0.6346 0.3402 0.6940
vn -0.6650 0.1712 0.7270
vn -0.6750 -0.0000 0.7378
vn -0.6650 -0.1712 0.7270
vn -0.6346 -0.3402 0.6940
vn -0.5828 -0.5037 0.6376
vn -0.5084 -0.6570 0.5566
vn -0.4107 -0.7929 0.4501
vn -0.2908 -0.9020 0.3192
vn -0.1528 -0.9738 0.1683
vn -0.1803 0.9746 0.1327
vn -0.3435 0.9048 0.2519
vn -0.4863 0.7979 0.3562
vn -0.6039 0.6634 0.4418
vn -0.6943 0.5102 0.5076
vn -0.7578 0.3454 0.5536
vn -0.7952 0.1741 0.5808
vn -0.8075 -0.0000 0.5898
vn -0.7952 -0.1741 0.5808
vn -0.7578 -0.3454 0.5536
vn -0.6943 -0.5102 0.5076
vn -0.6039 -0.6634 0.4418
vn -0.4863 -0.7979 0.3562
vn -0.3435 -0.9048 0.2519
vn -0.1803 -0.9746 0.1327
vn -0.2009 0.9753 0.0917
vn -0.3831 0.9071 0.1742
vn -0.5437 0.8022 0.2468
vn -0.6769 0.6690 0.3070
vn -0.7803 0.5159 0.3536
vn -0.8533 0.3500 0.3865
vn -0.8966 0.1767 0.4060
vn -0.9110 -0.0000 0.4124
vn -0.8966 -0.1767 0.4060
vn -0.8533 -0.3500 0.3865
vn -0.7803 -0.5159 0.3536
vn -0.6769 -0.6690 0.3070
vn -0.5437 -0.8022 0.2468
vn -0.3831 -0.9071 0.1742
vn -0.2009 -0.9753 0.0917
vn -0.2137 0.9758 0.0468
vn -0.4077 0.9088 0.0890
vn -0.5795 0.8051 0.1263
vn -0.7229 0.6727 0.1574
vn -0.8348 0.5198 0.1817
vn -0.9142 0.3531 0.1988
vn -0.9615 0.1784 0.2090
vn -0.9772 -0.0000 0.2124
vn -0.9615 -0.1784 0.2090
vn -0.9142 -0.3531 0.1988
vn -0.8348 -0.5198 0.1817
vn -0.7229 -0.6727 0.1574
vn -0.5795 -0.8051 0.1263
vn -0.4077 -0.9088 0.0890
vn -0.2137 -0.9758 0.0468
vn -0.2180 0.9759 -0.0000
vn -0.4161 0.9093 -0.0000
vn -0.5918 0.8061 -0.0000
vn -0.7387 0.6741 -0.0000
vn -0.8535 0.5211 -0.0000
vn -0.9351 0.3543 -0.0000
vn -0.9838 0.1791 -0.0000
vn -1.0000 -0.0000 -0.0000
vn -0.9838 -0.1791 -0.0000
vn -0.9351 -0.3543 -0.0000
vn -0.8535 -0.5211 -0.0000
vn -0.7387 -0.6741 -0.0000
vn -0.5918 -0.8061 -0.0000
vn -0.4161 -0.9093 -0.0000
vn -0.2180 -0.9759 -0.0000
vn -0.2137 0.9758 -0.0468
vn -0.4077 0.9088 -0.0890
vn -0.5795 0.8051 -0.1263
vn -0.7229 0.6727 -0.1574
vn -0.8348 0.5198 -0.1817
vn -0.9142 0.3531 -0.1988
vn -0.9615 0.1784 -0.2091
vn -0.9772 -0.0000 -0.2124
vn -0.9615 -0.1784 -0.2091
vn -0.9142 -0.3531 -0.1988
vn -0.8348 -0.5198 -0.1817
vn -0.7229 -0.6727 -0.1574
vn -0.5795 -0.8051 -0.1263
vn -0.4077 -0.9088 -0.0890
vn -0.2137 -0.9758 -0.0468
vn -0.2009 0.9753 -0.0917
vn -0.3831 0.9071 -0.1742
vn -0.5437 0.8022 -0.2468
vn -0.6769 0.6690 -0.3070
vn -0.7803 0.5159 -0.3536
vn -0.8533 0.3500 -0.3865
vn -0.8966 0.1767 -0.4060
vn -0.9110 -0.0000 -0.4124
vn -0.8966 -0.1767 -0.4060
vn -0.8533 -0.3500 -0.3865
vn -0.7803 -0.5159 -0.3536
vn -0.6769 -0.6690 -0.3070
vn -0.5437 -0.8022 -0.2468
vn -0.3831 -0.9071 -0.1742
vn -0.2009 -0.9753 -0.0917
vn -0.1803 0.9746 -0.1327
vn -0.3435 0.9048 -0.2519
vn -0.4863 0.7979 -0.3562
vn -0.6039 0.6634 -0.4418
vn -0.6943 0.5102 -0.5076
vn -0.7578 0.3454 -0.5537
vn -0.7952 0.1741 -0.5808
vn -0.8075 -0.0000 -0.5898
vn -0.7952 -0.1741 -0.5808
vn -0.7578 -0.3454 -0.5536
vn -0.6943 -0.5102 -0.5076
vn -0.6039 -0.6634 -0.4418
vn -0.4863 -0.7979 -0.3562
vn -0.3435 -0.9048 -0.2519
vn -0.1803 -0.9746 -0.1327
vn -0.1528 0.9738 -0.1683
vn -0.2908 0.9020 -0.3192
vn -0.4107 0.7929 -0.4501
vn -0.5084 0.6570 -0.5566
vn -0.5828 0.5037 -0.6376
vn -0.6346 0.3402 -0.6940
vn -0.6650 0.1712 -0.7270
vn -0.6750 -0.0000 -0.7379
vn -0.6650 -0.1712 -0.7270
vn -0.6346 -0.3402 -0.6940
vn -0.5828 -0.5037 -0.6376
vn -0.5084 -0.6570 -0.5566
vn -0.4107 -0.7929 -0.4501
vn -0.2908 -0.9020 -0.3192
vn -0.1528 -0.9738 -0.1683
vn -0.1197 0.9730 -0.1973
vn -0.2275 0.8992 -0.3738
vn -0.3205 0.7880 -0.5256
vn -0.3955 0.6508 -0.6481
vn -0.4521 0.4975 -0.7403
vn -0.4912 0.3352 -0.8040
vn -0.5140 0.1684 -0.8411
vn -0.5215 -0.0000 -0.8533
vn -0.5140 -0.1684 -0.8411
vn -0.4912 -0.3352 -0.8040
vn -0.4521 -0.4975 -0.7403
vn -0.3955 -0.6508 -0.6481
vn -0.3205 -0.7880 -0.5256
vn -0.2275 -0.8992 -0.3738
vn -0.1197 -0.9730 -0.1973
vn -0.0822 0.9723 -0.2186
vn -0.1562 0.8969 -0.4138
vn -0.2195 0.7840 -0.5807
vn -0.2702 0.6457 -0.7142
vn -0.3082 0.4924 -0.8140
vn -0.3342 0.3311 -0.8824
vn -0.3493 0.1662 -0.9221
vn -0.3543 -0.0000 -0.9351
vn -0.3493 -0.1662 -0.9221
vn -0.3342 -0.3311 -0.8824
vn -0.3082 -0.4924 -0.8140
vn -0.2702 -0.6457 -0.7142
vn -0.2195 -0.7840 -0.5807
vn -0.1562 -0.8969 -0.4138
vn -0.0822 -0.9723 -0.2186
vn -0.0418 0.9719 -0.2317
vn -0.0794 0.8953 -0.4383
vn -0.1115 0.7813 -0.6141
vn -0.1370 0.6423 -0.7541
vn -0.1560 0.4890 -0.8582
vn -0.1690 0.3284 -0.9293
vn -0.1765 0.1648 -0.9704
vn -0.1790 -0.0000 -0.9839
vn -0.1765 -0.1648 -0.9704
vn -0.1690 -0.3284 -0.9293
vn -0.1560 -0.4890 -0.8582
vn -0.1370 -0.6423 -0.7541
vn -0.1115 -0.7813 -0.6141
vn -0.0794 -0.8953 -0.4383
vn -0.0418 -0.9719 -0.2317
vn -0.0000 0.9717 -0.2361
vn -0.0000 0.8948 -0.4465
vn -0.0000 0.6412 -0.7674
vn -0.0000 0.3275 -0.9448
vn -0.0000 -0.3275 -0.9448
vn -0.0000 -0.6412 -0.7674
vn -0.0000 -0.7804 -0.6253
vn -0.0000 -0.8948 -0.4465
vn -0.0000 -0.9717 -0.2361
vt 0.750000 0.687500
vt 0.750000 0.750000
vt 0.718750 0.750000
vt 0.718750 0.687500
vt 0.750000 0.187500
vt 0.750000 0.250000
vt 0.718750 0.250000
vt 0.718750 0.187500
vt 0.750000 0.625000
vt 0.718750 0.625000
vt 0.750000 0.125000
vt 0.718750 0.125000
vt 0.750000 0.562500
vt 0.718750 0.562500
vt 0.750000 0.062500
vt 0.718750 0.062500
vt 0.750000 0.500000
vt 0.718750 0.500000
vt 0.750000 0.937500
vt 0.734375 1.000000
vt 0.718750 0.937500
vt 0.734375 0.000000
vt 0.750000 0.437500
vt 0.718750 0.437500
vt 0.750000 0.875000
vt 0.718750 0.875000
vt 0.750000 0.375000
vt 0.718750 0.375000
vt 0.750000 0.812500
vt 0.718750 0.812500
vt 0.750000 0.312500
vt 0.718750 0.312500
vt 0.687500 0.375000
vt 0.687500 0.312500
vt 0.687500 0.812500
vt 0.687500 0.750000
vt 0.687500 0.250000
vt 0.687500 0.687500
vt 0.687500 0.187500
vt 0.687500 0.625000
vt 0.687500 0.125000
vt 0.687500 0.562500
vt 0.687500 0.062500
vt 0.687500 0.500000
vt 0.703125 1.000000
vt 0.687500 0.937500
vt 0.703125 0.000000
vt 0.687500 0.437500
vt 0.687500 0.875000
vt 0.656250 0.125000
vt 0.656250 0.062500
vt 0.656250 0.562500
vt 0.656250 0.500000
vt 0.671875 1.000000
vt 0.656250 0.937500
vt 0.671875 0.000000
vt 0.656250 0.437500
vt 0.656250 0.875000
vt 0.656250 0.375000
vt 0.656250 0.812500
vt 0.656250 0.312500
vt 0.656250 0.750000
vt 0.656250 0.250000
vt 0.656250 0.687500
vt 0.656250 0.187500
vt 0.656250 0.625000
vt 0.625000 0.312500
vt 0.625000 0.250000
vt 0.625000 0.750000
vt 0.625000 0.687500
vt 0.625000 0.187500
vt 0.625000 0.625000
vt 0.625000 0.125000
vt 0.625000 0.562500
vt 0.625000 0.062500
vt 0.625000 0.500000
vt 0.640625 1.000000
vt 0.625000 0.937500
vt 0.640625 0.000000
vt 0.625000 0.437500
vt 0.625000 0.875000
vt 0.625000 0.375000
vt 0.625000 0.812500
vt 0.609375 1.000000
vt 0.593750 0.937500
vt 0.609375 0.000000
vt 0.593750 0.062500
vt 0.593750 0.500000
vt 0.593750 0.437500
vt 0.593750 0.875000
vt 0.593750 0.375000
vt 0.593750 0.812500
vt 0.593750 0.312500
vt 0.593750 0.750000
vt 0.593750 0.250000
vt 0.593750 0.687500
vt 0.593750 0.187500
vt 0.593750 0.625000
vt 0.593750 0.125000
vt 0.593750 0.562500
vt 0.562500 0.750000
vt 0.562500 0.687500
vt 0.562500 0.250000
vt 0.562500 0.187500
vt 0.562500 0.625000
vt 0.562500 0.125000
vt 0.562500 0.562500
vt 0.562500 0.062500
vt 0.562500 0.500000
vt 0.578125 1.000000
vt 0.562500 0.937500
vt 0.578125 0.000000
vt 0.562500 0.437500
vt 0.562500 0.875000
vt 0.562500 0.375000
vt 0.562500 0.812500
vt 0.562500 0.312500
vt 0.531250 0.500000
vt 0.531250 0.437500
vt 0.531250 0.937500
vt 0.531250 0.875000
vt 0.531250 0.375000
vt 0.531250 0.812500
vt 0.531250 0.312500
vt 0.531250 0.750000
vt 0.531250 0.250000
vt 0.531250 0.687500
vt 0.531250 0.187500
vt 0.531250 0.625000
vt 0.531250 0.125000
vt 0.531250 0.562500
vt 0.531250 0.062500
vt 0.546875 1.000000
vt 0.546875 0.000000
vt 0.500000 0.250000
vt 0.500000 0.187500
vt 0.500000 0.687500
vt 0.500000 0.625000
vt 0.500000 0.125000
vt 0.500000 0.562500
vt 0.500000 0.062500
vt 0.500000 0.500000
vt 0.515625 1.000000
vt 0.500000 0.937500
vt 0.515625 0.000000
vt 0.500000 0.437500
vt 0.500000 0.875000
vt 0.500000 0.375000
vt 0.500000 0.812500
vt 0.500000 0.312500
vt 0.500000 0.750000
vt 0.468750 0.937500
vt 0.468750 0.875000
vt 0.468750 0.437500
vt 0.468750 0.375000
vt 0.468750 0.812500
vt 0.468750 0.312500
vt 0.468750 0.750000
vt 0.468750 0.250000
vt 0.468750 0.687500
vt 0.468750 0.187500
vt 0.468750 0.625000
vt 0.468750 0.125000
vt 0.468750 0.562500
vt 0.468750 0.062500
vt 0.468750 0.500000
vt 0.484375 1.000000
vt 0.484375 0.000000
vt 0.437500 0.687500
vt 0.437500 0.625000
vt 0.437500 0.187500
vt 0.437500 0.125000
vt 0.437500 0.562500
vt 0.437500 0.062500
vt 0.437500 0.500000
vt 0.453125 1.000000
vt 0.437500 0.937500
vt 0.453125 0.000000
vt 0.437500 0.437500
vt 0.437500 0.875000
vt 0.437500 0.375000
vt 0.437500 0.812500
vt 0.437500 0.312500
vt 0.437500 0.750000
vt 0.437500 0.250000
vt 0.406250 0.437500
vt 0.406250 0.375000
vt 0.406250 0.875000
vt 0.406250 0.812500
vt 0.406250 0.312500
vt 0.406250 0.750000
vt 0.406250 0.250000
vt 0.406250 0.687500
vt 0.406250 0.187500
vt 0.406250 0.625000
vt 0.406250 0.125000
vt 0.406250 0.562500
vt 0.406250 0.062500
vt 0.406250 0.500000
vt 0.421875 1.000000
vt 0.406250 0.937500
vt 0.421875 0.000000
vt 0.375000 0.187500
vt 0.375000 0.125000
vt 0.375000 0.625000
vt 0.375000 0.562500
vt 0.375000 0.062500
vt 0.375000 0.500000
vt 0.390625 1.000000
vt 0.375000 0.937500
vt 0.390625 0.000000
vt 0.375000 0.437500
vt 0.375000 0.875000
vt 0.375000 0.375000
vt 0.375000 0.812500
vt 0.375000 0.312500
vt 0.375000 0.750000
vt 0.375000 0.250000
vt 0.375000 0.687500
vt 0.343750 0.375000
vt 0.343750 0.312500
vt 0.343750 0.812500
vt 0.343750 0.750000
vt 0.343750 0.250000
vt 0.343750 0.687500
vt 0.343750 0.187500
vt 0.343750 0.625000
vt 0.343750 0.125000
vt 0.343750 0.562500
vt 0.343750 0.062500
vt 0.343750 0.500000
vt 0.359375 1.000000
vt 0.343750 0.937500
vt 0.359375 0.000000
vt 0.343750 0.437500
vt 0.343750 0.875000
vt 0.312500 0.125000
vt 0.312500 0.062500
vt 0.312500 0.562500
vt 0.312500 0.500000
vt 0.328125 1.000000
vt 0.312500 0.937500
vt 0.328125 0.000000
vt 0.312500 0.437500
vt 0.312500 0.875000
vt 0.312500 0.375000
vt 0.312500 0.812500
vt 0.312500 0.312500
vt 0.312500 0.750000
vt 0.312500 0.250000
vt 0.312500 0.687500
vt 0.312500 0.187500
vt 0.312500 0.625000
vt 0.281250 0.812500
vt 0.281250 0.750000
vt 0.281250 0.312500
vt 0.281250 0.250000
vt 0.281250 0.687500
vt 0.281250 0.187500
vt 0.281250 0.625000
vt 0.281250 0.125000
vt 0.281250 0.562500
vt 0.281250 0.062500
vt 0.281250 0.500000
vt 0.296875 1.000000
vt 0.281250 0.937500
vt 0.296875 0.000000
vt 0.281250 0.437500
vt 0.281250 0.875000
vt 0.281250 0.375000
vt 0.250000 0.562500
vt 0.250000 0.500000
vt 0.265625 1.000000
vt 0.250000 0.937500
vt 0.265625 0.000000
vt 0.250000 0.062500
vt 0.250000 0.437500
vt 0.250000 0.875000
vt 0.250000 0.375000
vt 0.250000 0.812500
vt 0.250000 0.312500
vt 0.250000 0.750000
vt 0.250000 0.250000
vt 0.250000 0.687500
vt 0.250000 0.187500
vt 0.250000 0.625000
vt 0.250000 0.125000
vt 0.218750 0.312500
vt 0.218750 0.250000
vt 0.218750 0.750000
vt 0.218750 0.687500
vt 0.218750 0.187500
vt 0.218750 0.625000
vt 0.218750 0.125000
vt 0.218750 0.562500
vt 0.218750 0.062500
vt 0.218750 0.500000
vt 0.234375 1.000000
vt 0.218750 0.937500
vt 0.234375 0.000000
vt 0.218750 0.437500
vt 0.218750 0.875000
vt 0.218750 0.375000
vt 0.218750 0.812500
vt 0.203125 1.000000
vt 0.187500 0.937500
vt 0.203125 0.000000
vt 0.187500 0.062500
vt 0.187500 0.500000
vt 0.187500 0.437500
vt 0.187500 0.875000
vt 0.187500 0.375000
vt 0.187500 0.812500
vt 0.187500 0.312500
vt 0.187500 0.750000
vt 0.187500 0.250000
vt 0.187500 0.687500
vt 0.187500 0.187500
vt 0.187500 0.625000
vt 0.187500 0.125000
vt 0.187500 0.562500
vt 0.156250 0.750000
vt 0.156250 0.687500
vt 0.156250 0.250000
vt 0.156250 0.187500
vt 0.156250 0.625000
vt 0.156250 0.125000
vt 0.156250 0.562500
vt 0.156250 0.062500
vt 0.156250 0.500000
vt 0.171875 1.000000
vt 0.156250 0.937500
vt 0.171875 0.000000
vt 0.156250 0.437500
vt 0.156250 0.875000
vt 0.156250 0.375000
vt 0.156250 0.812500
vt 0.156250 0.312500
vt 0.125000 0.500000
vt 0.125000 0.437500
vt 0.125000 0.937500
vt 0.125000 0.875000
vt 0.125000 0.375000
vt 0.125000 0.812500
vt 0.125000 0.312500
vt 0.125000 0.750000
vt 0.125000 0.250000
vt 0.125000 0.687500
vt 0.125000 0.187500
vt 0.125000 0.625000
vt 0.125000 0.125000
vt 0.125000 0.562500
vt 0.125000 0.062500
vt 0.140625 1.000000
vt 0.140625 0.000000
vt 0.093750 0.250000
vt 0.093750 0.187500
vt 0.093750 0.687500
vt 0.093750 0.625000
vt 0.093750 0.125000
vt 0.093750 0.562500
vt 0.093750 0.062500
vt 0.093750 0.500000
vt 0.109375 1.000000
vt 0.093750 0.937500
vt 0.109375 0.000000
vt 0.093750 0.437500
vt 0.093750 0.875000
vt 0.093750 0.375000
vt 0.093750 0.812500
vt 0.093750 0.312500
vt 0.093750 0.750000
vt 0.062500 0.437500
vt 0.062500 0.375000
vt 0.062500 0.875000
vt 0.062500 0.812500
vt 0.062500 0.312500
vt 0.062500 0.750000
vt 0.062500 0.250000
vt 0.062500 0.687500
vt 0.062500 0.187500
vt 0.062500 0.625000
vt 0.062500 0.125000
vt 0.062500 0.562500
vt 0.062500 0.062500
vt 0.062500 0.500000
vt 0.078125 1.000000
vt 0.062500 0.937500
vt 0.078125 0.000000
vt 0.031250 0.187500
vt 0.031250 0.125000
vt 0.031250 0.625000
vt 0.031250 0.562500
vt 0.031250 0.062500
vt 0.031250 0.500000
vt 0.046875 1.000000
vt 0.031250 0.937500
vt 0.046875 0.000000
vt 0.031250 0.437500
vt 0.031250 0.875000
vt 0.031250 0.375000
vt 0.031250 0.812500
vt 0.031250 0.312500
vt 0.031250 0.750000
vt 0.031250 0.250000
vt 0.031250 0.687500
vt 0.000000 0.875000
vt 0.000000 0.812500
vt 0.000000 0.375000
vt 0.000000 0.312500
vt 0.000000 0.750000
vt 0.000000 0.250000
vt 0.000000 0.687500
vt 0.000000 0.187500
vt 0.000000 0.625000
vt 0.000000 0.125000
vt 0.000000 0.562500
vt 0.000000 0.062500
vt 0.000000 0.500000
vt 0.015625 1.000000
vt 0.000000 0.937500
vt 0.015625 0.000000
vt 0.000000 0.437500
vt 1.000000 0.562500
vt 1.000000 0.625000
vt 0.968750 0.625000
vt 0.968750 0.562500
vt 1.000000 0.062500
vt 1.000000 0.125000
vt 0.968750 0.125000
vt 0.968750 0.062500
vt 1.000000 0.500000
vt 0.968750 0.500000
vt 1.000000 0.937500
vt 0.984375 1.000000
vt 0.968750 0.937500
vt 0.984375 0.000000
vt 1.000000 0.437500
vt 0.968750 0.437500
vt 1.000000 0.875000
vt 0.968750 0.875000
vt 1.000000 0.375000
vt 0.968750 0.375000
vt 1.000000 0.812500
vt 0.968750 0.812500
vt 1.000000 0.312500
vt 0.968750 0.312500
vt 1.000000 0.750000
vt 0.968750 0.750000
vt 1.000000 0.250000
vt 0.968750 0.250000
vt 1.000000 0.687500
vt 0.968750 0.687500
vt 1.000000 0.187500
vt 0.968750 0.187500
vt 0.937500 0.375000
vt 0.937500 0.312500
vt 0.937500 0.812500
vt 0.937500 0.750000
vt 0.937500 0.250000
vt 0.937500 0.687500
vt 0.937500 0.187500
vt 0.937500 0.625000
vt 0.937500 0.125000
vt 0.937500 0.562500
vt 0.937500 0.062500
vt 0.937500 0.500000
vt 0.953125 1.000000
vt 0.937500 0.937500
vt 0.953125 0.000000
vt 0.937500 0.437500
vt 0.937500 0.875000
vt 0.906250 0.125000
vt 0.906250 0.062500
vt 0.906250 0.562500
vt 0.906250 0.500000
vt 0.921875 1.000000
vt 0.906250 0.937500
vt 0.921875 0.000000
vt 0.906250 0.437500
vt 0.906250 0.875000
vt 0.906250 0.375000
vt 0.906250 0.812500
vt 0.906250 0.312500
vt 0.906250 0.750000
vt 0.906250 0.250000
vt 0.906250 0.687500
vt 0.906250 0.187500
vt 0.906250 0.625000
vt 0.875000 0.812500
vt 0.875000 0.750000
vt 0.875000 0.312500
vt 0.875000 0.250000
vt 0.875000 0.687500
vt 0.875000 0.187500
vt 0.875000 0.625000
vt 0.875000 0.125000
vt 0.875000 0.562500
vt 0.875000 0.062500
vt 0.875000 0.500000
vt 0.890625 1.000000
vt 0.875000 0.937500
vt 0.890625 0.000000
vt 0.875000 0.437500
vt 0.875000 0.875000
vt 0.875000 0.375000
vt 0.843750 0.562500
vt 0.843750 0.500000
vt 0.859375 1.000000
vt 0.843750 0.937500
vt 0.859375 0.000000
vt 0.843750 0.062500
vt 0.843750 0.437500
vt 0.843750 0.875000
vt 0.843750 0.375000
vt 0.843750 0.812500
vt 0.843750 0.312500
vt 0.843750 0.750000
vt 0.843750 0.250000
vt 0.843750 0.687500
vt 0.843750 0.187500
vt 0.843750 0.625000
vt 0.843750 0.125000
vt 0.812500 0.312500
vt 0.812500 0.250000
vt 0.812500 0.750000
vt 0.812500 0.687500
vt 0.812500 0.187500
vt 0.812500 0.625000
vt 0.812500 0.125000
vt 0.812500 0.562500
vt 0.812500 0.062500
vt 0.812500 0.500000
vt 0.828125 1.000000
vt 0.812500 0.937500
vt 0.828125 0.000000
vt 0.812500 0.437500
vt 0.812500 0.875000
vt 0.812500 0.375000
vt 0.812500 0.812500
vt 0.796875 0.000000
vt 0.781250 0.062500
vt 0.781250 0.500000
vt 0.781250 0.437500
vt 0.781250 0.937500
vt 0.781250 0.875000
vt 0.781250 0.375000
vt 0.781250 0.812500
vt 0.781250 0.312500
vt 0.781250 0.750000
vt 0.781250 0.250000
vt 0.781250 0.687500
vt 0.781250 0.187500
vt 0.781250 0.625000
vt 0.781250 0.125000
vt 0.781250 0.562500
vt 0.796875 1.000000
vt 0.765625 1.000000
vt 0.765625 0.000000
s 1
usemtl Negro_enemigo.006
f 99/116/101 572/117/574 108/118/110 109/119/111
f 576/120/578 575/121/577 116/122/118 117/123/119
f 573/124/575 99/116/101 109/119/111 110/125/112
f 577/126/579 576/120/578 117/123/119 118/127/120
f 100/128/102 573/124/575 110/125/112 111/129/113
f 578/130/580 577/126/579 118/127/120 119/131/121
f 101/132/103 100/128/102 111/129/113 112/133/114
f 570/134/572 97/135/99 105/136/107
f 104/137/106 578/130/580 119/131/121
f 102/138/104 101/132/103 112/133/114 113/139/115
f 571/140/573 570/134/572 105/136/107 106/141/108
f 574/142/576 102/138/104 113/139/115 114/143/116
f 98/144/100 571/140/573 106/141/108 107/145/109
f 103/146/105 574/142/576 114/143/116 115/147/117
f 572/117/574 98/144/100 107/145/109 108/118/110
f 575/121/577 103/146/105 115/147/117 116/122/118
f 115/147/117 114/143/116 129/148/131 130/149/132
f 108/118/110 107/145/109 122/150/124 123/151/125
f 116/122/118 115/147/117 130/149/132 131/152/133
f 109/119/111 108/118/110 123/151/125 124/153/126
f 117/123/119 116/122/118 131/152/133 132/154/134
f 110/125/112 109/119/111 124/153/126 125/155/127
f 118/127/120 117/123/119 132/154/134 133/156/135
f 111/129/113 110/125/112 125/155/127 126/157/128
f 119/131/121 118/127/120 133/156/135 134/158/136
f 112/133/114 111/129/113 126/157/128 127/159/129
f 105/136/107 97/160/99 120/161/122
f 104/162/106 119/131/121 134/158/136
f 113/139/115 112/133/114 127/159/129 128/163/130
f 106/141/108 105/136/107 120/161/122 121/164/123
f 114/143/116 113/139/115 128/163/130 129/148/131
f 107/145/109 106/141/108 121/164/123 122/150/124
f 134/158/136 133/156/135 148/165/150 149/166/151
f 127/159/129 126/157/128 141/167/143 142/168/144
f 120/161/122 97/169/99 135/170/137
f 104/171/106 134/158/136 149/166/151
f 128/163/130 127/159/129 142/168/144 143/172/145
f 121/164/123 120/161/122 135/170/137 136/173/138
f 129/148/131 128/163/130 143/172/145 144/174/146
f 122/150/124 121/164/123 136/173/138 137/175/139
f 130/149/132 129/148/131 144/174/146 145/176/147
f 123/151/125 122/150/124 137/175/139 138/177/140
f 131/152/133 130/149/132 145/176/147 146/178/148
f 124/153/126 123/151/125 138/177/140 139/179/141
f 132/154/134 131/152/133 146/178/148 147/180/149
f 125/155/127 124/153/126 139/179/141 140/181/142
f 133/156/135 132/154/134 147/180/149 148/165/150
f 126/157/128 125/155/127 140/181/142 141/167/143
f 146/178/148 145/176/147 160/182/162 161/183/163
f 139/179/141 138/177/140 153/184/155 154/185/156
f 147/180/149 146/178/148 161/183/163 162/186/164
f 140/181/142 139/179/141 154/185/156 155/187/157
f 148/165/150 147/180/149 162/186/164 163/188/165
f 141/167/143 140/181/142 155/187/157 156/189/158
f 149/166/151 148/165/150 163/188/165 164/190/166
f 142/168/144 141/167/143 156/189/158 157/191/159
f 135/170/137 97/192/99 150/193/152
f 104/194/106 149/166/151 164/190/166
f 143/172/145 142/168/144 157/191/159 158/195/160
f 136/173/138 135/170/137 150/193/152 151/196/153
f 144/174/146 143/172/145 158/195/160 159/197/161
f 137/175/139 136/173/138 151/196/153 152/198/154
f 145/176/147 144/174/146 159/197/161 160/182/162
f 138/177/140 137/175/139 152/198/154 153/184/155
f 150/193/152 97/199/99 165/200/167
f 104/201/106 164/190/166 179/202/181
f 158/195/160 157/191/159 172/203/174 173/204/175
f 151/196/153 150/193/152 165/200/167 166/205/168
f 159/197/161 158/195/160 173/204/175 174/206/176
f 152/198/154 151/196/153 166/205/168 167/207/169
f 160/182/162 159/197/161 174/206/176 175/208/177
f 153/184/155 152/198/154 167/207/169 168/209/170
f 161/183/163 160/182/162 175/208/177 176/210/178
f 154/185/156 153/184/155 168/209/170 169/211/171
f 162/186/164 161/183/163 176/210/178 177/212/179
f 155/187/157 154/185/156 169/211/171 170/213/172
f 163/188/165 162/186/164 177/212/179 178/214/180
f 156/189/158 155/187/157 170/213/172 171/215/173
f 164/190/166 163/188/165 178/214/180 179/202/181
f 157/191/159 156/189/158 171/215/173 172/203/174
f 169/211/171 168/209/170 183/216/185 184/217/186
f 177/212/179 176/210/178 191/218/193 192/219/194
f 170/213/172 169/211/171 184/217/186 185/220/187
f 178/214/180 177/212/179 192/219/194 193/221/195
f 171/215/173 170/213/172 185/220/187 186/222/188
f 179/202/181 178/214/180 193/221/195 194/223/196
f 172/203/174 171/215/173 186/222/188 187/224/189
f 165/200/167 97/225/99 180/226/182
f 104/227/106 179/202/181 194/223/196
f 173/204/175 172/203/174 187/224/189 188/228/190
f 166/205/168 165/200/167 180/226/182 181/229/183
f 174/206/176 173/204/175 188/228/190 189/230/191
f 167/207/169 166/205/168 181/229/183 182/231/184
f 175/208/177 174/206/176 189/230/191 190/232/192
f 168/209/170 167/207/169 182/231/184 183/216/185
f 176/210/178 175/208/177 190/232/192 191/218/193
f 188/228/190 187/224/189 202/233/204 203/234/205
f 181/229/183 180/226/182 195/235/197 196/236/198
f 189/230/191 188/228/190 203/234/205 204/237/206
f 182/231/184 181/229/183 196/236/198 197/238/199
f 190/232/192 189/230/191 204/237/206 205/239/207
f 183/216/185 182/231/184 197/238/199 198/240/200
f 191/218/193 190/232/192 205/239/207 206/241/208
f 184/217/186 183/216/185 198/240/200 199/242/201
f 192/219/194 191/218/193 206/241/208 207/243/209
f 185/220/187 184/217/186 199/242/201 200/244/202
f 193/221/195 192/219/194 207/243/209 208/245/210
f 186/222/188 185/220/187 200/244/202 201/246/203
f 194/223/196 193/221/195 208/245/210 209/247/211
f 187/224/189 186/222/188 201/246/203 202/233/204
f 180/226/182 97/248/99 195/235/197
f 104/249/106 194/223/196 209/247/211
f 207/243/209 206/241/208 221/250/223 222/251/224
f 200/244/202 199/242/201 214/252/216 215/253/217
f 208/245/210 207/243/209 222/251/224 223/254/225
f 201/246/203 200/244/202 215/253/217 216/255/218
f 209/247/211 208/245/210 223/254/225 224/256/226
f 202/233/204 201/246/203 216/255/218 217/257/219
f 195/235/197 97/258/99 210/259/212
f 104/260/106 209/247/211 224/256/226
f 203/234/205 202/233/204 217/257/219 218/261/220
f 196/236/198 195/235/197 210/259/212 211/262/213
f 204/237/206 203/234/205 218/261/220 219/263/221
f 197/238/199 196/236/198 211/262/213 212/264/214
f 205/239/207 204/237/206 219/263/221 220/265/222
f 198/240/200 197/238/199 212/264/214 213/266/215
f 206/241/208 205/239/207 220/265/222 221/250/223
f 199/242/201 198/240/200 213/266/215 214/252/216
f 211/262/213 210/259/212 225/267/227 226/268/228
f 219/263/221 218/261/220 233/269/235 234/270/236
f 212/264/214 211/262/213 226/268/228 227/271/229
f 220/265/222 219/263/221 234/270/236 235/272/237
f 213/266/215 212/264/214 227/271/229 228/273/230
f 221/250/223 220/265/222 235/272/237 236/274/238
f 214/252/216 213/266/215 228/273/230 229/275/231
f 222/251/224 221/250/223 236/274/238 237/276/239
f 215/253/217 214/252/216 229/275/231 230/277/232
f 223/254/225 222/251/224 237/276/239 238/278/240
f 216/255/218 215/253/217 230/277/232 231/279/233
f 224/256/226 223/254/225 238/278/240 239/280/241
f 217/257/219 216/255/218 231/279/233 232/281/234
f 210/259/212 97/282/99 225/267/227
f 104/283/106 224/256/226 239/280/241
f 218/261/220 217/257/219 232/281/234 233/269/235
f 230/277/232 229/275/231 244/284/246 245/285/247
f 238/278/240 237/276/239 252/286/254 253/287/255
f 231/279/233 230/277/232 245/285/247 246/288/248
f 239/280/241 238/278/240 253/287/255 254/289/256
f 232/281/234 231/279/233 246/288/248 247/290/249
f 225/267/227 97/291/99 240/292/242
f 104/293/106 239/280/241 254/289/256
f 233/269/235 232/281/234 247/290/249 248/294/250
f 226/268/228 225/267/227 240/292/242 241/295/243
f 234/270/236 233/269/235 248/294/250 249/296/251
f 227/271/229 226/268/228 241/295/243 242/297/244
f 235/272/237 234/270/236 249/296/251 250/298/252
f 228/273/230 227/271/229 242/297/244 243/299/245
f 236/274/238 235/272/237 250/298/252 251/300/253
f 229/275/231 228/273/230 243/299/245 244/284/246
f 237/276/239 236/274/238 251/300/253 252/286/254
f 249/296/251 248/294/250 263/301/265 264/302/266
f 242/297/244 241/295/243 256/303/258 257/304/259
f 250/298/252 249/296/251 264/302/266 265/305/267
f 243/299/245 242/297/244 257/304/259 258/306/260
f 251/300/253 250/298/252 265/305/267 266/307/268
f 244/284/246 243/299/245 258/306/260 259/308/261
f 252/286/254 251/300/253 266/307/268 267/309/269
f 245/285/247 244/284/246 259/308/261 260/310/262
f 253/287/255 252/286/254 267/309/269 268/311/270
f 246/288/248 245/285/247 260/310/262 261/312/263
f 254/289/256 253/287/255 268/311/270 269/313/271
f 247/290/249 246/288/248 261/312/263 262/314/264
f 240/292/242 97/315/99 255/316/257
f 104/317/106 254/289/256 269/313/271
f 248/294/250 247/290/249 262/314/264 263/301/265
f 241/295/243 240/292/242 255/316/257 256/303/258
f 268/311/270 267/309/269 282/318/284 283/319/285
f 261/312/263 260/310/262 275/320/277 276/321/278
f 269/313/271 268/311/270 283/319/285 284/322/286
f 262/314/264 261/312/263 276/321/278 277/323/279
f 255/316/257 97/324/99 270/325/272
f 104/326/106 269/313/271 284/322/286
f 263/301/265 262/314/264 277/323/279 278/327/280
f 256/303/258 255/316/257 270/325/272 271/328/273
f 264/302/266 263/301/265 278/327/280 279/329/281
f 257/304/259 256/303/258 271/328/273 272/330/274
f 265/305/267 264/302/266 279/329/281 280/331/282
f 258/306/260 257/304/259 272/330/274 273/332/275
f 266/307/268 265/305/267 280/331/282 281/333/283
f 259/308/261 258/306/260 273/332/275 274/334/276
f 267/309/269 266/307/268 281/333/283 282/318/284
f 260/310/262 259/308/261 274/334/276 275/320/277
f 280/331/282 279/329/281 294/335/296 295/336/297
f 273/332/275 272/330/274 287/337/289 288/338/290
f 281/333/283 280/331/282 295/336/297 296/339/298
f 274/334/276 273/332/275 288/338/290 289/340/291
f 282/318/284 281/333/283 296/339/298 297/341/299
f 275/320/277 274/334/276 289/340/291 290/342/292
f 283/319/285 282/318/284 297/341/299 298/343/300
f 276/321/278 275/320/277 290/342/292 291/344/293
f 284/322/286 283/319/285 298/343/300 299/345/301
f 277/323/279 276/321/278 291/344/293 292/346/294
f 270/325/272 97/347/99 285/348/287
f 104/349/106 284/322/286 299/345/301
f 278/327/280 277/323/279 292/346/294 293/350/295
f 271/328/273 270/325/272 285/348/287 286/351/288
f 279/329/281 278/327/280 293/350/295 294/335/296
f 272/330/274 271/328/273 286/351/288 287/337/289
f 299/345/301 298/343/300 313/352/315 314/353/316
f 292/346/294 291/344/293 306/354/308 307/355/309
f 285/348/287 97/356/99 300/357/302
f 104/358/106 299/345/301 314/353/316
f 293/350/295 292/346/294 307/355/309 308/359/310
f 286/351/288 285/348/287 300/357/302 301/360/303
f 294/335/296 293/350/295 308/359/310 309/361/311
f 287/337/289 286/351/288 301/360/303 302/362/304
f 295/336/297 294/335/296 309/361/311 310/363/312
f 288/338/290 287/337/289 302/362/304 303/364/305
f 296/339/298 295/336/297 310/363/312 311/365/313
f 289/340/291 288/338/290 303/364/305 304/366/306
f 297/341/299 296/339/298 311/365/313 312/367/314
f 290/342/292 289/340/291 304/366/306 305/368/307
f 298/343/300 297/341/299 312/367/314 313/352/315
f 291/344/293 290/342/292 305/368/307 306/354/308
f 303/364/305 302/362/304 317/369/319 318/370/320
f 311/365/313 310/363/312 325/371/327 326/372/328
f 304/366/306 303/364/305 318/370/320 319/373/321
f 312/367/314 311/365/313 326/372/328 327/374/329
f 305/368/307 304/366/306 319/373/321 320/375/322
f 313/352/315 312/367/314 327/374/329 328/376/330
f 306/354/308 305/368/307 320/375/322 321/377/323
f 314/353/316 313/352/315 328/376/330 329/378/331
f 307/355/309 306/354/308 321/377/323 322/379/324
f 300/357/302 97/380/99 315/381/317
f 104/382/106 314/353/316 329/378/331
f 308/359/310 307/355/309 322/379/324 323/383/325
f 301/360/303 300/357/302 315/381/317 316/384/318
f 309/361/311 308/359/310 323/383/325 324/385/326
f 302/362/304 301/360/303 316/384/318 317/369/319
f 310/363/312 309/361/311 324/385/326 325/371/327
f 322/379/324 321/377/323 336/386/338 337/387/339
f 315/381/317 97/388/99 330/389/332
f 104/390/106 329/378/331 344/391/346
f 323/383/325 322/379/324 337/387/339 338/392/340
f 316/384/318 315/381/317 330/389/332 331/393/333
f 324/385/326 323/383/325 338/392/340 339/394/341
f 317/369/319 316/384/318 331/393/333 332/395/334
f 325/371/327 324/385/326 339/394/341 340/396/342
f 318/370/320 317/369/319 332/395/334 333/397/335
f 326/372/328 325/371/327 340/396/342 341/398/343
f 319/373/321 318/370/320 333/397/335 334/399/336
f 327/374/329 326/372/328 341/398/343 342/400/344
f 320/375/322 319/373/321 334/399/336 335/401/337
f 328/376/330 327/374/329 342/400/344 343/402/345
f 321/377/323 320/375/322 335/401/337 336/386/338
f 329/378/331 328/376/330 343/402/345 344/391/346
f 341/398/343 340/396/342 355/403/357 356/404/358
f 334/399/336 333/397/335 348/405/350 349/406/351
f 342/400/344 341/398/343 356/404/358 357/407/359
f 335/401/337 334/399/336 349/406/351 350/408/352
f 343/402/345 342/400/344 357/407/359 358/409/360
f 336/386/338 335/401/337 350/408/352 351/410/353
f 344/391/346 343/402/345 358/409/360 359/411/361
f 337/387/339 336/386/338 351/410/353 352/412/354
f 330/389/332 97/413/99 345/414/347
f 104/415/106 344/391/346 359/411/361
f 338/392/340 337/387/339 352/412/354 353/416/355
f 331/393/333 330/389/332 345/414/347 346/417/348
f 339/394/341 338/392/340 353/416/355 354/418/356
f 332/395/334 331/393/333 346/417/348 347/419/349
f 340/396/342 339/394/341 354/418/356 355/403/357
f 333/397/335 332/395/334 347/419/349 348/405/350
f 345/414/347 97/420/99 360/421/362
f 104/422/106 359/411/361 374/423/376
f 353/416/355 352/412/354 367/424/369 368/425/370
f 346/417/348 345/414/347 360/421/362 361/426/363
f 354/418/356 353/416/355 368/425/370 369/427/371
f 347/419/349 346/417/348 361/426/363 362/428/364
f 355/403/357 354/418/356 369/427/371 370/429/372
f 348/405/350 347/419/349 362/428/364 363/430/365
f 356/404/358 355/403/357 370/429/372 371/431/373
f 349/406/351 348/405/350 363/430/365 364/432/366
f 357/407/359 356/404/358 371/431/373 372/433/374
f 350/408/352 349/406/351 364/432/366 365/434/367
f 358/409/360 357/407/359 372/433/374 373/435/375
f 351/410/353 350/408/352 365/434/367 366/436/368
f 359/411/361 358/409/360 373/435/375 374/423/376
f 352/412/354 351/410/353 366/436/368 367/424/369
f 364/432/366 363/430/365 378/437/380 379/438/381
f 372/433/374 371/431/373 386/439/388 387/440/389
f 365/434/367 364/432/366 379/438/381 380/441/382
f 373/435/375 372/433/374 387/440/389 388/442/390
f 366/436/368 365/434/367 380/441/382 381/443/383
f 374/423/376 373/435/375 388/442/390 389/444/391
f 367/424/369 366/436/368 381/443/383 382/445/384
f 360/421/362 97/446/99 375/447/377
f 104/448/106 374/423/376 389/444/391
f 368/425/370 367/424/369 382/445/384 383/449/385
f 361/426/363 360/421/362 375/447/377 376/450/378
f 369/427/371 368/425/370 383/449/385 384/451/386
f 362/428/364 361/426/363 376/450/378 377/452/379
f 370/429/372 369/427/371 384/451/386 385/453/387
f 363/430/365 362/428/364 377/452/379 378/437/380
f 371/431/373 370/429/372 385/453/387 386/439/388
f 383/449/385 382/445/384 397/454/399 398/455/400
f 376/450/378 375/447/377 390/456/392 391/457/393
f 384/451/386 383/449/385 398/455/400 399/458/401
f 377/452/379 376/450/378 391/457/393 392/459/394
f 385/453/387 384/451/386 399/458/401 400/460/402
f 378/437/380 377/452/379 392/459/394 393/461/395
f 386/439/388 385/453/387 400/460/402 401/462/403
f 379/438/381 378/437/380 393/461/395 394/463/396
f 387/440/389 386/439/388 401/462/403 402/464/404
f 380/441/382 379/438/381 394/463/396 395/465/397
f 388/442/390 387/440/389 402/464/404 403/466/405
f 381/443/383 380/441/382 395/465/397 396/467/398
f 389/444/391 388/442/390 403/466/405 404/468/406
f 382/445/384 381/443/383 396/467/398 397/454/399
f 375/447/377 97/469/99 390/456/392
f 104/470/106 389/444/391 404/468/406
f 402/464/404 401/462/403 416/471/418 417/472/419
f 395/465/397 394/463/396 409/473/411 410/474/412
f 403/466/405 402/464/404 417/472/419 418/475/420
f 396/467/398 395/465/397 410/474/412 411/476/413
f 404/468/406 403/466/405 418/475/420 419/477/421
f 397/454/399 396/467/398 411/476/413 412/478/414
f 390/456/392 97/479/99 405/480/407
f 104/481/106 404/468/406 419/477/421
f 398/455/400 397/454/399 412/478/414 413/482/415
f 391/457/393 390/456/392 405/480/407 406/483/408
f 399/458/401 398/455/400 413/482/415 414/484/416
f 392/459/394 391/457/393 406/483/408 407/485/409
f 400/460/402 399/458/401 414/484/416 415/486/417
f 393/461/395 392/459/394 407/485/409 408/487/410
f 401/462/403 400/460/402 415/486/417 416/471/418
f 394/463/396 393/461/395 408/487/410 409/473/411
f 414/484/416 413/482/415 428/488/430 429/489/431
f 407/485/409 406/483/408 421/490/423 422/491/424
f 415/486/417 414/484/416 429/489/431 430/492/432
f 408/487/410 407/485/409 422/491/424 423/493/425
f 416/471/418 415/486/417 430/492/432 431/494/433
f 409/473/411 408/487/410 423/493/425 424/495/426
f 417/472/419 416/471/418 431/494/433 432/496/434
f 410/474/412 409/473/411 424/495/426 425/497/427
f 418/475/420 417/472/419 432/496/434 433/498/435
f 411/476/413 410/474/412 425/497/427 426/499/428
f 419/477/421 418/475/420 433/498/435 434/500/436
f 412/478/414 411/476/413 426/499/428 427/501/429
f 405/480/407 97/502/99 420/503/422
f 104/504/106 419/477/421 434/500/436
f 413/482/415 412/478/414 427/501/429 428/488/430
f 406/483/408 405/480/407 420/503/422 421/490/423
f 433/498/435 432/496/434 447/505/449 448/506/450
f 426/499/428 425/497/427 440/507/442 441/508/443
f 434/500/436 433/498/435 448/506/450 449/509/451
f 427/501/429 426/499/428 441/508/443 442/510/444
f 420/503/422 97/511/99 435/512/437
f 104/513/106 434/500/436 449/509/451
f 428/488/430 427/501/429 442/510/444 443/514/445
f 421/490/423 420/503/422 435/512/437 436/515/438
f 429/489/431 428/488/430 443/514/445 444/516/446
f 422/491/424 421/490/423 436/515/438 437/517/439
f 430/492/432 429/489/431 444/516/446 445/518/447
f 423/493/425 422/491/424 437/517/439 438/519/440
f 431/494/433 430/492/432 445/518/447 446/520/448
f 424/495/426 423/493/425 438/519/440 439/521/441
f 432/496/434 431/494/433 446/520/448 447/505/449
f 425/497/427 424/495/426 439/521/441 440/507/442
f 437/517/439 436/515/438 451/522/453 452/523/454
f 445/518/447 444/516/446 459/524/461 460/525/462
f 438/519/440 437/517/439 452/523/454 453/526/455
f 446/520/448 445/518/447 460/525/462 461/527/463
f 439/521/441 438/519/440 453/526/455 454/528/456
f 447/505/449 446/520/448 461/527/463 462/529/464
f 440/507/442 439/521/441 454/528/456 455/530/457
f 448/506/450 447/505/449 462/529/464 463/531/465
f 441/508/443 440/507/442 455/530/457 456/532/458
f 449/509/451 448/506/450 463/531/465 464/533/466
f 442/510/444 441/508/443 456/532/458 457/534/459
f 435/512/437 97/535/99 450/536/452
f 104/537/106 449/509/451 464/533/466
f 443/514/445 442/510/444 457/534/459 458/538/460
f 436/515/438 435/512/437 450/536/452 451/522/453
f 444/516/446 443/514/445 458/538/460 459/524/461
f 456/539/458 455/540/457 470/541/472 471/542/473
f 464/543/466 463/544/465 478/545/480 479/546/481
f 457/547/459 456/539/458 471/542/473 472/548/474
f 450/549/452 97/550/99 465/551/467
f 104/552/106 464/543/466 479/546/481
f 458/553/460 457/547/459 472/548/474 473/554/475
f 451/555/453 450/549/452 465/551/467 466/556/468
f 459/557/461 458/553/460 473/554/475 474/558/476
f 452/559/454 451/555/453 466/556/468 467/560/469
f 460/561/462 459/557/461 474/558/476 475/562/477
f 453/563/455 452/559/454 467/560/469 468/564/470
f 461/565/463 460/561/462 475/562/477 476/566/478
f 454/567/456 453/563/455 468/564/470 469/568/471
f 462/569/464 461/565/463 476/566/478 477/570/479
f 455/540/457 454/567/456 469/568/471 470/541/472
f 463/544/465 462/569/464 477/570/479 478/545/480
f 475/562/477 474/558/476 489/571/491 490/572/492
f 468/564/470 467/560/469 482/573/484 483/574/485
f 476/566/478 475/562/477 490/572/492 491/575/493
f 469/568/471 468/564/470 483/574/485 484/576/486
f 477/570/479 476/566/478 491/575/493 492/577/494
f 470/541/472 469/568/471 484/576/486 485/578/487
f 478/545/480 477/570/479 492/577/494 493/579/495
f 471/542/473 470/541/472 485/578/487 486/580/488
f 479/546/481 478/545/480 493/579/495 494/581/496
f 472/548/474 471/542/473 486/580/488 487/582/489
f 465/551/467 97/583/99 480/584/482
f 104/585/106 479/546/481 494/581/496
f 473/554/475 472/548/474 487/582/489 488/586/490
f 466/556/468 465/551/467 480/584/482 481/587/483
f 474/558/476 473/554/475 488/586/490 489/571/491
f 467/560/469 466/556/468 481/587/483 482/573/484
f 494/581/496 493/579/495 508/588/510 509/589/511
f 487/582/489 486/580/488 501/590/503 502/591/504
f 480/584/482 97/592/99 495/593/497
f 104/594/106 494/581/496 509/589/511
f 488/586/490 487/582/489 502/591/504 503/595/505
f 481/587/483 480/584/482 495/593/497 496/596/498
f 489/571/491 488/586/490 503/595/505 504/597/506
f 482/573/484 481/587/483 496/596/498 497/598/499
f 490/572/492 489/571/491 504/597/506 505/599/507
f 483/574/485 482/573/484 497/598/499 498/600/500
f 491/575/493 490/572/492 505/599/507 506/601/508
f 484/576/486 483/574/485 498/600/500 499/602/501
f 492/577/494 491/575/493 506/601/508 507/603/509
f 485/578/487 484/576/486 499/602/501 500/604/502
f 493/579/495 492/577/494 507/603/509 508/588/510
f 486/580/488 485/578/487 500/604/502 501/590/503
f 498/600/500 497/598/499 512/605/514 513/606/515
f 506/601/508 505/599/507 520/607/522 521/608/523
f 499/602/501 498/600/500 513/606/515 514/609/516
f 507/603/509 506/601/508 521/608/523 522/610/524
f 500/604/502 499/602/501 514/609/516 515/611/517
f 508/588/510 507/603/509 522/610/524 523/612/525
f 501/590/503 500/604/502 515/611/517 516/613/518
f 509/589/511 508/588/510 523/612/525 524/614/526
f 502/591/504 501/590/503 516/613/518 517/615/519
f 495/593/497 97/616/99 510/617/512
f 104/618/106 509/589/511 524/614/526
f 503/595/505 502/591/504 517/615/519 518/619/520
f 496/596/498 495/593/497 510/617/512 511/620/513
f 504/597/506 503/595/505 518/619/520 519/621/521
f 497/598/499 496/596/498 511/620/513 512/605/514
f 505/599/507 504/597/506 519/621/521 520/607/522
f 517/615/519 516/613/518 531/622/533 532/623/534
f 510/617/512 97/624/99 525/625/527
f 104/626/106 524/614/526 539/627/541
f 518/619/520 517/615/519 532/623/534 533/628/535
f 511/620/513 510/617/512 525/625/527 526/629/528
f 519/621/521 518/619/520 533/628/535 534/630/536
f 512/605/514 511/620/513 526/629/528 527/631/529
f 520/607/522 519/621/521 534/630/536 535/632/537
f 513/606/515 512/605/514 527/631/529 528/633/530
f 521/608/523 520/607/522 535/632/537 536/634/538
f 514/609/516 513/606/515 528/633/530 529/635/531
f 522/610/524 521/608/523 536/634/538 537/636/539
f 515/611/517 514/609/516 529/635/531 530/637/532
f 523/612/525 522/610/524 537/636/539 538/638/540
f 516/613/518 515/611/517 530/637/532 531/622/533
f 524/614/526 523/612/525 538/638/540 539/627/541
f 536/634/538 535/632/537 550/639/552 551/640/553
f 529/635/531 528/633/530 543/641/545 544/642/546
f 537/636/539 536/634/538 551/640/553 552/643/554
f 530/637/532 529/635/531 544/642/546 545/644/547
f 538/638/540 537/636/539 552/643/554 553/645/555
f 531/622/533 530/637/532 545/644/547 546/646/548
f 539/627/541 538/638/540 553/645/555 554/647/556
f 532/623/534 531/622/533 546/646/548 547/648/549
f 525/625/527 97/649/99 540/650/542
f 104/651/106 539/627/541 554/647/556
f 533/628/535 532/623/534 547/648/549 548/652/550
f 526/629/528 525/625/527 540/650/542 541/653/543
f 534/630/536 533/628/535 548/652/550 549/654/551
f 527/631/529 526/629/528 541/653/543 542/655/544
f 535/632/537 534/630/536 549/654/551 550/639/552
f 528/633/530 527/631/529 542/655/544 543/641/545
f 104/656/106 554/647/556 569/657/571
f 548/652/550 547/648/549 562/658/564 563/659/565
f 541/653/543 540/650/542 555/660/557 556/661/558
f 549/654/551 548/652/550 563/659/565 564/662/566
f 542/655/544 541/653/543 556/661/558 557/663/559
f 550/639/552 549/654/551 564/662/566 565/664/567
f 543/641/545 542/655/544 557/663/559 558/665/560
f 551/640/553 550/639/552 565/664/567 566/666/568
f 544/642/546 543/641/545 558/665/560 559/667/561
f 552/643/554 551/640/553 566/666/568 567/668/569
f 545/644/547 544/642/546 559/667/561 560/669/562
f 553/645/555 552/643/554 567/668/569 568/670/570
f 546/646/548 545/644/547 560/669/562 561/671/563
f 554/647/556 553/645/555 568/670/570 569/657/571
f 547/648/549 546/646/548 561/671/563 562/658/564
f 540/650/542 97/672/99 555/660/557
f 567/668/569 566/666/568 575/121/577 576/120/578
f 560/669/562 559/667/561 99/116/101 573/124/575
f 568/670/570 567/668/569 576/120/578 577/126/579
f 561/671/563 560/669/562 573/124/575 100/128/102
f 569/657/571 568/670/570 577/126/579 578/130/580
f 562/658/564 561/671/563 100/128/102 101/132/103
f 555/660/557 97/673/99 570/134/572
f 104/674/106 569/657/571 578/130/580
f 563/659/565 562/658/564 101/132/103 102/138/104
f 556/661/558 555/660/557 570/134/572 571/140/573
f 564/662/566 563/659/565 102/138/104 574/142/576
f 557/663/559 556/661/558 571/140/573 98/144/100
f 565/664/567 564/662/566 574/142/576 103/146/105
f 558/665/560 557/663/559 98/144/100 572/117/574
f 566/666/568 565/664/567 103/146/105 575/121/577
f 559/667/561 558/665/560 572/117/574 99/116/101
o Cuello
v -0.140000 5.450000 0.120000
v -0.140000 5.530000 0.200000
v -0.220000 5.530000 0.120000
v -0.140000 5.460688 0.159948
v -0.179948 5.460688 0.120000
v -0.178257 5.471069 0.158257
v -0.179948 5.530000 0.189312
v -0.140000 5.490053 0.189312
v -0.178257 5.491743 0.178931
v -0.209312 5.490053 0.120000
v -0.209312 5.530000 0.159948
v -0.198931 5.491743 0.158257
v -0.140000 5.730000 0.200000
v -0.140000 5.810000 0.120000
v -0.220000 5.730000 0.120000
v -0.140000 5.769948 0.189312
v -0.179948 5.730000 0.189312
v -0.178257 5.768257 0.178931
v -0.179947 5.799313 0.120000
v -0.140000 5.799313 0.159948
v -0.178257 5.788931 0.158257
v -0.209312 5.730000 0.159948
v -0.209312 5.769948 0.120000
v -0.198931 5.768257 0.158257
v -0.140000 5.450000 -0.120000
v -0.220000 5.530000 -0.120000
v -0.140000 5.530000 -0.200000
v -0.179948 5.460688 -0.120000
v -0.140000 5.460688 -0.159948
v -0.178257 5.471069 -0.158257
v -0.209312 5.530000 -0.159948
v -0.209312 5.490053 -0.120000
v -0.198931 5.491743 -0.158257
v -0.140000 5.490053 -0.189312
v -0.179948 5.530000 -0.189312
v -0.178257 5.491743 -0.178931
v -0.140000 5.810000 -0.120000
v -0.140000 5.730000 -0.200000
v -0.220000 5.730000 -0.120000
v -0.140000 5.799313 -0.159948
v -0.179948 5.799313 -0.120000
v -0.178257 5.788931 -0.158257
v -0.179948 5.730000 -0.189312
v -0.140000 5.769948 -0.189312
v -0.178257 5.768257 -0.178931
v -0.209312 5.769948 -0.120000
v -0.209312 5.730000 -0.159948
v -0.198931 5.768257 -0.158257
v 0.140000 5.450000 0.120000
v 0.220000 5.530000 0.120000
v 0.140000 5.530000 0.200000
v 0.179948 5.460688 0.120000
v 0.140000 5.460688 0.159948
v 0.178257 5.471069 0.158257
v 0.209312 5.530000 0.159948
v 0.209312 5.490053 0.120000
v 0.198931 5.491743 0.158257
v 0.140000 5.490053 0.189312
v 0.179948 5.530000 0.189312
v 0.178257 5.491743 0.178931
v 0.140000 5.810000 0.120000
v 0.140000 5.730000 0.200000
v 0.220000 5.730000 0.120000
v 0.140000 5.799313 0.159948
v 0.179948 5.799313 0.120000
v 0.178257 5.788931 0.158257
v 0.179948 5.730000 0.189312
v 0.140000 5.769948 0.189312
v 0.178257 5.768257 0.178931
v 0.209312 5.769948 0.120000
v 0.209312 5.730000 0.159948
v 0.198931 5.768257 0.158257
v 0.140000 5.450000 -0.120000
v 0.140000 5.530000 -0.200000
v 0.220000 5.530000 -0.120000
v 0.140000 5.460688 -0.159948
v 0.179948 5.460688 -0.120000
v 0.178257 5.471069 -0.158257
v 0.179948 5.530000 -0.189312
v 0.140000 5.490053 -0.189312
v 0.178257 5.491743 -0.178931
v 0.209312 5.490053 -0.120000
v 0.209312 5.530000 -0.159948
v 0.198931 5.491743 -0.158257
v 0.140000 5.810000 -0.120000
v 0.220000 5.730000 -0.120000
v 0.140000 5.730000 -0.200000
v 0.179948 5.799313 -0.120000
v 0.140000 5.799313 -0.159948
v 0.178257 5.788931 -0.158257
v 0.209312 5.730000 -0.159948
v 0.209312 5.769948 -0.120000
v 0.198931 5.768257 -0.158257
v 0.140000 5.769948 -0.189312
v 0.179948 5.730000 -0.189312
v 0.178257 5.768257 -0.178931
vn -0.2566 -0.9318 0.2566
vn -0.2178 -0.6901 0.6901
vn -0.2566 -0.2566 0.9318
vn -0.6901 -0.2178 0.6901
vn -0.9318 -0.2566 0.2566
vn -0.6901 -0.6901 0.2178
vn -0.5774 -0.5774 0.5774
vn -0.2566 0.2566 0.9318
vn -0.2178 0.6901 0.6901
vn -0.2566 0.9318 0.2566
vn -0.6901 0.6901 0.2178
vn -0.9318 0.2566 0.2566
vn -0.6901 0.2178 0.6901
vn -0.5774 0.5774 0.5774
vn -0.2566 -0.9318 -0.2566
vn -0.6901 -0.6901 -0.2178
vn -0.9318 -0.2566 -0.2566
vn -0.6901 -0.2178 -0.6901
vn -0.2566 -0.2566 -0.9318
vn -0.2178 -0.6901 -0.6901
vn -0.5773 -0.5774 -0.5774
vn -0.2566 0.9318 -0.2566
vn -0.2178 0.6901 -0.6901
vn -0.2566 0.2566 -0.9318
vn -0.6901 0.2178 -0.6901
vn -0.9318 0.2566 -0.2566
vn -0.6901 0.6901 -0.2178
vn -0.5774 0.5774 -0.5774
vn 0.2566 -0.9318 0.2566
vn 0.6901 -0.6901 0.2178
vn 0.9318 -0.2566 0.2566
vn 0.6901 -0.2178 0.6901
vn 0.2566 -0.2566 0.9318
vn 0.2178 -0.6901 0.6901
vn 0.5773 -0.5774 0.5774
vn 0.2566 0.9318 0.2566
vn 0.2178 0.6901 0.6901
vn 0.2566 0.2566 0.9318
vn 0.6901 0.2178 0.6901
vn 0.9318 0.2566 0.2566
vn 0.6901 0.6901 0.2178
vn 0.5774 0.5774 0.5774
vn 0.2566 -0.9318 -0.2566
vn 0.2178 -0.6901 -0.6901
vn 0.2566 -0.2566 -0.9318
vn 0.6901 -0.2178 -0.6901
vn 0.9318 -0.2566 -0.2566
vn 0.6901 -0.6901 -0.2178
vn 0.5774 -0.5774 -0.5774
vn 0.2566 0.9318 -0.2566
vn 0.6901 0.6901 -0.2178
vn 0.9318 0.2566 -0.2566
vn 0.6901 0.2178 -0.6901
vn 0.2566 0.2566 -0.9318
vn 0.2178 0.6901 -0.6901
vn 0.5773 0.5774 -0.5774
vn -0.2585 -0.9660 -0.0000
vn -0.7071 -0.7071 -0.0000
vn -0.9660 -0.2585 -0.0000
vn -0.2585 -0.0000 0.9660
vn -0.7071 -0.0000 0.7071
vn -0.9660 -0.0000 0.2585
vn -0.2585 0.9660 -0.0000
vn -0.7071 0.7071 -0.0000
vn -0.9660 0.2585 -0.0000
vn -0.2585 -0.0000 -0.9660
vn -0.7071 -0.0000 -0.7071
vn -0.9660 -0.0000 -0.2585
vn -0.0000 -0.9660 -0.2585
vn -0.0000 -0.7071 -0.7071
vn -0.0000 -0.2585 -0.9660
vn -0.0000 0.9660 -0.2585
vn -0.0000 0.7071 -0.7071
vn -0.0000 0.2585 -0.9660
vn 0.9660 -0.0000 -0.2585
vn 0.7071 -0.0000 -0.7071
vn 0.2585 -0.0000 -0.9660
vn 0.2585 -0.9660 -0.0000
vn 0.7071 -0.7071 -0.0000
vn 0.9660 -0.2585 -0.0000
vn 0.2585 0.9660 -0.0000
vn 0.7071 0.7071 -0.0000
vn 0.9660 0.2585 -0.0000
vn 0.2585 -0.0000 0.9660
vn 0.7071 -0.0000 0.7071
vn 0.9660 -0.0000 0.2585
vn -0.0000 -0.9660 0.2585
vn -0.0000 -0.7071 0.7071
vn -0.0000 -0.2585 0.9660
vn -0.0000 0.9660 0.2585
vn -0.0000 0.7071 0.7071
vn -0.0000 0.2585 0.9660
vn -0.0000 -1.0000 -0.0000
vn -1.0000 -0.0000 -0.0000
vn -0.0000 -0.0000 1.0000
vn -0.0000 1.0000 -0.0000
vn -0.0000 -0.0000 -1.0000
vn 1.0000 -0.0000 -0.0000
vt 0.170455 0.700000
vt 0.170455 0.724967
vt 0.148718 0.723911
vt 0.147757 0.700000
vt 0.170455 0.750000
vt 0.148718 0.750000
vt 0.430556 0.954545
vt 0.430556 1.000000
vt 0.375000 0.976282
vt 0.375000 0.954545
vt 0.430556 0.000000
vt 0.430556 0.025033
vt 0.375000 0.026089
vt 0.375000 0.000000
vt 0.430556 0.050000
vt 0.375000 0.050000
vt 0.125000 0.700000
vt 0.125000 0.723911
vt 0.569444 0.954545
vt 0.597186 0.954545
vt 0.596012 1.000000
vt 0.569444 1.000000
vt 0.625000 0.954545
vt 0.625000 1.000000
vt 0.829545 0.700000
vt 0.875000 0.700000
vt 0.875000 0.723911
vt 0.829545 0.750000
vt 0.625000 0.050000
vt 0.597186 0.050000
vt 0.596012 0.026089
vt 0.625000 0.026089
vt 0.569444 0.050000
vt 0.569444 0.025033
vt 0.569444 0.000000
vt 0.596012 0.000000
vt 0.170455 0.550000
vt 0.147757 0.550000
vt 0.148718 0.526089
vt 0.170455 0.525033
vt 0.125000 0.550000
vt 0.125000 0.526089
vt 0.430556 0.200000
vt 0.430556 0.224967
vt 0.375000 0.223911
vt 0.375000 0.200000
vt 0.430556 0.272757
vt 0.375000 0.273718
vt 0.430556 0.295455
vt 0.375000 0.295455
vt 0.170455 0.500000
vt 0.148718 0.500000
vt 0.829545 0.550000
vt 0.829545 0.500000
vt 0.875000 0.526089
vt 0.875000 0.550000
vt 0.625000 0.295455
vt 0.597186 0.295455
vt 0.596012 0.264496
vt 0.625000 0.232607
vt 0.569444 0.295455
vt 0.569444 0.272757
vt 0.569444 0.224967
vt 0.596012 0.223911
vt 0.569444 0.200000
vt 0.597186 0.200000
vt 0.625000 0.200000
vt 0.329545 0.700000
vt 0.352243 0.700000
vt 0.351282 0.723911
vt 0.329545 0.724967
vt 0.402814 0.700000
vt 0.393748 0.723911
vt 0.430556 0.700000
vt 0.430556 0.724967
vt 0.430556 0.772757
vt 0.363141 0.761859
vt 0.430556 0.795455
vt 0.352273 0.772727
vt 0.670455 0.700000
vt 0.647727 0.772727
vt 0.636859 0.761859
vt 0.647757 0.700000
vt 0.597186 0.795455
vt 0.596012 0.773718
vt 0.569444 0.795455
vt 0.569444 0.772757
vt 0.569444 0.724967
vt 0.596012 0.733426
vt 0.569444 0.700000
vt 0.597186 0.700000
vt 0.329545 0.550000
vt 0.329545 0.525033
vt 0.351282 0.526089
vt 0.352243 0.550000
vt 0.352273 0.477273
vt 0.363141 0.488141
vt 0.430556 0.454545
vt 0.430556 0.477243
vt 0.430556 0.525033
vt 0.393748 0.526089
vt 0.430556 0.550000
vt 0.402814 0.550000
vt 0.670455 0.550000
vt 0.647757 0.550000
vt 0.636859 0.488141
vt 0.647727 0.477273
vt 0.597186 0.550000
vt 0.596012 0.516574
vt 0.569444 0.550000
vt 0.569444 0.525033
vt 0.569444 0.477243
vt 0.596012 0.476282
vt 0.569444 0.454545
vt 0.597186 0.454545
s 0
usemtl Negro_enemigo.006
f 579/675/581 582/676/581 584/677/581 583/678/581
f 582/676/582 586/679/582 587/680/582 584/677/582
f 580/681/583 585/682/583 587/683/583 586/684/583
f 585/685/584 589/686/584 590/687/584 587/688/584
f 581/689/585 588/690/585 590/687/585 589/686/585
f 588/691/586 583/678/586 584/677/586 590/692/586
f 584/677/587 587/680/587 590/692/587
f 591/693/588 594/694/588 596/695/588 595/696/588
f 594/694/589 598/697/589 599/698/589 596/695/589
f 592/699/590 597/700/590 599/701/590 598/702/590
f 597/703/591 601/704/591 602/705/591 599/706/591
f 593/707/592 600/708/592 602/705/592 601/704/592
f 600/708/593 595/709/593 596/710/593 602/705/593
f 596/710/594 599/706/594 602/705/594
f 603/711/595 606/712/595 608/713/595 607/714/595
f 606/712/596 610/715/596 611/716/596 608/713/596
f 604/717/597 609/718/597 611/719/597 610/720/597
f 609/718/598 613/721/598 614/722/598 611/719/598
f 605/723/599 612/724/599 614/722/599 613/721/599
f 612/725/600 607/714/600 608/713/600 614/726/600
f 608/713/601 611/716/601 614/726/601
f 615/727/602 618/728/602 620/729/602 619/730/602
f 618/731/603 622/732/603 623/733/603 620/734/603
f 616/735/604 621/736/604 623/733/604 622/732/604
f 621/736/605 625/737/605 626/738/605 623/733/605
f 617/739/606 624/740/606 626/738/606 625/737/606
f 624/740/607 619/741/607 620/734/607 626/738/607
f 620/734/608 623/733/608 626/738/608
f 627/742/609 630/743/609 632/744/609 631/745/609
f 630/743/610 634/746/610 635/747/610 632/744/610
f 628/748/611 633/749/611 635/747/611 634/746/611
f 633/749/612 637/750/612 638/751/612 635/747/612
f 629/752/613 636/753/613 638/751/613 637/750/613
f 636/753/614 631/745/614 632/744/614 638/751/614
f 632/744/615 635/747/615 638/751/615
f 639/754/616 642/755/616 644/756/616 643/757/616
f 642/755/617 646/758/617 647/759/617 644/756/617
f 640/760/618 645/761/618 647/759/618 646/758/618
f 645/761/619 649/762/619 650/763/619 647/759/619
f 641/764/620 648/765/620 650/763/620 649/762/620
f 648/765/621 643/757/621 644/756/621 650/763/621
f 644/756/622 647/759/622 650/763/622
f 651/766/623 654/767/623 656/768/623 655/769/623
f 654/767/624 658/770/624 659/771/624 656/768/624
f 652/772/625 657/773/625 659/771/625 658/770/625
f 657/773/626 661/774/626 662/775/626 659/771/626
f 653/776/627 660/777/627 662/775/627 661/774/627
f 660/777/628 655/769/628 656/768/628 662/775/628
f 656/768/629 659/771/629 662/775/629
f 663/778/630 666/779/630 668/780/630 667/781/630
f 666/779/631 670/782/631 671/783/631 668/780/631
f 664/784/632 669/785/632 671/783/632 670/782/632
f 669/785/633 673/786/633 674/787/633 671/783/633
f 665/788/634 672/789/634 674/787/634 673/786/634
f 672/789/635 667/781/635 668/780/635 674/787/635
f 668/780/636 671/783/636 674/787/636
f 603/711/637 579/675/637 583/678/637 606/712/637
f 606/712/638 583/678/638 588/691/638 610/715/638
f 610/720/639 588/690/639 581/689/639 604/717/639
f 580/681/640 591/693/640 595/696/640 585/682/640
f 585/685/641 595/709/641 600/708/641 589/686/641
f 589/686/642 600/708/642 593/707/642 581/689/642
f 592/699/643 615/727/643 619/730/643 597/700/643
f 597/703/644 619/741/644 624/740/644 601/704/644
f 601/704/645 624/740/645 617/739/645 593/707/645
f 616/735/646 605/723/646 613/721/646 621/736/646
f 621/736/647 613/721/647 609/718/647 625/737/647
f 625/737/648 609/718/648 604/717/648 617/739/648
f 651/766/649 603/711/649 607/714/649 654/767/649
f 654/767/650 607/714/650 612/725/650 658/770/650
f 658/770/651 612/724/651 605/723/651 652/772/651
f 615/727/652 663/778/652 667/781/652 618/728/652
f 618/731/653 667/781/653 672/789/653 622/732/653
f 622/732/654 672/789/654 665/788/654 616/735/654
f 664/784/655 653/776/655 661/774/655 669/785/655
f 669/785/656 661/774/656 657/773/656 673/786/656
f 673/786/657 657/773/657 652/772/657 665/788/657
f 627/742/658 651/766/658 655/769/658 630/743/658
f 630/743/659 655/769/659 660/777/659 634/746/659
f 634/746/660 660/777/660 653/776/660 628/748/660
f 663/778/661 639/754/661 643/757/661 666/779/661
f 666/779/662 643/757/662 648/765/662 670/782/662
f 670/782/663 648/765/663 641/764/663 664/784/663
f 640/760/664 629/752/664 637/750/664 645/761/664
f 645/761/665 637/750/665 633/749/665 649/762/665
f 649/762/666 633/749/666 628/748/666 641/764/666
f 579/675/667 627/742/667 631/745/667 582/676/667
f 582/676/668 631/745/668 636/753/668 586/679/668
f 586/684/669 636/753/669 629/752/669 580/681/669
f 639/754/670 592/699/670 598/702/670 642/755/670
f 642/755/671 598/697/671 594/694/671 646/758/671
f 646/758/672 594/694/672 591/693/672 640/760/672
f 603/711/673 651/766/673 627/742/673 579/675/673
f 581/689/674 593/707/674 617/739/674 604/717/674
f 629/752/675 640/760/675 591/693/675 580/681/675
f 663/778/676 615/727/676 592/699/676 639/754/676
f 605/723/677 616/735/677 665/788/677 652/772/677
f 653/776/678 664/784/678 641/764/678 628/748/678
o Ojo_rojo
v -0.200000 6.490000 0.500000
v -0.200000 6.468091 0.455554
v -0.200000 6.432224 0.433482
v -0.200000 6.385362 0.421537
v -0.200000 6.360000 0.420000
v -0.200000 6.334639 0.421537
v -0.200000 6.287776 0.433482
v -0.200000 6.230000 0.500000
v -0.195052 6.487502 0.484693
v -0.190294 6.480104 0.469974
v -0.185910 6.468091 0.456408
v -0.182067 6.451924 0.444518
v -0.178912 6.432224 0.434761
v -0.176569 6.409749 0.427510
v -0.175126 6.385362 0.423045
v -0.174638 6.360000 0.421537
v -0.175126 6.334639 0.423045
v -0.176569 6.310251 0.427510
v -0.178912 6.287776 0.434761
v -0.182067 6.268076 0.444518
v -0.185910 6.251909 0.456408
v -0.190294 6.239896 0.469974
v -0.195052 6.232498 0.484693
v -0.190294 6.487502 0.485581
v -0.180962 6.480104 0.471716
v -0.172361 6.468091 0.458938
v -0.164822 6.451924 0.447737
v -0.158635 6.432224 0.438546
v -0.154038 6.409749 0.431716
v -0.151207 6.385362 0.427510
v -0.150251 6.360000 0.426090
v -0.151207 6.334639 0.427510
v -0.154038 6.310251 0.431716
v -0.158635 6.287776 0.438546
v -0.164822 6.268076 0.447737
v -0.172361 6.251909 0.458938
v -0.180962 6.239896 0.471716
v -0.190294 6.232498 0.485581
v -0.185910 6.487502 0.487023
v -0.172361 6.480104 0.474545
v -0.159874 6.468091 0.463045
v -0.148930 6.451924 0.452965
v -0.139948 6.432224 0.444693
v -0.133274 6.409749 0.438546
v -0.129164 6.385362 0.434761
v -0.127776 6.360000 0.433482
v -0.129164 6.334639 0.434761
v -0.133274 6.310251 0.438546
v -0.139948 6.287776 0.444693
v -0.148930 6.268076 0.452965
v -0.159874 6.251909 0.463045
v -0.172361 6.239896 0.474545
v -0.185910 6.232498 0.487023
v -0.182067 6.487502 0.488964
v -0.164822 6.480104 0.478352
v -0.148930 6.468091 0.468572
v -0.135000 6.451924 0.460000
v -0.123568 6.432224 0.452965
v -0.115073 6.409749 0.447737
v -0.109842 6.385362 0.444518
v -0.108076 6.360000 0.443431
v -0.109842 6.334639 0.444518
v -0.115073 6.310251 0.447737
v -0.123568 6.287776 0.452965
v -0.135000 6.268076 0.460000
v -0.148930 6.251909 0.468572
v -0.164822 6.239896 0.478352
v -0.182067 6.232498 0.488964
v -0.178912 6.487502 0.491329
v -0.158635 6.480104 0.482991
v -0.139948 6.468091 0.475307
v -0.123568 6.451924 0.468572
v -0.110126 6.432224 0.463045
v -0.100137 6.409749 0.458938
v -0.093986 6.385362 0.456408
v -0.091909 6.360000 0.455554
v -0.093986 6.334639 0.456408
v -0.100137 6.310251 0.458938
v -0.110126 6.287776 0.463045
v -0.123568 6.268076 0.468572
v -0.139948 6.251909 0.475307
v -0.158635 6.239896 0.482991
v -0.178912 6.232498 0.491329
v -0.176569 6.487502 0.494027
v -0.154038 6.480104 0.488284
v -0.133274 6.468091 0.482991
v -0.115073 6.451924 0.478352
v -0.100137 6.432224 0.474545
v -0.089038 6.409749 0.471716
v -0.082203 6.385362 0.469974
v -0.079896 6.360000 0.469385
v -0.082203 6.334639 0.469974
v -0.089038 6.310251 0.471716
v -0.100137 6.287776 0.474545
v -0.115073 6.268076 0.478352
v -0.133274 6.251909 0.482991
v -0.154038 6.239896 0.488284
v -0.176569 6.232498 0.494027
v -0.175126 6.487502 0.496955
v -0.151207 6.480104 0.494027
v -0.129164 6.468091 0.491329
v -0.109842 6.451924 0.488964
v -0.093986 6.432224 0.487023
v -0.082203 6.409749 0.485581
v -0.074948 6.385362 0.484693
v -0.072498 6.360000 0.484393
v -0.074948 6.334639 0.484693
v -0.082203 6.310251 0.485581
v -0.093986 6.287776 0.487023
v -0.109842 6.268076 0.488964
v -0.129164 6.251909 0.491329
v -0.151207 6.239896 0.494027
v -0.175126 6.232498 0.496955
v -0.174638 6.487502 0.500000
v -0.150251 6.480104 0.500000
v -0.127776 6.468091 0.500000
v -0.108076 6.451924 0.500000
v -0.091909 6.432224 0.500000
v -0.079896 6.409749 0.500000
v -0.072498 6.385362 0.500000
v -0.070000 6.360000 0.500000
v -0.072498 6.334639 0.500000
v -0.079896 6.310251 0.500000
v -0.091909 6.287776 0.500000
v -0.108076 6.268076 0.500000
v -0.127776 6.251909 0.500000
v -0.150251 6.239896 0.500000
v -0.174638 6.232498 0.500000
v -0.175126 6.487502 0.503045
v -0.151207 6.480104 0.505973
v -0.129164 6.468091 0.508671
v -0.109842 6.451924 0.511036
v -0.093986 6.432224 0.512977
v -0.082203 6.409749 0.514419
v -0.074948 6.385362 0.515307
v -0.072498 6.360000 0.515607
v -0.074948 6.334639 0.515307
v -0.082203 6.310251 0.514419
v -0.093986 6.287776 0.512977
v -0.109842 6.268076 0.511036
v -0.129164 6.251909 0.508671
v -0.151207 6.239896 0.505973
v -0.175126 6.232498 0.503045
v -0.176569 6.487502 0.505973
v -0.154038 6.480104 0.511716
v -0.133274 6.468091 0.517009
v -0.115073 6.451924 0.521648
v -0.100137 6.432224 0.525455
v -0.089038 6.409749 0.528284
v -0.082203 6.385362 0.530026
v -0.079896 6.360000 0.530615
v -0.082203 6.334639 0.530026
v -0.089038 6.310251 0.528284
v -0.100137 6.287776 0.525455
v -0.115073 6.268076 0.521648
v -0.133274 6.251909 0.517009
v -0.154038 6.239896 0.511716
v -0.176569 6.232498 0.505973
v -0.178912 6.487502 0.508671
v -0.158635 6.480104 0.517009
v -0.139948 6.468091 0.524693
v -0.123568 6.451924 0.531428
v -0.110126 6.432224 0.536955
v -0.100137 6.409749 0.541062
v -0.093986 6.385362 0.543592
v -0.091909 6.360000 0.544446
v -0.093986 6.334639 0.543592
v -0.100137 6.310251 0.541062
v -0.110126 6.287776 0.536955
v -0.123568 6.268076 0.531428
v -0.139948 6.251909 0.524693
v -0.158635 6.239896 0.517009
v -0.178912 6.232498 0.508671
v -0.182067 6.487502 0.511036
v -0.164822 6.480104 0.521648
v -0.148930 6.468091 0.531428
v -0.135000 6.451924 0.540000
v -0.123568 6.432224 0.547035
v -0.115073 6.409749 0.552262
v -0.109842 6.385362 0.555482
v -0.108076 6.360000 0.556569
v -0.109842 6.334639 0.555482
v -0.115073 6.310251 0.552262
v -0.123568 6.287776 0.547035
v -0.135000 6.268076 0.540000
v -0.148930 6.251909 0.531428
v -0.164822 6.239896 0.521648
v -0.182067 6.232498 0.511036
v -0.185910 6.487502 0.512977
v -0.172361 6.480104 0.525455
v -0.159874 6.468091 0.536955
v -0.148930 6.451924 0.547035
v -0.139948 6.432224 0.555307
v -0.133274 6.409749 0.561454
v -0.129164 6.385362 0.565239
v -0.127776 6.360000 0.566518
v -0.129164 6.334639 0.565239
v -0.133274 6.310251 0.561454
v -0.139948 6.287776 0.555307
v -0.148930 6.268076 0.547035
v -0.159874 6.251909 0.536955
v -0.172361 6.239896 0.525455
v -0.185910 6.232498 0.512977
v -0.190294 6.487502 0.514419
v -0.180962 6.480104 0.528284
v -0.172361 6.468091 0.541062
v -0.164822 6.451924 0.552262
v -0.158635 6.432224 0.561454
v -0.154038 6.409749 0.568284
v -0.151207 6.385362 0.572490
v -0.150251 6.360000 0.573910
v -0.151207 6.334639 0.572490
v -0.154038 6.310251 0.568284
v -0.158635 6.287776 0.561454
v -0.164822 6.268076 0.552262
v -0.172361 6.251909 0.541062
v -0.180962 6.239896 0.528284
v -0.190294 6.232498 0.514419
v -0.195052 6.487502 0.515307
v -0.190294 6.480104 0.530026
v -0.185910 6.468091 0.543592
v -0.182067 6.451924 0.555482
v -0.178913 6.432224 0.565239
v -0.176569 6.409749 0.572490
v -0.175126 6.385362 0.576955
v -0.174638 6.360000 0.578463
v -0.175126 6.334639 0.576955
v -0.176569 6.310251 0.572490
v -0.178913 6.287776 0.565239
v -0.182067 6.268076 0.555482
v -0.185910 6.251909 0.543592
v -0.190294 6.239896 0.530026
v -0.195052 6.232498 0.515307
v -0.200000 6.487502 0.515607
v -0.200000 6.480104 0.530615
v -0.200000 6.468091 0.544446
v -0.200000 6.451924 0.556569
v -0.200000 6.432224 0.566518
v -0.200000 6.409749 0.573910
v -0.200000 6.385362 0.578463
v -0.200000 6.360000 0.580000
v -0.200000 6.334639 0.578463
v -0.200000 6.310251 0.573910
v -0.200000 6.287776 0.566518
v -0.200000 6.268076 0.556569
v -0.200000 6.251909 0.544446
v -0.200000 6.239896 0.530615
v -0.200000 6.232498 0.515607
v -0.204948 6.487502 0.515307
v -0.209706 6.480104 0.530026
v -0.214090 6.468091 0.543592
v -0.217933 6.451924 0.555482
v -0.221088 6.432224 0.565239
v -0.223431 6.409749 0.572490
v -0.224874 6.385362 0.576955
v -0.225362 6.360000 0.578463
v -0.224874 6.334639 0.576955
v -0.223431 6.310251 0.572490
v -0.221088 6.287776 0.565239
v -0.217933 6.268076 0.555482
v -0.214090 6.251909 0.543592
v -0.209706 6.239896 0.530026
v -0.204948 6.232498 0.515307
v -0.209706 6.487502 0.514419
v -0.219038 6.480104 0.528284
v -0.227639 6.468091 0.541062
v -0.235178 6.451924 0.552262
v -0.241365 6.432224 0.561454
v -0.245962 6.409749 0.568284
v -0.248793 6.385362 0.572490
v -0.249749 6.360000 0.573910
v -0.248793 6.334639 0.572490
v -0.245962 6.310251 0.568284
v -0.241365 6.287776 0.561454
v -0.235178 6.268076 0.552262
v -0.227639 6.251909 0.541062
v -0.219038 6.239896 0.528284
v -0.209706 6.232498 0.514419
v -0.214090 6.487502 0.512977
v -0.227639 6.480104 0.525455
v -0.240126 6.468091 0.536955
v -0.251070 6.451924 0.547035
v -0.260052 6.432224 0.555307
v -0.266726 6.409749 0.561454
v -0.270836 6.385362 0.565239
v -0.272224 6.360000 0.566517
v -0.270836 6.334639 0.565239
v -0.266726 6.310251 0.561454
v -0.260052 6.287776 0.555307
v -0.251070 6.268076 0.547035
v -0.240126 6.251909 0.536955
v -0.227639 6.239896 0.525455
v -0.214090 6.232498 0.512977
v -0.217933 6.487502 0.511036
v -0.235178 6.480104 0.521648
v -0.251070 6.468091 0.531428
v -0.265000 6.451924 0.540000
v -0.276432 6.432224 0.547035
v -0.284927 6.409749 0.552262
v -0.290158 6.385362 0.555482
v -0.291924 6.360000 0.556569
v -0.290158 6.334639 0.555482
v -0.284927 6.310251 0.552262
v -0.276432 6.287776 0.547035
v -0.265000 6.268076 0.540000
v -0.251070 6.251909 0.531428
v -0.235178 6.239896 0.521648
v -0.217933 6.232498 0.511036
v -0.221088 6.487502 0.508671
v -0.241365 6.480104 0.517009
v -0.260052 6.468091 0.524693
v -0.276432 6.451924 0.531428
v -0.289874 6.432224 0.536955
v -0.299863 6.409749 0.541062
v -0.306014 6.385362 0.543592
v -0.308091 6.360000 0.544446
v -0.306014 6.334639 0.543592
v -0.299863 6.310251 0.541062
v -0.289874 6.287776 0.536955
v -0.276432 6.268076 0.531428
v -0.260052 6.251909 0.524693
v -0.241365 6.239896 0.517009
v -0.221088 6.232498 0.508671
v -0.223431 6.487502 0.505973
v -0.245962 6.480104 0.511716
v -0.266726 6.468091 0.517009
v -0.284927 6.451924 0.521648
v -0.299863 6.432224 0.525455
v -0.310962 6.409749 0.528284
v -0.317797 6.385362 0.530026
v -0.320104 6.360000 0.530615
v -0.317797 6.334639 0.530026
v -0.310962 6.310251 0.528284
v -0.299863 6.287776 0.525455
v -0.284927 6.268076 0.521648
v -0.266726 6.251909 0.517009
v -0.245962 6.239896 0.511716
v -0.223431 6.232498 0.505973
v -0.224874 6.487502 0.503045
v -0.248793 6.480104 0.505973
v -0.270836 6.468091 0.508671
v -0.290158 6.451924 0.511036
v -0.306014 6.432224 0.512977
v -0.317797 6.409749 0.514419
v -0.325052 6.385362 0.515307
v -0.327502 6.360000 0.515607
v -0.325052 6.334639 0.515307
v -0.317797 6.310251 0.514419
v -0.306014 6.287776 0.512977
v -0.290158 6.268076 0.511036
v -0.270836 6.251909 0.508671
v -0.248793 6.239896 0.505973
v -0.224874 6.232498 0.503045
v -0.225362 6.487502 0.500000
v -0.249749 6.480104 0.500000
v -0.272224 6.468091 0.500000
v -0.291924 6.451924 0.500000
v -0.308091 6.432224 0.500000
v -0.320104 6.409749 0.500000
v -0.327502 6.385362 0.500000
v -0.330000 6.360000 0.500000
v -0.327502 6.334639 0.500000
v -0.320104 6.310251 0.500000
v -0.308091 6.287776 0.500000
v -0.291924 6.268076 0.500000
v -0.272224 6.251909 0.500000
v -0.249749 6.239896 0.500000
v -0.225362 6.232498 0.500000
v -0.224874 6.487502 0.496955
v -0.248793 6.480104 0.494027
v -0.270836 6.468091 0.491329
v -0.290158 6.451924 0.488964
v -0.306014 6.432224 0.487023
v -0.317797 6.409749 0.485581
v -0.325052 6.385362 0.484693
v -0.327502 6.360000 0.484393
v -0.325052 6.334639 0.484693
v -0.317797 6.310251 0.485581
v -0.306014 6.287776 0.487023
v -0.290158 6.268076 0.488964
v -0.270836 6.251909 0.491329
v -0.248793 6.239896 0.494027
v -0.224874 6.232498 0.496955
v -0.223431 6.487502 0.494027
v -0.245962 6.480104 0.488284
v -0.266726 6.468091 0.482991
v -0.284927 6.451924 0.478352
v -0.299863 6.432224 0.474545
v -0.310962 6.409749 0.471716
v -0.317796 6.385362 0.469974
v -0.320104 6.360000 0.469385
v -0.317796 6.334639 0.469974
v -0.310962 6.310251 0.471716
v -0.299863 6.287776 0.474545
v -0.284927 6.268076 0.478352
v -0.266726 6.251909 0.482991
v -0.245962 6.239896 0.488284
v -0.223431 6.232498 0.494027
v -0.221088 6.487502 0.491329
v -0.241365 6.480104 0.482991
v -0.260052 6.468091 0.475307
v -0.276432 6.451924 0.468572
v -0.289874 6.432224 0.463045
v -0.299863 6.409749 0.458938
v -0.306014 6.385362 0.456408
v -0.308091 6.360000 0.455554
v -0.306014 6.334639 0.456408
v -0.299863 6.310251 0.458938
v -0.289874 6.287776 0.463045
v -0.276432 6.268076 0.468572
v -0.260052 6.251909 0.475307
v -0.241365 6.239896 0.482991
v -0.221088 6.232498 0.491329
v -0.217933 6.487502 0.488964
v -0.235178 6.480104 0.478352
v -0.251070 6.468091 0.468572
v -0.265000 6.451924 0.460000
v -0.276432 6.432224 0.452965
v -0.284927 6.409749 0.447738
v -0.290158 6.385362 0.444518
v -0.291924 6.360000 0.443431
v -0.290158 6.334639 0.444518
v -0.284927 6.310251 0.447738
v -0.276432 6.287776 0.452965
v -0.265000 6.268076 0.460000
v -0.251070 6.251909 0.468572
v -0.235178 6.239896 0.478352
v -0.217933 6.232498 0.488964
v -0.214090 6.487502 0.487023
v -0.227639 6.480104 0.474545
v -0.240126 6.468091 0.463045
v -0.251070 6.451924 0.452965
v -0.260052 6.432224 0.444693
v -0.266726 6.409749 0.438546
v -0.270836 6.385362 0.434761
v -0.272224 6.360000 0.433482
v -0.270836 6.334639 0.434761
v -0.266726 6.310251 0.438546
v -0.260052 6.287776 0.444693
v -0.251070 6.268076 0.452965
v -0.240126 6.251909 0.463045
v -0.227639 6.239896 0.474545
v -0.214090 6.232498 0.487023
v -0.209706 6.487502 0.485581
v -0.219038 6.480104 0.471716
v -0.227639 6.468091 0.458938
v -0.235178 6.451924 0.447737
v -0.241365 6.432224 0.438546
v -0.245962 6.409749 0.431716
v -0.248793 6.385362 0.427510
v -0.249749 6.360000 0.426090
v -0.248793 6.334639 0.427510
v -0.245962 6.310251 0.431716
v -0.241365 6.287776 0.438546
v -0.235178 6.268076 0.447737
v -0.227639 6.251909 0.458938
v -0.219038 6.239896 0.471716
v -0.209706 6.232498 0.485581
v -0.204948 6.487502 0.484693
v -0.209706 6.480104 0.469974
v -0.214090 6.468091 0.456408
v -0.217933 6.451924 0.444518
v -0.221087 6.432224 0.434761
v -0.223431 6.409749 0.427510
v -0.224874 6.385362 0.423045
v -0.225362 6.360000 0.421537
v -0.224874 6.334639 0.423045
v -0.223431 6.310251 0.427510
v -0.221087 6.287776 0.434761
v -0.217933 6.268076 0.444518
v -0.214090 6.251909 0.456408
v -0.209706 6.239896 0.469974
v -0.204948 6.232498 0.484693
v -0.200000 6.487502 0.484393
v -0.200000 6.480104 0.469385
v -0.200000 6.451924 0.443431
v -0.200000 6.409749 0.426090
v -0.200000 6.310251 0.426090
v -0.200000 6.268076 0.443431
v -0.200000 6.251909 0.455554
v -0.200000 6.239896 0.469385
v -0.200000 6.232498 0.484393
vn -0.0000 1.0000 -0.0000
vn -0.0000 0.6793 -0.7339
vn -0.0000 0.3817 -0.9243
vn -0.0000 0.1219 -0.9925
vn -0.0000 -0.0000 -1.0000
vn -0.0000 -0.1219 -0.9925
vn -0.0000 -0.3817 -0.9243
vn -0.0000 -1.0000 -0.0000
vn 0.0363 0.9521 -0.3036
vn 0.0669 0.8335 -0.5485
vn 0.0890 0.6835 -0.7245
vn 0.1037 0.5304 -0.8414
vn 0.1131 0.3856 -0.9157
vn 0.1187 0.2507 -0.9607
vn 0.1217 0.1234 -0.9849
vn 0.1227 -0.0000 -0.9924
vn 0.1217 -0.1234 -0.9849
vn 0.1187 -0.2507 -0.9607
vn 0.1131 -0.3856 -0.9157
vn 0.1037 -0.5304 -0.8414
vn 0.0890 -0.6835 -0.7245
vn 0.0669 -0.8335 -0.5485
vn 0.0363 -0.9521 -0.3036
vn 0.0718 0.9548 -0.2883
vn 0.1328 0.8419 -0.5230
vn 0.1779 0.6961 -0.6955
vn 0.2087 0.5440 -0.8127
vn 0.2286 0.3975 -0.8887
vn 0.2408 0.2593 -0.9353
vn 0.2474 0.1279 -0.9604
vn 0.2495 -0.0000 -0.9684
vn 0.2474 -0.1279 -0.9604
vn 0.2408 -0.2593 -0.9353
vn 0.2286 -0.3975 -0.8887
vn 0.2087 -0.5440 -0.8127
vn 0.1779 -0.6961 -0.6955
vn 0.1328 -0.8419 -0.5230
vn 0.0718 -0.9548 -0.2883
vn 0.1056 0.9590 -0.2629
vn 0.1964 0.8551 -0.4799
vn 0.2661 0.7163 -0.6451
vn 0.3154 0.5662 -0.7615
vn 0.3484 0.4174 -0.8393
vn 0.3691 0.2739 -0.8881
vn 0.3805 0.1355 -0.9148
vn 0.3841 -0.0000 -0.9233
vn 0.3805 -0.1355 -0.9148
vn 0.3691 -0.2739 -0.8881
vn 0.3484 -0.4174 -0.8393
vn 0.3154 -0.5662 -0.7615
vn 0.2661 -0.7163 -0.6451
vn 0.1964 -0.8551 -0.4799
vn 0.1056 -0.9590 -0.2629
vn 0.1366 0.9642 -0.2273
vn 0.2560 0.8715 -0.4183
vn 0.3518 0.7424 -0.5702
vn 0.4231 0.5961 -0.6824
vn 0.4729 0.4449 -0.7606
vn 0.5052 0.2945 -0.8112
vn 0.5233 0.1464 -0.8395
vn 0.5291 -0.0000 -0.8485
vn 0.5233 -0.1464 -0.8395
vn 0.5052 -0.2945 -0.8112
vn 0.4729 -0.4449 -0.7606
vn 0.4231 -0.5961 -0.6824
vn 0.3518 -0.7424 -0.5702
vn 0.2560 -0.8715 -0.4183
vn 0.1366 -0.9642 -0.2273
vn 0.1637 0.9696 -0.1821
vn 0.3091 0.8890 -0.3377
vn 0.4315 0.7715 -0.4675
vn 0.5277 0.6310 -0.5686
vn 0.5986 0.4783 -0.6426
vn 0.6465 0.3202 -0.6924
vn 0.6741 0.1603 -0.7210
vn 0.6831 -0.0000 -0.7303
vn 0.6741 -0.1603 -0.7210
vn 0.6465 -0.3202 -0.6924
vn 0.5986 -0.4783 -0.6426
vn 0.5277 -0.6310 -0.5686
vn 0.4315 -0.7715 -0.4675
vn 0.3091 -0.8890 -0.3377
vn 0.1637 -0.9696 -0.1821
vn 0.1852 0.9743 -0.1278
vn 0.3521 0.9050 -0.2387
vn 0.4990 0.7991 -0.3353
vn 0.6206 0.6657 -0.4144
vn 0.7149 0.5129 -0.4752
vn 0.7815 0.3478 -0.5179
vn 0.8211 0.1755 -0.5431
vn 0.8342 -0.0000 -0.5514
vn 0.8211 -0.1755 -0.5431
vn 0.7815 -0.3478 -0.5179
vn 0.7149 -0.5129 -0.4752
vn 0.6206 -0.6657 -0.4144
vn 0.4990 -0.7991 -0.3353
vn 0.3521 -0.9050 -0.2387
vn 0.1852 -0.9743 -0.1278
vn 0.1995 0.9777 -0.0662
vn 0.3809 0.9163 -0.1241
vn 0.5455 0.8194 -0.1761
vn 0.6873 0.6921 -0.2204
vn 0.8016 0.5404 -0.2556
vn 0.8853 0.3703 -0.2812
vn 0.9362 0.1882 -0.2967
vn 0.9533 -0.0000 -0.3019
vn 0.9362 -0.1882 -0.2967
vn 0.8853 -0.3703 -0.2812
vn 0.8016 -0.5404 -0.2556
vn 0.6873 -0.6921 -0.2204
vn 0.5455 -0.8194 -0.1761
vn 0.3809 -0.9163 -0.1241
vn 0.1995 -0.9777 -0.0662
vn 0.2046 0.9789 -0.0000
vn 0.3911 0.9204 -0.0000
vn 0.5623 0.8269 -0.0000
vn 0.7120 0.7022 -0.0000
vn 0.8345 0.5511 -0.0000
vn 0.9253 0.3792 -0.0000
vn 0.9812 0.1932 -0.0000
vn 1.0000 -0.0000 -0.0000
vn 0.9812 -0.1932 -0.0000
vn 0.9253 -0.3792 -0.0000
vn 0.8345 -0.5511 -0.0000
vn 0.7120 -0.7022 -0.0000
vn 0.5623 -0.8269 -0.0000
vn 0.3911 -0.9204 -0.0000
vn 0.2046 -0.9789 -0.0000
vn 0.1995 0.9777 0.0662
vn 0.3809 0.9163 0.1241
vn 0.5455 0.8194 0.1761
vn 0.6873 0.6921 0.2204
vn 0.8016 0.5404 0.2556
vn 0.8853 0.3703 0.2812
vn 0.9362 0.1882 0.2967
vn 0.9533 -0.0000 0.3019
vn 0.9362 -0.1882 0.2967
vn 0.8853 -0.3703 0.2812
vn 0.8016 -0.5404 0.2556
vn 0.6873 -0.6921 0.2204
vn 0.5455 -0.8194 0.1761
vn 0.3809 -0.9163 0.1241
vn 0.1995 -0.9777 0.0662
vn 0.1852 0.9743 0.1278
vn 0.3521 0.9050 0.2387
vn 0.4990 0.7991 0.3353
vn 0.6206 0.6657 0.4144
vn 0.7149 0.5129 0.4752
vn 0.7815 0.3478 0.5179
vn 0.8211 0.1755 0.5431
vn 0.8342 -0.0000 0.5514
vn 0.8211 -0.1755 0.5431
vn 0.7815 -0.3478 0.5179
vn 0.7149 -0.5129 0.4752
vn 0.6206 -0.6657 0.4144
vn 0.4990 -0.7991 0.3353
vn 0.3521 -0.9050 0.2387
vn 0.1852 -0.9743 0.1278
vn 0.1637 0.9696 0.1821
vn 0.3091 0.8890 0.3377
vn 0.4315 0.7715 0.4675
vn 0.5277 0.6310 0.5686
vn 0.5986 0.4783 0.6426
vn 0.6465 0.3202 0.6924
vn 0.6741 0.1603 0.7210
vn 0.6831 -0.0000 0.7303
vn 0.6741 -0.1603 0.7210
vn 0.6465 -0.3202 0.6924
vn 0.5986 -0.4783 0.6426
vn 0.5277 -0.6310 0.5686
vn 0.4315 -0.7715 0.4675
vn 0.3091 -0.8890 0.3377
vn 0.1637 -0.9696 0.1821
vn 0.1366 0.9642 0.2273
vn 0.2560 0.8715 0.4183
vn 0.3518 0.7424 0.5702
vn 0.4231 0.5961 0.6824
vn 0.4729 0.4449 0.7606
vn 0.5052 0.2945 0.8112
vn 0.5233 0.1464 0.8395
vn 0.5291 -0.0000 0.8486
vn 0.5233 -0.1464 0.8395
vn 0.5052 -0.2945 0.8112
vn 0.4729 -0.4449 0.7606
vn 0.4231 -0.5961 0.6824
vn 0.3518 -0.7424 0.5702
vn 0.2560 -0.8715 0.4183
vn 0.1366 -0.9642 0.2273
vn 0.1056 0.9590 0.2629
vn 0.1964 0.8551 0.4799
vn 0.2661 0.7163 0.6451
vn 0.3154 0.5662 0.7615
vn 0.3484 0.4174 0.8393
vn 0.3691 0.2739 0.8881
vn 0.3805 0.1355 0.9148
vn 0.3841 -0.0000 0.9233
vn 0.3805 -0.1355 0.9148
vn 0.3691 -0.2739 0.8881
vn 0.3484 -0.4174 0.8393
vn 0.3154 -0.5662 0.7615
vn 0.2661 -0.7163 0.6451
vn 0.1964 -0.8551 0.4799
vn 0.1056 -0.9590 0.2629
vn 0.0718 0.9548 0.2883
vn 0.1328 0.8419 0.5230
vn 0.1779 0.6961 0.6955
vn 0.2087 0.5440 0.8127
vn 0.2286 0.3975 0.8887
vn 0.2408 0.2593 0.9353
vn 0.2474 0.1279 0.9604
vn 0.2495 -0.0000 0.9684
vn 0.2474 -0.1279 0.9604
vn 0.2408 -0.2593 0.9353
vn 0.2286 -0.3975 0.8887
vn 0.2087 -0.5440 0.8127
vn 0.1779 -0.6961 0.6955
vn 0.1328 -0.8419 0.5230
vn 0.0718 -0.9548 0.2883
vn 0.0363 0.9521 0.3036
vn 0.0669 0.8335 0.5485
vn 0.0890 0.6835 0.7245
vn 0.1037 0.5304 0.8414
vn 0.1131 0.3856 0.9157
vn 0.1187 0.2507 0.9607
vn 0.1217 0.1234 0.9849
vn 0.1227 -0.0000 0.9924
vn 0.1217 -0.1234 0.9849
vn 0.1187 -0.2507 0.9607
vn 0.1131 -0.3856 0.9157
vn 0.1037 -0.5304 0.8414
vn 0.0890 -0.6835 0.7245
vn 0.0669 -0.8335 0.5485
vn 0.0363 -0.9521 0.3036
vn -0.0000 0.9512 0.3087
vn -0.0000 0.8306 0.5569
vn -0.0000 0.6793 0.7339
vn -0.0000 0.5259 0.8506
vn -0.0000 0.3817 0.9243
vn -0.0000 0.2479 0.9688
vn -0.0000 0.1219 0.9925
vn -0.0000 -0.0000 1.0000
vn -0.0000 -0.1219 0.9925
vn -0.0000 -0.2479 0.9688
vn -0.0000 -0.3817 0.9243
vn -0.0000 -0.5259 0.8506
vn -0.0000 -0.6793 0.7339
vn -0.0000 -0.8306 0.5569
vn -0.0000 -0.9512 0.3087
vn -0.0363 0.9521 0.3036
vn -0.0669 0.8335 0.5485
vn -0.0890 0.6835 0.7245
vn -0.1037 0.5304 0.8414
vn -0.1131 0.3856 0.9157
vn -0.1187 0.2507 0.9607
vn -0.1217 0.1234 0.9849
vn -0.1227 -0.0000 0.9924
vn -0.1217 -0.1234 0.9849
vn -0.1187 -0.2507 0.9607
vn -0.1131 -0.3856 0.9157
vn -0.1037 -0.5304 0.8414
vn -0.0890 -0.6835 0.7245
vn -0.0669 -0.8335 0.5485
vn -0.0363 -0.9521 0.3036
vn -0.0718 0.9548 0.2883
vn -0.1328 0.8419 0.5230
vn -0.1779 0.6961 0.6955
vn -0.2087 0.5440 0.8127
vn -0.2286 0.3975 0.8887
vn -0.2408 0.2593 0.9353
vn -0.2474 0.1279 0.9604
vn -0.2495 -0.0000 0.9684
vn -0.2474 -0.1279 0.9604
vn -0.2408 -0.2593 0.9353
vn -0.2286 -0.3975 0.8887
vn -0.2087 -0.5440 0.8127
vn -0.1779 -0.6961 0.6955
vn -0.1328 -0.8419 0.5230
vn -0.0718 -0.9548 0.2883
vn -0.1056 0.9590 0.2629
vn -0.1964 0.8551 0.4799
vn -0.2661 0.7163 0.6451
vn -0.3154 0.5662 0.7615
vn -0.3484 0.4174 0.8393
vn -0.3691 0.2739 0.8881
vn -0.3805 0.1355 0.9148
vn -0.3841 -0.0000 0.9233
vn -0.3805 -0.1355 0.9148
vn -0.3691 -0.2739 0.8881
vn -0.3484 -0.4174 0.8393
vn -0.3154 -0.5662 0.7615
vn -0.2661 -0.7163 0.6451
vn -0.1964 -0.8551 0.4799
vn -0.1056 -0.9590 0.2629
vn -0.1366 0.9642 0.2273
vn -0.2560 0.8715 0.4183
vn -0.3518 0.7424 0.5702
vn -0.4231 0.5961 0.6824
vn -0.4729 0.4449 0.7606
vn -0.5052 0.2945 0.8112
vn -0.5233 0.1464 0.8395
vn -0.5291 -0.0000 0.8485
vn -0.5233 -0.1464 0.8395
vn -0.5052 -0.2945 0.8112
vn -0.4729 -0.4449 0.7606
vn -0.4231 -0.5961 0.6824
vn -0.3518 -0.7424 0.5702
vn -0.2560 -0.8715 0.4183
vn -0.1366 -0.9642 0.2273
vn -0.1637 0.9696 0.1821
vn -0.3091 0.8890 0.3377
vn -0.4315 0.7715 0.4675
vn -0.5277 0.6310 0.5686
vn -0.5986 0.4783 0.6426
vn -0.6465 0.3202 0.6924
vn -0.6741 0.1603 0.7210
vn -0.6831 -0.0000 0.7303
vn -0.6741 -0.1603 0.7210
vn -0.6465 -0.3202 0.6924
vn -0.5986 -0.4783 0.6426
vn -0.5277 -0.6310 0.5686
vn -0.4315 -0.7715 0.4675
vn -0.3091 -0.8890 0.3377
vn -0.1637 -0.9696 0.1821
vn -0.1852 0.9743 0.1278
vn -0.3521 0.9050 0.2387
vn -0.4990 0.7991 0.3353
vn -0.6206 0.6657 0.4144
vn -0.7149 0.5129 0.4752
vn -0.7815 0.3478 0.5179
vn -0.8211 0.1755 0.5431
vn -0.8342 -0.0000 0.5514
vn -0.8211 -0.1755 0.5431
vn -0.7815 -0.3478 0.5179
vn -0.7149 -0.5129 0.4752
vn -0.6206 -0.6657 0.4144
vn -0.4990 -0.7991 0.3353
vn -0.3521 -0.9050 0.2387
vn -0.1852 -0.9743 0.1278
vn -0.1995 0.9777 0.0662
vn -0.3809 0.9163 0.1241
vn -0.5455 0.8194 0.1761
vn -0.6873 0.6921 0.2204
vn -0.8016 0.5404 0.2556
vn -0.8853 0.3703 0.2812
vn -0.9362 0.1882 0.2967
vn -0.9533 -0.0000 0.3019
vn -0.9362 -0.1882 0.2967
vn -0.8853 -0.3703 0.2812
vn -0.8016 -0.5404 0.2556
vn -0.6873 -0.6921 0.2204
vn -0.5455 -0.8194 0.1761
vn -0.3809 -0.9163 0.1241
vn -0.1995 -0.9777 0.0662
vn -0.2046 0.9789 -0.0000
vn -0.3911 0.9204 -0.0000
vn -0.5623 0.8269 -0.0000
vn -0.7120 0.7022 -0.0000
vn -0.8345 0.5511 -0.0000
vn -0.9253 0.3792 -0.0000
vn -0.9812 0.1932 -0.0000
vn -1.0000 -0.0000 -0.0000
vn -0.9812 -0.1932 -0.0000
vn -0.9253 -0.3792 -0.0000
vn -0.8345 -0.5511 -0.0000
vn -0.7120 -0.7022 -0.0000
vn -0.5623 -0.8269 -0.0000
vn -0.3911 -0.9204 -0.0000
vn -0.2046 -0.9789 -0.0000
vn -0.1995 0.9777 -0.0662
vn -0.3809 0.9163 -0.1241
vn -0.5455 0.8194 -0.1761
vn -0.6873 0.6921 -0.2204
vn -0.8016 0.5404 -0.2556
vn -0.8853 0.3703 -0.2812
vn -0.9362 0.1882 -0.2967
vn -0.9533 -0.0000 -0.3019
vn -0.9362 -0.1882 -0.2967
vn -0.8853 -0.3703 -0.2812
vn -0.8016 -0.5404 -0.2556
vn -0.6873 -0.6921 -0.2204
vn -0.5455 -0.8194 -0.1761
vn -0.3809 -0.9163 -0.1241
vn -0.1995 -0.9777 -0.0662
vn -0.1852 0.9743 -0.1278
vn -0.3521 0.9050 -0.2387
vn -0.4990 0.7991 -0.3353
vn -0.6206 0.6657 -0.4144
vn -0.7149 0.5129 -0.4752
vn -0.7815 0.3478 -0.5179
vn -0.8211 0.1755 -0.5431
vn -0.8342 -0.0000 -0.5514
vn -0.8211 -0.1755 -0.5431
vn -0.7815 -0.3478 -0.5179
vn -0.7149 -0.5129 -0.4752
vn -0.6206 -0.6657 -0.4144
vn -0.4990 -0.7991 -0.3353
vn -0.3521 -0.9050 -0.2387
vn -0.1852 -0.9743 -0.1278
vn -0.1637 0.9696 -0.1821
vn -0.3091 0.8890 -0.3377
vn -0.4315 0.7715 -0.4675
vn -0.5277 0.6310 -0.5686
vn -0.5986 0.4783 -0.6426
vn -0.6465 0.3202 -0.6924
vn -0.6741 0.1603 -0.7210
vn -0.6831 -0.0000 -0.7303
vn -0.6741 -0.1603 -0.7210
vn -0.6465 -0.3202 -0.6924
vn -0.5986 -0.4783 -0.6426
vn -0.5277 -0.6310 -0.5686
vn -0.4315 -0.7715 -0.4675
vn -0.3091 -0.8890 -0.3377
vn -0.1637 -0.9696 -0.1821
vn -0.1366 0.9642 -0.2273
vn -0.2560 0.8715 -0.4183
vn -0.3518 0.7424 -0.5702
vn -0.4231 0.5961 -0.6824
vn -0.4729 0.4449 -0.7606
vn -0.5052 0.2945 -0.8112
vn -0.5233 0.1464 -0.8395
vn -0.5291 -0.0000 -0.8486
vn -0.5233 -0.1464 -0.8395
vn -0.5052 -0.2945 -0.8112
vn -0.4729 -0.4449 -0.7606
vn -0.4231 -0.5961 -0.6824
vn -0.3518 -0.7424 -0.5702
vn -0.2560 -0.8715 -0.4183
vn -0.1366 -0.9642 -0.2273
vn -0.1056 0.9590 -0.2629
vn -0.1964 0.8551 -0.4799
vn -0.2661 0.7163 -0.6451
vn -0.3154 0.5662 -0.7615
vn -0.3484 0.4174 -0.8393
vn -0.3691 0.2739 -0.8881
vn -0.3805 0.1355 -0.9148
vn -0.3841 -0.0000 -0.9233
vn -0.3805 -0.1355 -0.9148
vn -0.3691 -0.2739 -0.8881
vn -0.3484 -0.4174 -0.8393
vn -0.3154 -0.5662 -0.7615
vn -0.2661 -0.7163 -0.6451
vn -0.1964 -0.8551 -0.4799
vn -0.1056 -0.9590 -0.2629
vn -0.0718 0.9548 -0.2883
vn -0.1328 0.8419 -0.5230
vn -0.1779 0.6961 -0.6955
vn -0.2087 0.5440 -0.8127
vn -0.2286 0.3975 -0.8887
vn -0.2408 0.2593 -0.9353
vn -0.2474 0.1279 -0.9604
vn -0.2495 -0.0000 -0.9684
vn -0.2474 -0.1279 -0.9604
vn -0.2408 -0.2593 -0.9353
vn -0.2286 -0.3975 -0.8887
vn -0.2087 -0.5440 -0.8127
vn -0.1779 -0.6961 -0.6955
vn -0.1328 -0.8419 -0.5230
vn -0.0718 -0.9548 -0.2883
vn -0.0363 0.9521 -0.3036
vn -0.0669 0.8335 -0.5485
vn -0.0890 0.6835 -0.7245
vn -0.1037 0.5304 -0.8414
vn -0.1131 0.3856 -0.9157
vn -0.1187 0.2507 -0.9607
vn -0.1217 0.1234 -0.9849
vn -0.1227 -0.0000 -0.9924
vn -0.1217 -0.1234 -0.9849
vn -0.1187 -0.2507 -0.9607
vn -0.1131 -0.3856 -0.9157
vn -0.1037 -0.5304 -0.8414
vn -0.0890 -0.6835 -0.7245
vn -0.0669 -0.8335 -0.5485
vn -0.0363 -0.9521 -0.3036
vn -0.0000 0.9512 -0.3087
vn -0.0000 0.8306 -0.5569
vn -0.0000 0.5259 -0.8506
vn -0.0000 0.2479 -0.9688
vn -0.0000 -0.2479 -0.9688
vn -0.0000 -0.5259 -0.8506
vn -0.0000 -0.6793 -0.7339
vn -0.0000 -0.8306 -0.5569
vn -0.0000 -0.9512 -0.3087
vt 0.750000 0.750000
vt 0.750000 0.812500
vt 0.718750 0.812500
vt 0.718750 0.750000
vt 0.750000 0.250000
vt 0.750000 0.312500
vt 0.718750 0.312500
vt 0.718750 0.250000
vt 0.750000 0.687500
vt 0.718750 0.687500
vt 0.750000 0.187500
vt 0.718750 0.187500
vt 0.750000 0.625000
vt 0.718750 0.625000
vt 0.750000 0.125000
vt 0.718750 0.125000
vt 0.750000 0.562500
vt 0.718750 0.562500
vt 0.750000 0.062500
vt 0.718750 0.062500
vt 0.750000 0.500000
vt 0.718750 0.500000
vt 0.750000 0.937500
vt 0.734375 1.000000
vt 0.718750 0.937500
vt 0.734375 0.000000
vt 0.750000 0.437500
vt 0.718750 0.437500
vt 0.750000 0.875000
vt 0.718750 0.875000
vt 0.750000 0.375000
vt 0.718750 0.375000
vt 0.687500 0.875000
vt 0.687500 0.812500
vt 0.687500 0.375000
vt 0.687500 0.312500
vt 0.687500 0.750000
vt 0.687500 0.250000
vt 0.687500 0.687500
vt 0.687500 0.187500
vt 0.687500 0.625000
vt 0.687500 0.125000
vt 0.687500 0.562500
vt 0.687500 0.062500
vt 0.687500 0.500000
vt 0.703125 1.000000
vt 0.687500 0.937500
vt 0.703125 0.000000
vt 0.687500 0.437500
vt 0.656250 0.625000
vt 0.656250 0.562500
vt 0.656250 0.125000
vt 0.656250 0.062500
vt 0.656250 0.500000
vt 0.671875 1.000000
vt 0.656250 0.937500
vt 0.671875 0.000000
vt 0.656250 0.437500
vt 0.656250 0.875000
vt 0.656250 0.375000
vt 0.656250 0.812500
vt 0.656250 0.312500
vt 0.656250 0.750000
vt 0.656250 0.250000
vt 0.656250 0.687500
vt 0.656250 0.187500
vt 0.625000 0.375000
vt 0.625000 0.312500
vt 0.625000 0.812500
vt 0.625000 0.750000
vt 0.625000 0.250000
vt 0.625000 0.687500
vt 0.625000 0.187500
vt 0.625000 0.625000
vt 0.625000 0.125000
vt 0.625000 0.562500
vt 0.625000 0.062500
vt 0.625000 0.500000
vt 0.640625 1.000000
vt 0.625000 0.937500
vt 0.640625 0.000000
vt 0.625000 0.437500
vt 0.625000 0.875000
vt 0.593750 0.125000
vt 0.593750 0.062500
vt 0.593750 0.562500
vt 0.593750 0.500000
vt 0.609375 1.000000
vt 0.593750 0.937500
vt 0.609375 0.000000
vt 0.593750 0.437500
vt 0.593750 0.875000
vt 0.593750 0.375000
vt 0.593750 0.812500
vt 0.593750 0.312500
vt 0.593750 0.750000
vt 0.593750 0.250000
vt 0.593750 0.687500
vt 0.593750 0.187500
vt 0.593750 0.625000
vt 0.562500 0.812500
vt 0.562500 0.750000
vt 0.562500 0.312500
vt 0.562500 0.250000
vt 0.562500 0.687500
vt 0.562500 0.187500
vt 0.562500 0.625000
vt 0.562500 0.125000
vt 0.562500 0.562500
vt 0.562500 0.062500
vt 0.562500 0.500000
vt 0.578125 1.000000
vt 0.562500 0.937500
vt 0.578125 0.000000
vt 0.562500 0.437500
vt 0.562500 0.875000
vt 0.562500 0.375000
vt 0.531250 0.562500
vt 0.531250 0.500000
vt 0.546875 1.000000
vt 0.531250 0.937500
vt 0.546875 0.000000
vt 0.531250 0.062500
vt 0.531250 0.437500
vt 0.531250 0.875000
vt 0.531250 0.375000
vt 0.531250 0.812500
vt 0.531250 0.312500
vt 0.531250 0.750000
vt 0.531250 0.250000
vt 0.531250 0.687500
vt 0.531250 0.187500
vt 0.531250 0.625000
vt 0.531250 0.125000
vt 0.500000 0.312500
vt 0.500000 0.250000
vt 0.500000 0.750000
vt 0.500000 0.687500
vt 0.500000 0.187500
vt 0.500000 0.625000
vt 0.500000 0.125000
vt 0.500000 0.562500
vt 0.500000 0.062500
vt 0.500000 0.500000
vt 0.515625 1.000000
vt 0.500000 0.937500
vt 0.515625 0.000000
vt 0.500000 0.437500
vt 0.500000 0.875000
vt 0.500000 0.375000
vt 0.500000 0.812500
vt 0.484375 0.000000
vt 0.468750 0.062500
vt 0.468750 0.500000
vt 0.468750 0.437500
vt 0.468750 0.937500
vt 0.468750 0.875000
vt 0.468750 0.375000
vt 0.468750 0.812500
vt 0.468750 0.312500
vt 0.468750 0.750000
vt 0.468750 0.250000
vt 0.468750 0.687500
vt 0.468750 0.187500
vt 0.468750 0.625000
vt 0.468750 0.125000
vt 0.468750 0.562500
vt 0.484375 1.000000
vt 0.437500 0.250000
vt 0.437500 0.187500
vt 0.437500 0.687500
vt 0.437500 0.625000
vt 0.437500 0.125000
vt 0.437500 0.562500
vt 0.437500 0.062500
vt 0.437500 0.500000
vt 0.453125 1.000000
vt 0.437500 0.937500
vt 0.453125 0.000000
vt 0.437500 0.437500
vt 0.437500 0.875000
vt 0.437500 0.375000
vt 0.437500 0.812500
vt 0.437500 0.312500
vt 0.437500 0.750000
vt 0.406250 0.937500
vt 0.406250 0.875000
vt 0.406250 0.437500
vt 0.406250 0.375000
vt 0.406250 0.812500
vt 0.406250 0.312500
vt 0.406250 0.750000
vt 0.406250 0.250000
vt 0.406250 0.687500
vt 0.406250 0.187500
vt 0.406250 0.625000
vt 0.406250 0.125000
vt 0.406250 0.562500
vt 0.406250 0.062500
vt 0.406250 0.500000
vt 0.421875 1.000000
vt 0.421875 0.000000
vt 0.375000 0.687500
vt 0.375000 0.625000
vt 0.375000 0.187500
vt 0.375000 0.125000
vt 0.375000 0.562500
vt 0.375000 0.062500
vt 0.375000 0.500000
vt 0.390625 1.000000
vt 0.375000 0.937500
vt 0.390625 0.000000
vt 0.375000 0.437500
vt 0.375000 0.875000
vt 0.375000 0.375000
vt 0.375000 0.812500
vt 0.375000 0.312500
vt 0.375000 0.750000
vt 0.375000 0.250000
vt 0.343750 0.437500
vt 0.343750 0.375000
vt 0.343750 0.875000
vt 0.343750 0.812500
vt 0.343750 0.312500
vt 0.343750 0.750000
vt 0.343750 0.250000
vt 0.343750 0.687500
vt 0.343750 0.187500
vt 0.343750 0.625000
vt 0.343750 0.125000
vt 0.343750 0.562500
vt 0.343750 0.062500
vt 0.343750 0.500000
vt 0.359375 1.000000
vt 0.343750 0.937500
vt 0.359375 0.000000
vt 0.312500 0.187500
vt 0.312500 0.125000
vt 0.312500 0.625000
vt 0.312500 0.562500
vt 0.312500 0.062500
vt 0.312500 0.500000
vt 0.328125 1.000000
vt 0.312500 0.937500
vt 0.328125 0.000000
vt 0.312500 0.437500
vt 0.312500 0.875000
vt 0.312500 0.375000
vt 0.312500 0.812500
vt 0.312500 0.312500
vt 0.312500 0.750000
vt 0.312500 0.250000
vt 0.312500 0.687500
vt 0.281250 0.875000
vt 0.281250 0.812500
vt 0.281250 0.375000
vt 0.281250 0.312500
vt 0.281250 0.750000
vt 0.281250 0.250000
vt 0.281250 0.687500
vt 0.281250 0.187500
vt 0.281250 0.625000
vt 0.281250 0.125000
vt 0.281250 0.562500
vt 0.281250 0.062500
vt 0.281250 0.500000
vt 0.296875 1.000000
vt 0.281250 0.937500
vt 0.296875 0.000000
vt 0.281250 0.437500
vt 0.250000 0.625000
vt 0.250000 0.562500
vt 0.250000 0.125000
vt 0.250000 0.062500
vt 0.250000 0.500000
vt 0.265625 1.000000
vt 0.250000 0.937500
vt 0.265625 0.000000
vt 0.250000 0.437500
vt 0.250000 0.875000
vt 0.250000 0.375000
vt 0.250000 0.812500
vt 0.250000 0.312500
vt 0.250000 0.750000
vt 0.250000 0.250000
vt 0.250000 0.687500
vt 0.250000 0.187500
vt 0.218750 0.375000
vt 0.218750 0.312500
vt 0.218750 0.812500
vt 0.218750 0.750000
vt 0.218750 0.250000
vt 0.218750 0.687500
vt 0.218750 0.187500
vt 0.218750 0.625000
vt 0.218750 0.125000
vt 0.218750 0.562500
vt 0.218750 0.062500
vt 0.218750 0.500000
vt 0.234375 1.000000
vt 0.218750 0.937500
vt 0.234375 0.000000
vt 0.218750 0.437500
vt 0.218750 0.875000
vt 0.187500 0.125000
vt 0.187500 0.062500
vt 0.187500 0.562500
vt 0.187500 0.500000
vt 0.203125 1.000000
vt 0.187500 0.937500
vt 0.203125 0.000000
vt 0.187500 0.437500
vt 0.187500 0.875000
vt 0.187500 0.375000
vt 0.187500 0.812500
vt 0.187500 0.312500
vt 0.187500 0.750000
vt 0.187500 0.250000
vt 0.187500 0.687500
vt 0.187500 0.187500
vt 0.187500 0.625000
vt 0.156250 0.312500
vt 0.156250 0.250000
vt 0.156250 0.750000
vt 0.156250 0.687500
vt 0.156250 0.187500
vt 0.156250 0.625000
vt 0.156250 0.125000
vt 0.156250 0.562500
vt 0.156250 0.062500
vt 0.156250 0.500000
vt 0.171875 1.000000
vt 0.156250 0.937500
vt 0.171875 0.000000
vt 0.156250 0.437500
vt 0.156250 0.875000
vt 0.156250 0.375000
vt 0.156250 0.812500
vt 0.140625 1.000000
vt 0.125000 0.937500
vt 0.140625 0.000000
vt 0.125000 0.062500
vt 0.125000 0.500000
vt 0.125000 0.437500
vt 0.125000 0.875000
vt 0.125000 0.375000
vt 0.125000 0.812500
vt 0.125000 0.312500
vt 0.125000 0.750000
vt 0.125000 0.250000
vt 0.125000 0.687500
vt 0.125000 0.187500
vt 0.125000 0.625000
vt 0.125000 0.125000
vt 0.125000 0.562500
vt 0.093750 0.750000
vt 0.093750 0.687500
vt 0.093750 0.250000
vt 0.093750 0.187500
vt 0.093750 0.625000
vt 0.093750 0.125000
vt 0.093750 0.562500
vt 0.093750 0.062500
vt 0.093750 0.500000
vt 0.109375 1.000000
vt 0.093750 0.937500
vt 0.109375 0.000000
vt 0.093750 0.437500
vt 0.093750 0.875000
vt 0.093750 0.375000
vt 0.093750 0.812500
vt 0.093750 0.312500
vt 0.062500 0.500000
vt 0.062500 0.437500
vt 0.062500 0.937500
vt 0.062500 0.875000
vt 0.062500 0.375000
vt 0.062500 0.812500
vt 0.062500 0.312500
vt 0.062500 0.750000
vt 0.062500 0.250000
vt 0.062500 0.687500
vt 0.062500 0.187500
vt 0.062500 0.625000
vt 0.062500 0.125000
vt 0.062500 0.562500
vt 0.062500 0.062500
vt 0.078125 1.000000
vt 0.078125 0.000000
vt 0.031250 0.250000
vt 0.031250 0.187500
vt 0.031250 0.687500
vt 0.031250 0.625000
vt 0.031250 0.125000
vt 0.031250 0.562500
vt 0.031250 0.062500
vt 0.031250 0.500000
vt 0.046875 1.000000
vt 0.031250 0.937500
vt 0.046875 0.000000
vt 0.031250 0.437500
vt 0.031250 0.875000
vt 0.031250 0.375000
vt 0.031250 0.812500
vt 0.031250 0.312500
vt 0.031250 0.750000
vt 0.000000 0.937500
vt 0.000000 0.875000
vt 0.000000 0.437500
vt 0.000000 0.375000
vt 0.000000 0.812500
vt 0.000000 0.312500
vt 0.000000 0.750000
vt 0.000000 0.250000
vt 0.000000 0.687500
vt 0.000000 0.187500
vt 0.000000 0.625000
vt 0.000000 0.125000
vt 0.000000 0.562500
vt 0.000000 0.062500
vt 0.000000 0.500000
vt 0.015625 1.000000
vt 0.015625 0.000000
vt 1.000000 0.625000
vt 1.000000 0.687500
vt 0.968750 0.687500
vt 0.968750 0.625000
vt 1.000000 0.125000
vt 1.000000 0.187500
vt 0.968750 0.187500
vt 0.968750 0.125000
vt 1.000000 0.562500
vt 0.968750 0.562500
vt 1.000000 0.062500
vt 0.968750 0.062500
vt 1.000000 0.500000
vt 0.968750 0.500000
vt 1.000000 0.937500
vt 0.984375 1.000000
vt 0.968750 0.937500
vt 0.984375 0.000000
vt 1.000000 0.437500
vt 0.968750 0.437500
vt 1.000000 0.875000
vt 0.968750 0.875000
vt 1.000000 0.375000
vt 0.968750 0.375000
vt 1.000000 0.812500
vt 0.968750 0.812500
vt 1.000000 0.312500
vt 0.968750 0.312500
vt 1.000000 0.750000
vt 0.968750 0.750000
vt 1.000000 0.250000
vt 0.968750 0.250000
vt 0.937500 0.437500
vt 0.937500 0.375000
vt 0.937500 0.875000
vt 0.937500 0.812500
vt 0.937500 0.312500
vt 0.937500 0.750000
vt 0.937500 0.250000
vt 0.937500 0.687500
vt 0.937500 0.187500
vt 0.937500 0.625000
vt 0.937500 0.125000
vt 0.937500 0.562500
vt 0.937500 0.062500
vt 0.937500 0.500000
vt 0.953125 1.000000
vt 0.937500 0.937500
vt 0.953125 0.000000
vt 0.906250 0.187500
vt 0.906250 0.125000
vt 0.906250 0.625000
vt 0.906250 0.562500
vt 0.906250 0.062500
vt 0.906250 0.500000
vt 0.921875 1.000000
vt 0.906250 0.937500
vt 0.921875 0.000000
vt 0.906250 0.437500
vt 0.906250 0.875000
vt 0.906250 0.375000
vt 0.906250 0.812500
vt 0.906250 0.312500
vt 0.906250 0.750000
vt 0.906250 0.250000
vt 0.906250 0.687500
vt 0.875000 0.375000
vt 0.875000 0.312500
vt 0.875000 0.812500
vt 0.875000 0.750000
vt 0.875000 0.250000
vt 0.875000 0.687500
vt 0.875000 0.187500
vt 0.875000 0.625000
vt 0.875000 0.125000
vt 0.875000 0.562500
vt 0.875000 0.062500
vt 0.875000 0.500000
vt 0.890625 1.000000
vt 0.875000 0.937500
vt 0.890625 0.000000
vt 0.875000 0.437500
vt 0.875000 0.875000
vt 0.843750 0.125000
vt 0.843750 0.062500
vt 0.843750 0.562500
vt 0.843750 0.500000
vt 0.859375 1.000000
vt 0.843750 0.937500
vt 0.859375 0.000000
vt 0.843750 0.437500
vt 0.843750 0.875000
vt 0.843750 0.375000
vt 0.843750 0.812500
vt 0.843750 0.312500
vt 0.843750 0.750000
vt 0.843750 0.250000
vt 0.843750 0.687500
vt 0.843750 0.187500
vt 0.843750 0.625000
vt 0.812500 0.812500
vt 0.812500 0.750000
vt 0.812500 0.312500
vt 0.812500 0.250000
vt 0.812500 0.687500
vt 0.812500 0.187500
vt 0.812500 0.625000
vt 0.812500 0.125000
vt 0.812500 0.562500
vt 0.812500 0.062500
vt 0.812500 0.500000
vt 0.828125 1.000000
vt 0.812500 0.937500
vt 0.828125 0.000000
vt 0.812500 0.437500
vt 0.812500 0.875000
vt 0.812500 0.375000
vt 0.781250 0.562500
vt 0.781250 0.500000
vt 0.796875 1.000000
vt 0.781250 0.937500
vt 0.796875 0.000000
vt 0.781250 0.062500
vt 0.781250 0.437500
vt 0.781250 0.875000
vt 0.781250 0.375000
vt 0.781250 0.812500
vt 0.781250 0.312500
vt 0.781250 0.750000
vt 0.781250 0.250000
vt 0.781250 0.687500
vt 0.781250 0.187500
vt 0.781250 0.625000
vt 0.781250 0.125000
vt 0.765625 1.000000
vt 0.765625 0.000000
s 1
usemtl Ojo_rojo.012
f 1150/790/1154 676/791/680 685/792/689 686/793/690
f 1153/794/1157 681/795/685 693/796/697 694/797/698
f 677/798/681 1150/790/1154 686/793/690 687/799/691
f 1154/800/1158 1153/794/1157 694/797/698 695/801/699
f 1151/802/1155 677/798/681 687/799/691 688/803/692
f 1155/804/1159 1154/800/1158 695/801/699 696/805/700
f 678/806/682 1151/802/1155 688/803/692 689/807/693
f 1156/808/1160 1155/804/1159 696/805/700 697/809/701
f 679/810/683 678/806/682 689/807/693 690/811/694
f 1148/812/1152 675/813/679 683/814/687
f 682/815/686 1156/808/1160 697/809/701
f 680/816/684 679/810/683 690/811/694 691/817/695
f 1149/818/1153 1148/812/1152 683/814/687 684/819/688
f 1152/820/1156 680/816/684 691/817/695 692/821/696
f 676/791/680 1149/818/1153 684/819/688 685/792/689
f 681/795/685 1152/820/1156 692/821/696 693/796/697
f 685/792/689 684/819/688 699/822/703 700/823/704
f 693/796/697 692/821/696 707/824/711 708/825/712
f 686/793/690 685/792/689 700/823/704 701/826/705
f 694/797/698 693/796/697 708/825/712 709/827/713
f 687/799/691 686/793/690 701/826/705 702/828/706
f 695/801/699 694/797/698 709/827/713 710/829/714
f 688/803/692 687/799/691 702/828/706 703/830/707
f 696/805/700 695/801/699 710/829/714 711/831/715
f 689/807/693 688/803/692 703/830/707 704/832/708
f 697/809/701 696/805/700 711/831/715 712/833/716
f 690/811/694 689/807/693 704/832/708 705/834/709
f 683/814/687 675/835/679 698/836/702
f 682/837/686 697/809/701 712/833/716
f 691/817/695 690/811/694 705/834/709 706/838/710
f 684/819/688 683/814/687 698/836/702 699/822/703
f 692/821/696 691/817/695 706/838/710 707/824/711
f 704/832/708 703/830/707 718/839/722 719/840/723
f 712/833/716 711/831/715 726/841/730 727/842/731
f 705/834/709 704/832/708 719/840/723 720/843/724
f 698/836/702 675/844/679 713/845/717
f 682/846/686 712/833/716 727/842/731
f 706/838/710 705/834/709 720/843/724 721/847/725
f 699/822/703 698/836/702 713/845/717 714/848/718
f 707/824/711 706/838/710 721/847/725 722/849/726
f 700/823/704 699/822/703 714/848/718 715/850/719
f 708/825/712 707/824/711 722/849/726 723/851/727
f 701/826/705 700/823/704 715/850/719 716/852/720
f 709/827/713 708/825/712 723/851/727 724/853/728
f 702/828/706 701/826/705 716/852/720 717/854/721
f 710/829/714 709/827/713 724/853/728 725/855/729
f 703/830/707 702/828/706 717/854/721 718/839/722
f 711/831/715 710/829/714 725/855/729 726/841/730
f 723/851/727 722/849/726 737/856/741 738/857/742
f 716/852/720 715/850/719 730/858/734 731/859/735
f 724/853/728 723/851/727 738/857/742 739/860/743
f 717/854/721 716/852/720 731/859/735 732/861/736
f 725/855/729 724/853/728 739/860/743 740/862/744
f 718/839/722 717/854/721 732/861/736 733/863/737
f 726/841/730 725/855/729 740/862/744 741/864/745
f 719/840/723 718/839/722 733/863/737 734/865/738
f 727/842/731 726/841/730 741/864/745 742/866/746
f 720/843/724 719/840/723 734/865/738 735/867/739
f 713/845/717 675/868/679 728/869/732
f 682/870/686 727/842/731 742/866/746
f 721/847/725 720/843/724 735/867/739 736/871/740
f 714/848/718 713/845/717 728/869/732 729/872/733
f 722/849/726 721/847/725 736/871/740 737/856/741
f 715/850/719 714/848/718 729/872/733 730/858/734
f 742/866/746 741/864/745 756/873/760 757/874/761
f 735/867/739 734/865/738 749/875/753 750/876/754
f 728/869/732 675/877/679 743/878/747
f 682/879/686 742/866/746 757/874/761
f 736/871/740 735/867/739 750/876/754 751/880/755
f 729/872/733 728/869/732 743/878/747 744/881/748
f 737/856/741 736/871/740 751/880/755 752/882/756
f 730/858/734 729/872/733 744/881/748 745/883/749
f 738/857/742 737/856/741 752/882/756 753/884/757
f 731/859/735 730/858/734 745/883/749 746/885/750
f 739/860/743 738/857/742 753/884/757 754/886/758
f 732/861/736 731/859/735 746/885/750 747/887/751
f 740/862/744 739/860/743 754/886/758 755/888/759
f 733/863/737 732/861/736 747/887/751 748/889/752
f 741/864/745 740/862/744 755/888/759 756/873/760
f 734/865/738 733/863/737 748/889/752 749/875/753
f 746/885/750 745/883/749 760/890/764 761/891/765
f 754/886/758 753/884/757 768/892/772 769/893/773
f 747/887/751 746/885/750 761/891/765 762/894/766
f 755/888/759 754/886/758 769/893/773 770/895/774
f 748/889/752 747/887/751 762/894/766 763/896/767
f 756/873/760 755/888/759 770/895/774 771/897/775
f 749/875/753 748/889/752 763/896/767 764/898/768
f 757/874/761 756/873/760 771/897/775 772/899/776
f 750/876/754 749/875/753 764/898/768 765/900/769
f 743/878/747 675/901/679 758/902/762
f 682/903/686 757/874/761 772/899/776
f 751/880/755 750/876/754 765/900/769 766/904/770
f 744/881/748 743/878/747 758/902/762 759/905/763
f 752/882/756 751/880/755 766/904/770 767/906/771
f 745/883/749 744/881/748 759/905/763 760/890/764
f 753/884/757 752/882/756 767/906/771 768/892/772
f 765/900/769 764/898/768 779/907/783 780/908/784
f 758/902/762 675/909/679 773/910/777
f 682/911/686 772/899/776 787/912/791
f 766/904/770 765/900/769 780/908/784 781/913/785
f 759/905/763 758/902/762 773/910/777 774/914/778
f 767/906/771 766/904/770 781/913/785 782/915/786
f 760/890/764 759/905/763 774/914/778 775/916/779
f 768/892/772 767/906/771 782/915/786 783/917/787
f 761/891/765 760/890/764 775/916/779 776/918/780
f 769/893/773 768/892/772 783/917/787 784/919/788
f 762/894/766 761/891/765 776/918/780 777/920/781
f 770/895/774 769/893/773 784/919/788 785/921/789
f 763/896/767 762/894/766 777/920/781 778/922/782
f 771/897/775 770/895/774 785/921/789 786/923/790
f 764/898/768 763/896/767 778/922/782 779/907/783
f 772/899/776 771/897/775 786/923/790 787/912/791
f 784/919/788 783/917/787 798/924/802 799/925/803
f 777/920/781 776/918/780 791/926/795 792/927/796
f 785/921/789 784/919/788 799/925/803 800/928/804
f 778/922/782 777/920/781 792/927/796 793/929/797
f 786/923/790 785/921/789 800/928/804 801/930/805
f 779/907/783 778/922/782 793/929/797 794/931/798
f 787/912/791 786/923/790 801/930/805 802/932/806
f 780/908/784 779/907/783 794/931/798 795/933/799
f 773/910/777 675/934/679 788/935/792
f 682/936/686 787/912/791 802/932/806
f 781/913/785 780/908/784 795/933/799 796/937/800
f 774/914/778 773/910/777 788/935/792 789/938/793
f 782/915/786 781/913/785 796/937/800 797/939/801
f 775/916/779 774/914/778 789/938/793 790/940/794
f 783/917/787 782/915/786 797/939/801 798/924/802
f 776/918/780 775/916/779 790/940/794 791/926/795
f 682/941/686 802/932/806 817/942/821
f 796/937/800 795/933/799 810/943/814 811/944/815
f 789/938/793 788/935/792 803/945/807 804/946/808
f 797/939/801 796/937/800 811/944/815 812/947/816
f 790/940/794 789/938/793 804/946/808 805/948/809
f 798/924/802 797/939/801 812/947/816 813/949/817
f 791/926/795 790/940/794 805/948/809 806/950/810
f 799/925/803 798/924/802 813/949/817 814/951/818
f 792/927/796 791/926/795 806/950/810 807/952/811
f 800/928/804 799/925/803 814/951/818 815/953/819
f 793/929/797 792/927/796 807/952/811 808/954/812
f 801/930/805 800/928/804 815/953/819 816/955/820
f 794/931/798 793/929/797 808/954/812 809/956/813
f 802/932/806 801/930/805 816/955/820 817/942/821
f 795/933/799 794/931/798 809/956/813 810/943/814
f 788/935/792 675/957/679 803/945/807
f 815/953/819 814/951/818 829/958/833 830/959/834
f 808/954/812 807/952/811 822/960/826 823/961/827
f 816/955/820 815/953/819 830/959/834 831/962/835
f 809/956/813 808/954/812 823/961/827 824/963/828
f 817/942/821 816/955/820 831/962/835 832/964/836
f 810/943/814 809/956/813 824/963/828 825/965/829
f 803/945/807 675/966/679 818/967/822
f 682/968/686 817/942/821 832/964/836
f 811/944/815 810/943/814 825/965/829 826/969/830
f 804/946/808 803/945/807 818/967/822 819/970/823
f 812/947/816 811/944/815 826/969/830 827/971/831
f 805/948/809 804/946/808 819/970/823 820/972/824
f 813/949/817 812/947/816 827/971/831 828/973/832
f 806/950/810 805/948/809 820/972/824 821/974/825
f 814/951/818 813/949/817 828/973/832 829/958/833
f 807/952/811 806/950/810 821/974/825 822/960/826
f 819/970/823 818/967/822 833/975/837 834/976/838
f 827/971/831 826/969/830 841/977/845 842/978/846
f 820/972/824 819/970/823 834/976/838 835/979/839
f 828/973/832 827/971/831 842/978/846 843/980/847
f 821/974/825 820/972/824 835/979/839 836/981/840
f 829/958/833 828/973/832 843/980/847 844/982/848
f 822/960/826 821/974/825 836/981/840 837/983/841
f 830/959/834 829/958/833 844/982/848 845/984/849
f 823/961/827 822/960/826 837/983/841 838/985/842
f 831/962/835 830/959/834 845/984/849 846/986/850
f 824/963/828 823/961/827 838/985/842 839/987/843
f 832/964/836 831/962/835 846/986/850 847/988/851
f 825/965/829 824/963/828 839/987/843 840/989/844
f 818/967/822 675/990/679 833/975/837
f 682/991/686 832/964/836 847/988/851
f 826/969/830 825/965/829 840/989/844 841/977/845
f 838/985/842 837/983/841 852/992/856 853/993/857
f 846/986/850 845/984/849 860/994/864 861/995/865
f 839/987/843 838/985/842 853/993/857 854/996/858
f 847/988/851 846/986/850 861/995/865 862/997/866
f 840/989/844 839/987/843 854/996/858 855/998/859
f 833/975/837 675/999/679 848/1000/852
f 682/1001/686 847/988/851 862/997/866
f 841/977/845 840/989/844 855/998/859 856/1002/860
f 834/976/838 833/975/837 848/1000/852 849/1003/853
f 842/978/846 841/977/845 856/1002/860 857/1004/861
f 835/979/839 834/976/838 849/1003/853 850/1005/854
f 843/980/847 842/978/846 857/1004/861 858/1006/862
f 836/981/840 835/979/839 850/1005/854 851/1007/855
f 844/982/848 843/980/847 858/1006/862 859/1008/863
f 837/983/841 836/981/840 851/1007/855 852/992/856
f 845/984/849 844/982/848 859/1008/863 860/994/864
f 857/1004/861 856/1002/860 871/1009/875 872/1010/876
f 850/1005/854 849/1003/853 864/1011/868 865/1012/869
f 858/1006/862 857/1004/861 872/1010/876 873/1013/877
f 851/1007/855 850/1005/854 865/1012/869 866/1014/870
f 859/1008/863 858/1006/862 873/1013/877 874/1015/878
f 852/992/856 851/1007/855 866/1014/870 867/1016/871
f 860/994/864 859/1008/863 874/1015/878 875/1017/879
f 853/993/857 852/992/856 867/1016/871 868/1018/872
f 861/995/865 860/994/864 875/1017/879 876/1019/880
f 854/996/858 853/993/857 868/1018/872 869/1020/873
f 862/997/866 861/995/865 876/1019/880 877/1021/881
f 855/998/859 854/996/858 869/1020/873 870/1022/874
f 848/1000/852 675/1023/679 863/1024/867
f 682/1025/686 862/997/866 877/1021/881
f 856/1002/860 855/998/859 870/1022/874 871/1009/875
f 849/1003/853 848/1000/852 863/1024/867 864/1011/868
f 876/1019/880 875/1017/879 890/1026/894 891/1027/895
f 869/1020/873 868/1018/872 883/1028/887 884/1029/888
f 877/1021/881 876/1019/880 891/1027/895 892/1030/896
f 870/1022/874 869/1020/873 884/1029/888 885/1031/889
f 863/1024/867 675/1032/679 878/1033/882
f 682/1034/686 877/1021/881 892/1030/896
f 871/1009/875 870/1022/874 885/1031/889 886/1035/890
f 864/1011/868 863/1024/867 878/1033/882 879/1036/883
f 872/1010/876 871/1009/875 886/1035/890 887/1037/891
f 865/1012/869 864/1011/868 879/1036/883 880/1038/884
f 873/1013/877 872/1010/876 887/1037/891 888/1039/892
f 866/1014/870 865/1012/869 880/1038/884 881/1040/885
f 874/1015/878 873/1013/877 888/1039/892 889/1041/893
f 867/1016/871 866/1014/870 881/1040/885 882/1042/886
f 875/1017/879 874/1015/878 889/1041/893 890/1026/894
f 868/1018/872 867/1016/871 882/1042/886 883/1028/887
f 880/1038/884 879/1036/883 894/1043/898 895/1044/899
f 888/1039/892 887/1037/891 902/1045/906 903/1046/907
f 881/1040/885 880/1038/884 895/1044/899 896/1047/900
f 889/1041/893 888/1039/892 903/1046/907 904/1048/908
f 882/1042/886 881/1040/885 896/1047/900 897/1049/901
f 890/1026/894 889/1041/893 904/1048/908 905/1050/909
f 883/1028/887 882/1042/886 897/1049/901 898/1051/902
f 891/1027/895 890/1026/894 905/1050/909 906/1052/910
f 884/1029/888 883/1028/887 898/1051/902 899/1053/903
f 892/1030/896 891/1027/895 906/1052/910 907/1054/911
f 885/1031/889 884/1029/888 899/1053/903 900/1055/904
f 878/1033/882 675/1056/679 893/1057/897
f 682/1058/686 892/1030/896 907/1054/911
f 886/1035/890 885/1031/889 900/1055/904 901/1059/905
f 879/1036/883 878/1033/882 893/1057/897 894/1043/898
f 887/1037/891 886/1035/890 901/1059/905 902/1045/906
f 899/1053/903 898/1051/902 913/1060/917 914/1061/918
f 907/1054/911 906/1052/910 921/1062/925 922/1063/926
f 900/1055/904 899/1053/903 914/1061/918 915/1064/919
f 893/1057/897 675/1065/679 908/1066/912
f 682/1067/686 907/1054/911 922/1063/926
f 901/1059/905 900/1055/904 915/1064/919 916/1068/920
f 894/1043/898 893/1057/897 908/1066/912 909/1069/913
f 902/1045/906 901/1059/905 916/1068/920 917/1070/921
f 895/1044/899 894/1043/898 909/1069/913 910/1071/914
f 903/1046/907 902/1045/906 917/1070/921 918/1072/922
f 896/1047/900 895/1044/899 910/1071/914 911/1073/915
f 904/1048/908 903/1046/907 918/1072/922 919/1074/923
f 897/1049/901 896/1047/900 911/1073/915 912/1075/916
f 905/1050/909 904/1048/908 919/1074/923 920/1076/924
f 898/1051/902 897/1049/901 912/1075/916 913/1060/917
f 906/1052/910 905/1050/909 920/1076/924 921/1062/925
f 918/1072/922 917/1070/921 932/1077/936 933/1078/937
f 911/1073/915 910/1071/914 925/1079/929 926/1080/930
f 919/1074/923 918/1072/922 933/1078/937 934/1081/938
f 912/1075/916 911/1073/915 926/1080/930 927/1082/931
f 920/1076/924 919/1074/923 934/1081/938 935/1083/939
f 913/1060/917 912/1075/916 927/1082/931 928/1084/932
f 921/1062/925 920/1076/924 935/1083/939 936/1085/940
f 914/1061/918 913/1060/917 928/1084/932 929/1086/933
f 922/1063/926 921/1062/925 936/1085/940 937/1087/941
f 915/1064/919 914/1061/918 929/1086/933 930/1088/934
f 908/1066/912 675/1089/679 923/1090/927
f 682/1091/686 922/1063/926 937/1087/941
f 916/1068/920 915/1064/919 930/1088/934 931/1092/935
f 909/1069/913 908/1066/912 923/1090/927 924/1093/928
f 917/1070/921 916/1068/920 931/1092/935 932/1077/936
f 910/1071/914 909/1069/913 924/1093/928 925/1079/929
f 937/1087/941 936/1085/940 951/1094/955 952/1095/956
f 930/1088/934 929/1086/933 944/1096/948 945/1097/949
f 923/1090/927 675/1098/679 938/1099/942
f 682/1100/686 937/1087/941 952/1095/956
f 931/1092/935 930/1088/934 945/1097/949 946/1101/950
f 924/1093/928 923/1090/927 938/1099/942 939/1102/943
f 932/1077/936 931/1092/935 946/1101/950 947/1103/951
f 925/1079/929 924/1093/928 939/1102/943 940/1104/944
f 933/1078/937 932/1077/936 947/1103/951 948/1105/952
f 926/1080/930 925/1079/929 940/1104/944 941/1106/945
f 934/1081/938 933/1078/937 948/1105/952 949/1107/953
f 927/1082/931 926/1080/930 941/1106/945 942/1108/946
f 935/1083/939 934/1081/938 949/1107/953 950/1109/954
f 928/1084/932 927/1082/931 942/1108/946 943/1110/947
f 936/1085/940 935/1083/939 950/1109/954 951/1094/955
f 929/1086/933 928/1084/932 943/1110/947 944/1096/948
f 949/1107/953 948/1105/952 963/1111/967 964/1112/968
f 942/1108/946 941/1106/945 956/1113/960 957/1114/961
f 950/1109/954 949/1107/953 964/1112/968 965/1115/969
f 943/1110/947 942/1108/946 957/1114/961 958/1116/962
f 951/1094/955 950/1109/954 965/1115/969 966/1117/970
f 944/1096/948 943/1110/947 958/1116/962 959/1118/963
f 952/1095/956 951/1094/955 966/1117/970 967/1119/971
f 945/1097/949 944/1096/948 959/1118/963 960/1120/964
f 938/1099/942 675/1121/679 953/1122/957
f 682/1123/686 952/1095/956 967/1119/971
f 946/1101/950 945/1097/949 960/1120/964 961/1124/965
f 939/1102/943 938/1099/942 953/1122/957 954/1125/958
f 947/1103/951 946/1101/950 961/1124/965 962/1126/966
f 940/1104/944 939/1102/943 954/1125/958 955/1127/959
f 948/1105/952 947/1103/951 962/1126/966 963/1111/967
f 941/1106/945 940/1104/944 955/1127/959 956/1113/960
f 953/1122/957 675/1128/679 968/1129/972
f 682/1130/686 967/1119/971 982/1131/986
f 961/1124/965 960/1120/964 975/1132/979 976/1133/980
f 954/1125/958 953/1122/957 968/1129/972 969/1134/973
f 962/1126/966 961/1124/965 976/1133/980 977/1135/981
f 955/1127/959 954/1125/958 969/1134/973 970/1136/974
f 963/1111/967 962/1126/966 977/1135/981 978/1137/982
f 956/1113/960 955/1127/959 970/1136/974 971/1138/975
f 964/1112/968 963/1111/967 978/1137/982 979/1139/983
f 957/1114/961 956/1113/960 971/1138/975 972/1140/976
f 965/1115/969 964/1112/968 979/1139/983 980/1141/984
f 958/1116/962 957/1114/961 972/1140/976 973/1142/977
f 966/1117/970 965/1115/969 980/1141/984 981/1143/985
f 959/1118/963 958/1116/962 973/1142/977 974/1144/978
f 967/1119/971 966/1117/970 981/1143/985 982/1131/986
f 960/1120/964 959/1118/963 974/1144/978 975/1132/979
f 972/1140/976 971/1138/975 986/1145/990 987/1146/991
f 980/1141/984 979/1139/983 994/1147/998 995/1148/999
f 973/1142/977 972/1140/976 987/1146/991 988/1149/992
f 981/1143/985 980/1141/984 995/1148/999 996/1150/1000
f 974/1144/978 973/1142/977 988/1149/992 989/1151/993
f 982/1131/986 981/1143/985 996/1150/1000 997/1152/1001
f 975/1132/979 974/1144/978 989/1151/993 990/1153/994
f 968/1129/972 675/1154/679 983/1155/987
f 682/1156/686 982/1131/986 997/1152/1001
f 976/1133/980 975/1132/979 990/1153/994 991/1157/995
f 969/1134/973 968/1129/972 983/1155/987 984/1158/988
f 977/1135/981 976/1133/980 991/1157/995 992/1159/996
f 970/1136/974 969/1134/973 984/1158/988 985/1160/989
f 978/1137/982 977/1135/981 992/1159/996 993/1161/997
f 971/1138/975 970/1136/974 985/1160/989 986/1145/990
f 979/1139/983 978/1137/982 993/1161/997 994/1147/998
f 991/1157/995 990/1153/994 1005/1162/1009 1006/1163/1010
f 984/1158/988 983/1155/987 998/1164/1002 999/1165/1003
f 992/1159/996 991/1157/995 1006/1163/1010 1007/1166/1011
f 985/1160/989 984/1158/988 999/1165/1003 1000/1167/1004
f 993/1161/997 992/1159/996 1007/1166/1011 1008/1168/1012
f 986/1145/990 985/1160/989 1000/1167/1004 1001/1169/1005
f 994/1147/998 993/1161/997 1008/1168/1012 1009/1170/1013
f 987/1146/991 986/1145/990 1001/1169/1005 1002/1171/1006
f 995/1148/999 994/1147/998 1009/1170/1013 1010/1172/1014
f 988/1149/992 987/1146/991 1002/1171/1006 1003/1173/1007
f 996/1150/1000 995/1148/999 1010/1172/1014 1011/1174/1015
f 989/1151/993 988/1149/992 1003/1173/1007 1004/1175/1008
f 997/1152/1001 996/1150/1000 1011/1174/1015 1012/1176/1016
f 990/1153/994 989/1151/993 1004/1175/1008 1005/1162/1009
f 983/1155/987 675/1177/679 998/1164/1002
f 682/1178/686 997/1152/1001 1012/1176/1016
f 1010/1172/1014 1009/1170/1013 1024/1179/1028 1025/1180/1029
f 1003/1173/1007 1002/1171/1006 1017/1181/1021 1018/1182/1022
f 1011/1174/1015 1010/1172/1014 1025/1180/1029 1026/1183/1030
f 1004/1175/1008 1003/1173/1007 1018/1182/1022 1019/1184/1023
f 1012/1176/1016 1011/1174/1015 1026/1183/1030 1027/1185/1031
f 1005/1162/1009 1004/1175/1008 1019/1184/1023 1020/1186/1024
f 998/1164/1002 675/1187/679 1013/1188/1017
f 682/1189/686 1012/1176/1016 1027/1185/1031
f 1006/1163/1010 1005/1162/1009 1020/1186/1024 1021/1190/1025
f 999/1165/1003 998/1164/1002 1013/1188/1017 1014/1191/1018
f 1007/1166/1011 1006/1163/1010 1021/1190/1025 1022/1192/1026
f 1000/1167/1004 999/1165/1003 1014/1191/1018 1015/1193/1019
f 1008/1168/1012 1007/1166/1011 1022/1192/1026 1023/1194/1027
f 1001/1169/1005 1000/1167/1004 1015/1193/1019 1016/1195/1020
f 1009/1170/1013 1008/1168/1012 1023/1194/1027 1024/1179/1028
f 1002/1171/1006 1001/1169/1005 1016/1195/1020 1017/1181/1021
f 1014/1191/1018 1013/1188/1017 1028/1196/1032 1029/1197/1033
f 1022/1192/1026 1021/1190/1025 1036/1198/1040 1037/1199/1041
f 1015/1193/1019 1014/1191/1018 1029/1197/1033 1030/1200/1034
f 1023/1194/1027 1022/1192/1026 1037/1199/1041 1038/1201/1042
f 1016/1195/1020 1015/1193/1019 1030/1200/1034 1031/1202/1035
f 1024/1179/1028 1023/1194/1027 1038/1201/1042 1039/1203/1043
f 1017/1181/1021 1016/1195/1020 1031/1202/1035 1032/1204/1036
f 1025/1180/1029 1024/1179/1028 1039/1203/1043 1040/1205/1044
f 1018/1182/1022 1017/1181/1021 1032/1204/1036 1033/1206/1037
f 1026/1183/1030 1025/1180/1029 1040/1205/1044 1041/1207/1045
f 1019/1184/1023 1018/1182/1022 1033/1206/1037 1034/1208/1038
f 1027/1185/1031 1026/1183/1030 1041/1207/1045 1042/1209/1046
f 1020/1186/1024 1019/1184/1023 1034/1208/1038 1035/1210/1039
f 1013/1188/1017 675/1211/679 1028/1196/1032
f 682/1212/686 1027/1185/1031 1042/1209/1046
f 1021/1190/1025 1020/1186/1024 1035/1210/1039 1036/1198/1040
f 1033/1213/1037 1032/1214/1036 1047/1215/1051 1048/1216/1052
f 1041/1217/1045 1040/1218/1044 1055/1219/1059 1056/1220/1060
f 1034/1221/1038 1033/1213/1037 1048/1216/1052 1049/1222/1053
f 1042/1223/1046 1041/1217/1045 1056/1220/1060 1057/1224/1061
f 1035/1225/1039 1034/1221/1038 1049/1222/1053 1050/1226/1054
f 1028/1227/1032 675/1228/679 1043/1229/1047
f 682/1230/686 1042/1223/1046 1057/1224/1061
f 1036/1231/1040 1035/1225/1039 1050/1226/1054 1051/1232/1055
f 1029/1233/1033 1028/1227/1032 1043/1229/1047 1044/1234/1048
f 1037/1235/1041 1036/1231/1040 1051/1232/1055 1052/1236/1056
f 1030/1237/1034 1029/1233/1033 1044/1234/1048 1045/1238/1049
f 1038/1239/1042 1037/1235/1041 1052/1236/1056 1053/1240/1057
f 1031/1241/1035 1030/1237/1034 1045/1238/1049 1046/1242/1050
f 1039/1243/1043 1038/1239/1042 1053/1240/1057 1054/1244/1058
f 1032/1214/1036 1031/1241/1035 1046/1242/1050 1047/1215/1051
f 1040/1218/1044 1039/1243/1043 1054/1244/1058 1055/1219/1059
f 1052/1236/1056 1051/1232/1055 1066/1245/1070 1067/1246/1071
f 1045/1238/1049 1044/1234/1048 1059/1247/1063 1060/1248/1064
f 1053/1240/1057 1052/1236/1056 1067/1246/1071 1068/1249/1072
f 1046/1242/1050 1045/1238/1049 1060/1248/1064 1061/1250/1065
f 1054/1244/1058 1053/1240/1057 1068/1249/1072 1069/1251/1073
f 1047/1215/1051 1046/1242/1050 1061/1250/1065 1062/1252/1066
f 1055/1219/1059 1054/1244/1058 1069/1251/1073 1070/1253/1074
f 1048/1216/1052 1047/1215/1051 1062/1252/1066 1063/1254/1067
f 1056/1220/1060 1055/1219/1059 1070/1253/1074 1071/1255/1075
f 1049/1222/1053 1048/1216/1052 1063/1254/1067 1064/1256/1068
f 1057/1224/1061 1056/1220/1060 1071/1255/1075 1072/1257/1076
f 1050/1226/1054 1049/1222/1053 1064/1256/1068 1065/1258/1069
f 1043/1229/1047 675/1259/679 1058/1260/1062
f 682/1261/686 1057/1224/1061 1072/1257/1076
f 1051/1232/1055 1050/1226/1054 1065/1258/1069 1066/1245/1070
f 1044/1234/1048 1043/1229/1047 1058/1260/1062 1059/1247/1063
f 1071/1255/1075 1070/1253/1074 1085/1262/1089 1086/1263/1090
f 1064/1256/1068 1063/1254/1067 1078/1264/1082 1079/1265/1083
f 1072/1257/1076 1071/1255/1075 1086/1263/1090 1087/1266/1091
f 1065/1258/1069 1064/1256/1068 1079/1265/1083 1080/1267/1084
f 1058/1260/1062 675/1268/679 1073/1269/1077
f 682/1270/686 1072/1257/1076 1087/1266/1091
f 1066/1245/1070 1065/1258/1069 1080/1267/1084 1081/1271/1085
f 1059/1247/1063 1058/1260/1062 1073/1269/1077 1074/1272/1078
f 1067/1246/1071 1066/1245/1070 1081/1271/1085 1082/1273/1086
f 1060/1248/1064 1059/1247/1063 1074/1272/1078 1075/1274/1079
f 1068/1249/1072 1067/1246/1071 1082/1273/1086 1083/1275/1087
f 1061/1250/1065 1060/1248/1064 1075/1274/1079 1076/1276/1080
f 1069/1251/1073 1068/1249/1072 1083/1275/1087 1084/1277/1088
f 1062/1252/1066 1061/1250/1065 1076/1276/1080 1077/1278/1081
f 1070/1253/1074 1069/1251/1073 1084/1277/1088 1085/1262/1089
f 1063/1254/1067 1062/1252/1066 1077/1278/1081 1078/1264/1082
f 1083/1275/1087 1082/1273/1086 1097/1279/1101 1098/1280/1102
f 1076/1276/1080 1075/1274/1079 1090/1281/1094 1091/1282/1095
f 1084/1277/1088 1083/1275/1087 1098/1280/1102 1099/1283/1103
f 1077/1278/1081 1076/1276/1080 1091/1282/1095 1092/1284/1096
f 1085/1262/1089 1084/1277/1088 1099/1283/1103 1100/1285/1104
f 1078/1264/1082 1077/1278/1081 1092/1284/1096 1093/1286/1097
f 1086/1263/1090 1085/1262/1089 1100/1285/1104 1101/1287/1105
f 1079/1265/1083 1078/1264/1082 1093/1286/1097 1094/1288/1098
f 1087/1266/1091 1086/1263/1090 1101/1287/1105 1102/1289/1106
f 1080/1267/1084 1079/1265/1083 1094/1288/1098 1095/1290/1099
f 1073/1269/1077 675/1291/679 1088/1292/1092
f 682/1293/686 1087/1266/1091 1102/1289/1106
f 1081/1271/1085 1080/1267/1084 1095/1290/1099 1096/1294/1100
f 1074/1272/1078 1073/1269/1077 1088/1292/1092 1089/1295/1093
f 1082/1273/1086 1081/1271/1085 1096/1294/1100 1097/1279/1101
f 1075/1274/1079 1074/1272/1078 1089/1295/1093 1090/1281/1094
f 1102/1289/1106 1101/1287/1105 1116/1296/1120 1117/1297/1121
f 1095/1290/1099 1094/1288/1098 1109/1298/1113 1110/1299/1114
f 1088/1292/1092 675/1300/679 1103/1301/1107
f 682/1302/686 1102/1289/1106 1117/1297/1121
f 1096/1294/1100 1095/1290/1099 1110/1299/1114 1111/1303/1115
f 1089/1295/1093 1088/1292/1092 1103/1301/1107 1104/1304/1108
f 1097/1279/1101 1096/1294/1100 1111/1303/1115 1112/1305/1116
f 1090/1281/1094 1089/1295/1093 1104/1304/1108 1105/1306/1109
f 1098/1280/1102 1097/1279/1101 1112/1305/1116 1113/1307/1117
f 1091/1282/1095 1090/1281/1094 1105/1306/1109 1106/1308/1110
f 1099/1283/1103 1098/1280/1102 1113/1307/1117 1114/1309/1118
f 1092/1284/1096 1091/1282/1095 1106/1308/1110 1107/1310/1111
f 1100/1285/1104 1099/1283/1103 1114/1309/1118 1115/1311/1119
f 1093/1286/1097 1092/1284/1096 1107/1310/1111 1108/1312/1112
f 1101/1287/1105 1100/1285/1104 1115/1311/1119 1116/1296/1120
f 1094/1288/1098 1093/1286/1097 1108/1312/1112 1109/1298/1113
f 1106/1308/1110 1105/1306/1109 1120/1313/1124 1121/1314/1125
f 1114/1309/1118 1113/1307/1117 1128/1315/1132 1129/1316/1133
f 1107/1310/1111 1106/1308/1110 1121/1314/1125 1122/1317/1126
f 1115/1311/1119 1114/1309/1118 1129/1316/1133 1130/1318/1134
f 1108/1312/1112 1107/1310/1111 1122/1317/1126 1123/1319/1127
f 1116/1296/1120 1115/1311/1119 1130/1318/1134 1131/1320/1135
f 1109/1298/1113 1108/1312/1112 1123/1319/1127 1124/1321/1128
f 1117/1297/1121 1116/1296/1120 1131/1320/1135 1132/1322/1136
f 1110/1299/1114 1109/1298/1113 1124/1321/1128 1125/1323/1129
f 1103/1301/1107 675/1324/679 1118/1325/1122
f 682/1326/686 1117/1297/1121 1132/1322/1136
f 1111/1303/1115 1110/1299/1114 1125/1323/1129 1126/1327/1130
f 1104/1304/1108 1103/1301/1107 1118/1325/1122 1119/1328/1123
f 1112/1305/1116 1111/1303/1115 1126/1327/1130 1127/1329/1131
f 1105/1306/1109 1104/1304/1108 1119/1328/1123 1120/1313/1124
f 1113/1307/1117 1112/1305/1116 1127/1329/1131 1128/1315/1132
f 1125/1323/1129 1124/1321/1128 1139/1330/1143 1140/1331/1144
f 1118/1325/1122 675/1332/679 1133/1333/1137
f 682/1334/686 1132/1322/1136 1147/1335/1151
f 1126/1327/1130 1125/1323/1129 1140/1331/1144 1141/1336/1145
f 1119/1328/1123 1118/1325/1122 1133/1333/1137 1134/1337/1138
f 1127/1329/1131 1126/1327/1130 1141/1336/1145 1142/1338/1146
f 1120/1313/1124 1119/1328/1123 1134/1337/1138 1135/1339/1139
f 1128/1315/1132 1127/1329/1131 1142/1338/1146 1143/1340/1147
f 1121/1314/1125 1120/1313/1124 1135/1339/1139 1136/1341/1140
f 1129/1316/1133 1128/1315/1132 1143/1340/1147 1144/1342/1148
f 1122/1317/1126 1121/1314/1125 1136/1341/1140 1137/1343/1141
f 1130/1318/1134 1129/1316/1133 1144/1342/1148 1145/1344/1149
f 1123/1319/1127 1122/1317/1126 1137/1343/1141 1138/1345/1142
f 1131/1320/1135 1130/1318/1134 1145/1344/1149 1146/1346/1150
f 1124/1321/1128 1123/1319/1127 1138/1345/1142 1139/1330/1143
f 1132/1322/1136 1131/1320/1135 1146/1346/1150 1147/1335/1151
f 1144/1342/1148 1143/1340/1147 681/795/685 1153/794/1157
f 1137/1343/1141 1136/1341/1140 1150/790/1154 677/798/681
f 1145/1344/1149 1144/1342/1148 1153/794/1157 1154/800/1158
f 1138/1345/1142 1137/1343/1141 677/798/681 1151/802/1155
f 1146/1346/1150 1145/1344/1149 1154/800/1158 1155/804/1159
f 1139/1330/1143 1138/1345/1142 1151/802/1155 678/806/682
f 1147/1335/1151 1146/1346/1150 1155/804/1159 1156/808/1160
f 1140/1331/1144 1139/1330/1143 678/806/682 679/810/683
f 1133/1333/1137 675/1347/679 1148/812/1152
f 682/1348/686 1147/1335/1151 1156/808/1160
f 1141/1336/1145 1140/1331/1144 679/810/683 680/816/684
f 1134/1337/1138 1133/1333/1137 1148/812/1152 1149/818/1153
f 1142/1338/1146 1141/1336/1145 680/816/684 1152/820/1156
f 1135/1339/1139 1134/1337/1138 1149/818/1153 676/791/680
f 1143/1340/1147 1142/1338/1146 1152/820/1156 681/795/685
f 1136/1341/1140 1135/1339/1139 676/791/680 1150/790/1154
o Ojo_rojo.001
v 0.200000 6.490000 0.500000
v 0.200000 6.468091 0.455554
v 0.200000 6.432224 0.433482
v 0.200000 6.385362 0.421537
v 0.200000 6.360000 0.420000
v 0.200000 6.334639 0.421537
v 0.200000 6.287776 0.433482
v 0.200000 6.230000 0.500000
v 0.204948 6.487502 0.484693
v 0.209706 6.480104 0.469974
v 0.214090 6.468091 0.456408
v 0.217933 6.451924 0.444518
v 0.221088 6.432224 0.434761
v 0.223431 6.409749 0.427510
v 0.224874 6.385362 0.423045
v 0.225362 6.360000 0.421537
v 0.224874 6.334639 0.423045
v 0.223431 6.310251 0.427510
v 0.221088 6.287776 0.434761
v 0.217933 6.268076 0.444518
v 0.214090 6.251909 0.456408
v 0.209706 6.239896 0.469974
v 0.204948 6.232498 0.484693
v 0.209706 6.487502 0.485581
v 0.219038 6.480104 0.471716
v 0.227639 6.468091 0.458938
v 0.235178 6.451924 0.447737
v 0.241365 6.432224 0.438546
v 0.245962 6.409749 0.431716
v 0.248793 6.385362 0.427510
v 0.249749 6.360000 0.426090
v 0.248793 6.334639 0.427510
v 0.245962 6.310251 0.431716
v 0.241365 6.287776 0.438546
v 0.235178 6.268076 0.447737
v 0.227639 6.251909 0.458938
v 0.219038 6.239896 0.471716
v 0.209706 6.232498 0.485581
v 0.214090 6.487502 0.487023
v 0.227639 6.480104 0.474545
v 0.240126 6.468091 0.463045
v 0.251070 6.451924 0.452965
v 0.260052 6.432224 0.444693
v 0.266726 6.409749 0.438546
v 0.270836 6.385362 0.434761
v 0.272224 6.360000 0.433482
v 0.270836 6.334639 0.434761
v 0.266726 6.310251 0.438546
v 0.260052 6.287776 0.444693
v 0.251070 6.268076 0.452965
v 0.240126 6.251909 0.463045
v 0.227639 6.239896 0.474545
v 0.214090 6.232498 0.487023
v 0.217933 6.487502 0.488964
v 0.235178 6.480104 0.478352
v 0.251070 6.468091 0.468572
v 0.265000 6.451924 0.460000
v 0.276432 6.432224 0.452965
v 0.284927 6.409749 0.447737
v 0.290158 6.385362 0.444518
v 0.291924 6.360000 0.443431
v 0.290158 6.334639 0.444518
v 0.284927 6.310251 0.447737
v 0.276432 6.287776 0.452965
v 0.265000 6.268076 0.460000
v 0.251070 6.251909 0.468572
v 0.235178 6.239896 0.478352
v 0.217933 6.232498 0.488964
v 0.221088 6.487502 0.491329
v 0.241365 6.480104 0.482991
v 0.260052 6.468091 0.475307
v 0.276432 6.451924 0.468572
v 0.289874 6.432224 0.463045
v 0.299863 6.409749 0.458938
v 0.306014 6.385362 0.456408
v 0.308091 6.360000 0.455554
v 0.306014 6.334639 0.456408
v 0.299863 6.310251 0.458938
v 0.289874 6.287776 0.463045
v 0.276432 6.268076 0.468572
v 0.260052 6.251909 0.475307
v 0.241365 6.239896 0.482991
v 0.221088 6.232498 0.491329
v 0.223431 6.487502 0.494027
v 0.245962 6.480104 0.488284
v 0.266726 6.468091 0.482991
v 0.284927 6.451924 0.478352
v 0.299863 6.432224 0.474545
v 0.310962 6.409749 0.471716
v 0.317797 6.385362 0.469974
v 0.320104 6.360000 0.469385
v 0.317797 6.334639 0.469974
v 0.310962 6.310251 0.471716
v 0.299863 6.287776 0.474545
v 0.284927 6.268076 0.478352
v 0.266726 6.251909 0.482991
v 0.245962 6.239896 0.488284
v 0.223431 6.232498 0.494027
v 0.224874 6.487502 0.496955
v 0.248793 6.480104 0.494027
v 0.270836 6.468091 0.491329
v 0.290158 6.451924 0.488964
v 0.306014 6.432224 0.487023
v 0.317797 6.409749 0.485581
v 0.325052 6.385362 0.484693
v 0.327502 6.360000 0.484393
v 0.325052 6.334639 0.484693
v 0.317797 6.310251 0.485581
v 0.306014 6.287776 0.487023
v 0.290158 6.268076 0.488964
v 0.270836 6.251909 0.491329
v 0.248793 6.239896 0.494027
v 0.224874 6.232498 0.496955
v 0.225362 6.487502 0.500000
v 0.249749 6.480104 0.500000
v 0.272224 6.468091 0.500000
v 0.291924 6.451924 0.500000
v 0.308091 6.432224 0.500000
v 0.320104 6.409749 0.500000
v 0.327502 6.385362 0.500000
v 0.330000 6.360000 0.500000
v 0.327502 6.334639 0.500000
v 0.320104 6.310251 0.500000
v 0.308091 6.287776 0.500000
v 0.291924 6.268076 0.500000
v 0.272224 6.251909 0.500000
v 0.249749 6.239896 0.500000
v 0.225362 6.232498 0.500000
v 0.224874 6.487502 0.503045
v 0.248793 6.480104 0.505973
v 0.270836 6.468091 0.508671
v 0.290158 6.451924 0.511036
v 0.306014 6.432224 0.512977
v 0.317797 6.409749 0.514419
v 0.325052 6.385362 0.515307
v 0.327502 6.360000 0.515607
v 0.325052 6.334639 0.515307
v 0.317797 6.310251 0.514419
v 0.306014 6.287776 0.512977
v 0.290158 6.268076 0.511036
v 0.270836 6.251909 0.508671
v 0.248793 6.239896 0.505973
v 0.224874 6.232498 0.503045
v 0.223431 6.487502 0.505973
v 0.245962 6.480104 0.511716
v 0.266726 6.468091 0.517009
v 0.284927 6.451924 0.521648
v 0.299863 6.432224 0.525455
v 0.310962 6.409749 0.528284
v 0.317797 6.385362 0.530026
v 0.320104 6.360000 0.530615
v 0.317797 6.334639 0.530026
v 0.310962 6.310251 0.528284
v 0.299863 6.287776 0.525455
v 0.284927 6.268076 0.521648
v 0.266726 6.251909 0.517009
v 0.245962 6.239896 0.511716
v 0.223431 6.232498 0.505973
v 0.221088 6.487502 0.508671
v 0.241365 6.480104 0.517009
v 0.260052 6.468091 0.524693
v 0.276432 6.451924 0.531428
v 0.289874 6.432224 0.536955
v 0.299863 6.409749 0.541062
v 0.306014 6.385362 0.543592
v 0.308091 6.360000 0.544446
v 0.306014 6.334639 0.543592
v 0.299863 6.310251 0.541062
v 0.289874 6.287776 0.536955
v 0.276432 6.268076 0.531428
v 0.260052 6.251909 0.524693
v 0.241365 6.239896 0.517009
v 0.221088 6.232498 0.508671
v 0.217933 6.487502 0.511036
v 0.235178 6.480104 0.521648
v 0.251070 6.468091 0.531428
v 0.265000 6.451924 0.540000
v 0.276432 6.432224 0.547035
v 0.284927 6.409749 0.552262
v 0.290158 6.385362 0.555482
v 0.291924 6.360000 0.556569
v 0.290158 6.334639 0.555482
v 0.284927 6.310251 0.552262
v 0.276432 6.287776 0.547035
v 0.265000 6.268076 0.540000
v 0.251070 6.251909 0.531428
v 0.235178 6.239896 0.521648
v 0.217933 6.232498 0.511036
v 0.214090 6.487502 0.512977
v 0.227639 6.480104 0.525455
v 0.240126 6.468091 0.536955
v 0.251070 6.451924 0.547035
v 0.260052 6.432224 0.555307
v 0.266726 6.409749 0.561454
v 0.270836 6.385362 0.565239
v 0.272224 6.360000 0.566518
v 0.270836 6.334639 0.565239
v 0.266726 6.310251 0.561454
v 0.260052 6.287776 0.555307
v 0.251070 6.268076 0.547035
v 0.240126 6.251909 0.536955
v 0.227639 6.239896 0.525455
v 0.214090 6.232498 0.512977
v 0.209706 6.487502 0.514419
v 0.219038 6.480104 0.528284
v 0.227639 6.468091 0.541062
v 0.235178 6.451924 0.552262
v 0.241365 6.432224 0.561454
v 0.245962 6.409749 0.568284
v 0.248793 6.385362 0.572490
v 0.249749 6.360000 0.573910
v 0.248793 6.334639 0.572490
v 0.245962 6.310251 0.568284
v 0.241365 6.287776 0.561454
v 0.235178 6.268076 0.552262
v 0.227639 6.251909 0.541062
v 0.219038 6.239896 0.528284
v 0.209706 6.232498 0.514419
v 0.204948 6.487502 0.515307
v 0.209706 6.480104 0.530026
v 0.214090 6.468091 0.543592
v 0.217933 6.451924 0.555482
v 0.221088 6.432224 0.565239
v 0.223431 6.409749 0.572490
v 0.224874 6.385362 0.576955
v 0.225362 6.360000 0.578463
v 0.224874 6.334639 0.576955
v 0.223431 6.310251 0.572490
v 0.221088 6.287776 0.565239
v 0.217933 6.268076 0.555482
v 0.214090 6.251909 0.543592
v 0.209706 6.239896 0.530026
v 0.204948 6.232498 0.515307
v 0.200000 6.487502 0.515607
v 0.200000 6.480104 0.530615
v 0.200000 6.468091 0.544446
v 0.200000 6.451924 0.556569
v 0.200000 6.432224 0.566518
v 0.200000 6.409749 0.573910
v 0.200000 6.385362 0.578463
v 0.200000 6.360000 0.580000
v 0.200000 6.334639 0.578463
v 0.200000 6.310251 0.573910
v 0.200000 6.287776 0.566518
v 0.200000 6.268076 0.556569
v 0.200000 6.251909 0.544446
v 0.200000 6.239896 0.530615
v 0.200000 6.232498 0.515607
v 0.195052 6.487502 0.515307
v 0.190294 6.480104 0.530026
v 0.185910 6.468091 0.543592
v 0.182067 6.451924 0.555482
v 0.178912 6.432224 0.565239
v 0.176569 6.409749 0.572490
v 0.175126 6.385362 0.576955
v 0.174638 6.360000 0.578463
v 0.175126 6.334639 0.576955
v 0.176569 6.310251 0.572490
v 0.178912 6.287776 0.565239
v 0.182067 6.268076 0.555482
v 0.185910 6.251909 0.543592
v 0.190294 6.239896 0.530026
v 0.195052 6.232498 0.515307
v 0.190294 6.487502 0.514419
v 0.180962 6.480104 0.528284
v 0.172361 6.468091 0.541062
v 0.164822 6.451924 0.552262
v 0.158635 6.432224 0.561454
v 0.154038 6.409749 0.568284
v 0.151207 6.385362 0.572490
v 0.150251 6.360000 0.573910
v 0.151207 6.334639 0.572490
v 0.154038 6.310251 0.568284
v 0.158635 6.287776 0.561454
v 0.164822 6.268076 0.552262
v 0.172361 6.251909 0.541062
v 0.180962 6.239896 0.528284
v 0.190294 6.232498 0.514419
v 0.185910 6.487502 0.512977
v 0.172361 6.480104 0.525455
v 0.159874 6.468091 0.536955
v 0.148930 6.451924 0.547035
v 0.139948 6.432224 0.555307
v 0.133274 6.409749 0.561454
v 0.129164 6.385362 0.565239
v 0.127776 6.360000 0.566517
v 0.129164 6.334639 0.565239
v 0.133274 6.310251 0.561454
v 0.139948 6.287776 0.555307
v 0.148930 6.268076 0.547035
v 0.159874 6.251909 0.536955
v 0.172361 6.239896 0.525455
v 0.185910 6.232498 0.512977
v 0.182067 6.487502 0.511036
v 0.164822 6.480104 0.521648
v 0.148930 6.468091 0.531428
v 0.135000 6.451924 0.540000
v 0.123568 6.432224 0.547035
v 0.115073 6.409749 0.552262
v 0.109842 6.385362 0.555482
v 0.108076 6.360000 0.556569
v 0.109842 6.334639 0.555482
v 0.115073 6.310251 0.552262
v 0.123568 6.287776 0.547035
v 0.135000 6.268076 0.540000
v 0.148930 6.251909 0.531428
v 0.164822 6.239896 0.521648
v 0.182067 6.232498 0.511036
v 0.178913 6.487502 0.508671
v 0.158635 6.480104 0.517009
v 0.139948 6.468091 0.524693
v 0.123568 6.451924 0.531428
v 0.110126 6.432224 0.536955
v 0.100137 6.409749 0.541062
v 0.093986 6.385362 0.543592
v 0.091909 6.360000 0.544446
v 0.093986 6.334639 0.543592
v 0.100137 6.310251 0.541062
v 0.110126 6.287776 0.536955
v 0.123568 6.268076 0.531428
v 0.139948 6.251909 0.524693
v 0.158635 6.239896 0.517009
v 0.178913 6.232498 0.508671
v 0.176569 6.487502 0.505973
v 0.154038 6.480104 0.511716
v 0.133274 6.468091 0.517009
v 0.115073 6.451924 0.521648
v 0.100137 6.432224 0.525455
v 0.089038 6.409749 0.528284
v 0.082203 6.385362 0.530026
v 0.079896 6.360000 0.530615
v 0.082203 6.334639 0.530026
v 0.089038 6.310251 0.528284
v 0.100137 6.287776 0.525455
v 0.115073 6.268076 0.521648
v 0.133274 6.251909 0.517009
v 0.154038 6.239896 0.511716
v 0.176569 6.232498 0.505973
v 0.175126 6.487502 0.503045
v 0.151207 6.480104 0.505973
v 0.129164 6.468091 0.508671
v 0.109842 6.451924 0.511036
v 0.093986 6.432224 0.512977
v 0.082203 6.409749 0.514419
v 0.074948 6.385362 0.515307
v 0.072498 6.360000 0.515607
v 0.074948 6.334639 0.515307
v 0.082203 6.310251 0.514419
v 0.093986 6.287776 0.512977
v 0.109842 6.268076 0.511036
v 0.129164 6.251909 0.508671
v 0.151207 6.239896 0.505973
v 0.175126 6.232498 0.503045
v 0.174638 6.487502 0.500000
v 0.150251 6.480104 0.500000
v 0.127776 6.468091 0.500000
v 0.108076 6.451924 0.500000
v 0.091909 6.432224 0.500000
v 0.079896 6.409749 0.500000
v 0.072498 6.385362 0.500000
v 0.070000 6.360000 0.500000
v 0.072498 6.334639 0.500000
v 0.079896 6.310251 0.500000
v 0.091909 6.287776 0.500000
v 0.108076 6.268076 0.500000
v 0.127776 6.251909 0.500000
v 0.150251 6.239896 0.500000
v 0.174638 6.232498 0.500000
v 0.175126 6.487502 0.496955
v 0.151207 6.480104 0.494027
v 0.129164 6.468091 0.491329
v 0.109842 6.451924 0.488964
v 0.093986 6.432224 0.487023
v 0.082203 6.409749 0.485581
v 0.074948 6.385362 0.484693
v 0.072498 6.360000 0.484393
v 0.074948 6.334639 0.484693
v 0.082203 6.310251 0.485581
v 0.093986 6.287776 0.487023
v 0.109842 6.268076 0.488964
v 0.129164 6.251909 0.491329
v 0.151207 6.239896 0.494027
v 0.175126 6.232498 0.496955
v 0.176569 6.487502 0.494027
v 0.154038 6.480104 0.488284
v 0.133274 6.468091 0.482991
v 0.115073 6.451924 0.478352
v 0.100137 6.432224 0.474545
v 0.089038 6.409749 0.471716
v 0.082204 6.385362 0.469974
v 0.079896 6.360000 0.469385
v 0.082204 6.334639 0.469974
v 0.089038 6.310251 0.471716
v 0.100137 6.287776 0.474545
v 0.115073 6.268076 0.478352
v 0.133274 6.251909 0.482991
v 0.154038 6.239896 0.488284
v 0.176569 6.232498 0.494027
v 0.178913 6.487502 0.491329
v 0.158635 6.480104 0.482991
v 0.139948 6.468091 0.475307
v 0.123568 6.451924 0.468572
v 0.110126 6.432224 0.463045
v 0.100137 6.409749 0.458938
v 0.093986 6.385362 0.456408
v 0.091909 6.360000 0.455554
v 0.093986 6.334639 0.456408
v 0.100137 6.310251 0.458938
v 0.110126 6.287776 0.463045
v 0.123568 6.268076 0.468572
v 0.139948 6.251909 0.475307
v 0.158635 6.239896 0.482991
v 0.178913 6.232498 0.491329
v 0.182067 6.487502 0.488964
v 0.164822 6.480104 0.478352
v 0.148930 6.468091 0.468572
v 0.135000 6.451924 0.460000
v 0.123568 6.432224 0.452965
v 0.115073 6.409749 0.447738
v 0.109842 6.385362 0.444518
v 0.108076 6.360000 0.443431
v 0.109842 6.334639 0.444518
v 0.115073 6.310251 0.447738
v 0.123568 6.287776 0.452965
v 0.135000 6.268076 0.460000
v 0.148930 6.251909 0.468572
v 0.164822 6.239896 0.478352
v 0.182067 6.232498 0.488964
v 0.185910 6.487502 0.487023
v 0.172361 6.480104 0.474545
v 0.159874 6.468091 0.463045
v 0.148930 6.451924 0.452965
v 0.139948 6.432224 0.444693
v 0.133274 6.409749 0.438546
v 0.129164 6.385362 0.434761
v 0.127776 6.360000 0.433482
v 0.129164 6.334639 0.434761
v 0.133274 6.310251 0.438546
v 0.139948 6.287776 0.444693
v 0.148930 6.268076 0.452965
v 0.159874 6.251909 0.463045
v 0.172361 6.239896 0.474545
v 0.185910 6.232498 0.487023
v 0.190295 6.487502 0.485581
v 0.180962 6.480104 0.471716
v 0.172361 6.468091 0.458938
v 0.164822 6.451924 0.447737
v 0.158635 6.432224 0.438546
v 0.154038 6.409749 0.431716
v 0.151207 6.385362 0.427510
v 0.150251 6.360000 0.426090
v 0.151207 6.334639 0.427510
v 0.154038 6.310251 0.431716
v 0.158635 6.287776 0.438546
v 0.164822 6.268076 0.447737
v 0.172361 6.251909 0.458938
v 0.180962 6.239896 0.471716
v 0.190295 6.232498 0.485581
v 0.195052 6.487502 0.484693
v 0.190295 6.480104 0.469974
v 0.185910 6.468091 0.456408
v 0.182067 6.451924 0.444518
v 0.178913 6.432224 0.434761
v 0.176569 6.409749 0.427510
v 0.175126 6.385362 0.423045
v 0.174638 6.360000 0.421537
v 0.175126 6.334639 0.423045
v 0.176569 6.310251 0.427510
v 0.178913 6.287776 0.434761
v 0.182067 6.268076 0.444518
v 0.185910 6.251909 0.456408
v 0.190295 6.239896 0.469974
v 0.195052 6.232498 0.484693
v 0.200000 6.487502 0.484393
v 0.200000 6.480104 0.469385
v 0.200000 6.451924 0.443431
v 0.200000 6.409749 0.426090
v 0.200000 6.310251 0.426090
v 0.200000 6.268076 0.443431
v 0.200000 6.251909 0.455554
v 0.200000 6.239896 0.469385
v 0.200000 6.232498 0.484393
vn -0.0000 1.0000 -0.0000
vn -0.0000 0.6793 -0.7339
vn -0.0000 0.3817 -0.9243
vn -0.0000 0.1219 -0.9925
vn -0.0000 -0.0000 -1.0000
vn -0.0000 -0.1219 -0.9925
vn -0.0000 -0.3817 -0.9243
vn -0.0000 -1.0000 -0.0000
vn 0.0363 0.9521 -0.3036
vn 0.0669 0.8335 -0.5485
vn 0.0890 0.6835 -0.7245
vn 0.1037 0.5304 -0.8414
vn 0.1131 0.3856 -0.9157
vn 0.1187 0.2507 -0.9607
vn 0.1217 0.1234 -0.9849
vn 0.1227 -0.0000 -0.9924
vn 0.1217 -0.1234 -0.9849
vn 0.1187 -0.2507 -0.9607
vn 0.1131 -0.3856 -0.9157
vn 0.1037 -0.5304 -0.8414
vn 0.0890 -0.6835 -0.7245
vn 0.0669 -0.8335 -0.5485
vn 0.0363 -0.9521 -0.3036
vn 0.0718 0.9548 -0.2883
vn 0.1328 0.8419 -0.5230
vn 0.1779 0.6961 -0.6955
vn 0.2087 0.5440 -0.8127
vn 0.2286 0.3975 -0.8887
vn 0.2408 0.2593 -0.9353
vn 0.2474 0.1279 -0.9604
vn 0.2495 -0.0000 -0.9684
vn 0.2474 -0.1279 -0.9604
vn 0.2408 -0.2593 -0.9353
vn 0.2286 -0.3975 -0.8887
vn 0.2087 -0.5440 -0.8127
vn 0.1779 -0.6961 -0.6955
vn 0.1328 -0.8419 -0.5230
vn 0.0718 -0.9548 -0.2883
vn 0.1056 0.9590 -0.2629
vn 0.1964 0.8551 -0.4799
vn 0.2661 0.7163 -0.6451
vn 0.3154 0.5662 -0.7615
vn 0.3484 0.4174 -0.8393
vn 0.3691 0.2739 -0.8881
vn 0.3805 0.1355 -0.9148
vn 0.3841 -0.0000 -0.9233
vn 0.3805 -0.1355 -0.9148
vn 0.3691 -0.2739 -0.8881
vn 0.3484 -0.4174 -0.8393
vn 0.3154 -0.5662 -0.7615
vn 0.2661 -0.7163 -0.6451
vn 0.1964 -0.8551 -0.4799
vn 0.1056 -0.9590 -0.2629
vn 0.1366 0.9642 -0.2273
vn 0.2560 0.8715 -0.4183
vn 0.3518 0.7424 -0.5702
vn 0.4231 0.5961 -0.6824
vn 0.4729 0.4449 -0.7606
vn 0.5052 0.2945 -0.8112
vn 0.5233 0.1464 -0.8395
vn 0.5291 -0.0000 -0.8485
vn 0.5233 -0.1464 -0.8395
vn 0.5052 -0.2945 -0.8112
vn 0.4729 -0.4449 -0.7606
vn 0.4231 -0.5961 -0.6824
vn 0.3518 -0.7424 -0.5702
vn 0.2560 -0.8715 -0.4183
vn 0.1366 -0.9642 -0.2273
vn 0.1637 0.9696 -0.1821
vn 0.3091 0.8890 -0.3377
vn 0.4315 0.7715 -0.4675
vn 0.5277 0.6310 -0.5686
vn 0.5986 0.4783 -0.6426
vn 0.6465 0.3202 -0.6924
vn 0.6741 0.1603 -0.7210
vn 0.6831 -0.0000 -0.7303
vn 0.6741 -0.1603 -0.7210
vn 0.6465 -0.3202 -0.6924
vn 0.5986 -0.4783 -0.6426
vn 0.5277 -0.6310 -0.5686
vn 0.4315 -0.7715 -0.4675
vn 0.3091 -0.8890 -0.3377
vn 0.1637 -0.9696 -0.1821
vn 0.1852 0.9743 -0.1278
vn 0.3521 0.9050 -0.2387
vn 0.4990 0.7991 -0.3353
vn 0.6206 0.6657 -0.4144
vn 0.7149 0.5129 -0.4752
vn 0.7815 0.3478 -0.5179
vn 0.8211 0.1755 -0.5431
vn 0.8342 -0.0000 -0.5514
vn 0.8211 -0.1755 -0.5431
vn 0.7815 -0.3478 -0.5179
vn 0.7149 -0.5129 -0.4752
vn 0.6206 -0.6657 -0.4144
vn 0.4990 -0.7991 -0.3353
vn 0.3521 -0.9050 -0.2387
vn 0.1852 -0.9743 -0.1278
vn 0.1995 0.9777 -0.0662
vn 0.3809 0.9163 -0.1241
vn 0.5455 0.8194 -0.1761
vn 0.6873 0.6921 -0.2204
vn 0.8016 0.5404 -0.2556
vn 0.8853 0.3703 -0.2812
vn 0.9362 0.1882 -0.2967
vn 0.9533 -0.0000 -0.3019
vn 0.9362 -0.1882 -0.2967
vn 0.8853 -0.3703 -0.2812
vn 0.8016 -0.5404 -0.2556
vn 0.6873 -0.6921 -0.2204
vn 0.5455 -0.8194 -0.1761
vn 0.3809 -0.9163 -0.1241
vn 0.1995 -0.9777 -0.0662
vn 0.2046 0.9789 -0.0000
vn 0.3911 0.9204 -0.0000
vn 0.5623 0.8269 -0.0000
vn 0.7120 0.7022 -0.0000
vn 0.8345 0.5511 -0.0000
vn 0.9253 0.3792 -0.0000
vn 0.9812 0.1932 -0.0000
vn 1.0000 -0.0000 -0.0000
vn 0.9812 -0.1932 -0.0000
vn 0.9253 -0.3792 -0.0000
vn 0.8345 -0.5511 -0.0000
vn 0.7120 -0.7022 -0.0000
vn 0.5623 -0.8269 -0.0000
vn 0.3911 -0.9204 -0.0000
vn 0.2046 -0.9789 -0.0000
vn 0.1995 0.9777 0.0662
vn 0.3809 0.9163 0.1241
vn 0.5455 0.8194 0.1761
vn 0.6873 0.6921 0.2204
vn 0.8016 0.5404 0.2556
vn 0.8853 0.3703 0.2812
vn 0.9362 0.1882 0.2967
vn 0.9533 -0.0000 0.3019
vn 0.9362 -0.1882 0.2967
vn 0.8853 -0.3703 0.2812
vn 0.8016 -0.5404 0.2556
vn 0.6873 -0.6921 0.2204
vn 0.5455 -0.8194 0.1761
vn 0.3809 -0.9163 0.1241
vn 0.1995 -0.9777 0.0662
vn 0.1852 0.9743 0.1278
vn 0.3521 0.9050 0.2387
vn 0.4990 0.7991 0.3353
vn 0.6206 0.6657 0.4144
vn 0.7149 0.5129 0.4752
vn 0.7815 0.3478 0.5179
vn 0.8211 0.1755 0.5431
vn 0.8342 -0.0000 0.5514
vn 0.8211 -0.1755 0.5431
vn 0.7815 -0.3478 0.5179
vn 0.7149 -0.5129 0.4752
vn 0.6206 -0.6657 0.4144
vn 0.4990 -0.7991 0.3353
vn 0.3521 -0.9050 0.2387
vn 0.1852 -0.9743 0.1278
vn 0.1637 0.9696 0.1821
vn 0.3091 0.8890 0.3377
vn 0.4315 0.7715 0.4675
vn 0.5277 0.6310 0.5686
vn 0.5986 0.4783 0.6426
vn 0.6465 0.3202 0.6924
vn 0.6741 0.1603 0.7210
vn 0.6831 -0.0000 0.7303
vn 0.6741 -0.1603 0.7210
vn 0.6465 -0.3202 0.6924
vn 0.5986 -0.4783 0.6426
vn 0.5277 -0.6310 0.5686
vn 0.4315 -0.7715 0.4675
vn 0.3091 -0.8890 0.3377
vn 0.1637 -0.9696 0.1821
vn 0.1366 0.9642 0.2273
vn 0.2560 0.8715 0.4183
vn 0.3518 0.7424 0.5702
vn 0.4231 0.5961 0.6824
vn 0.4729 0.4449 0.7606
vn 0.5052 0.2945 0.8112
vn 0.5233 0.1464 0.8395
vn 0.5291 -0.0000 0.8486
vn 0.5233 -0.1464 0.8395
vn 0.5052 -0.2945 0.8112
vn 0.4729 -0.4449 0.7606
vn 0.4231 -0.5961 0.6824
vn 0.3518 -0.7424 0.5702
vn 0.2560 -0.8715 0.4183
vn 0.1366 -0.9642 0.2273
vn 0.1056 0.9590 0.2629
vn 0.1964 0.8551 0.4799
vn 0.2661 0.7163 0.6451
vn 0.3154 0.5662 0.7615
vn 0.3484 0.4174 0.8393
vn 0.3691 0.2739 0.8881
vn 0.3805 0.1355 0.9148
vn 0.3841 -0.0000 0.9233
vn 0.3805 -0.1355 0.9148
vn 0.3691 -0.2739 0.8881
vn 0.3484 -0.4174 0.8393
vn 0.3154 -0.5662 0.7615
vn 0.2661 -0.7163 0.6451
vn 0.1964 -0.8551 0.4799
vn 0.1056 -0.9590 0.2629
vn 0.0718 0.9548 0.2883
vn 0.1328 0.8419 0.5230
vn 0.1779 0.6961 0.6955
vn 0.2087 0.5440 0.8127
vn 0.2286 0.3975 0.8887
vn 0.2408 0.2593 0.9353
vn 0.2474 0.1279 0.9604
vn 0.2495 -0.0000 0.9684
vn 0.2474 -0.1279 0.9604
vn 0.2408 -0.2593 0.9353
vn 0.2286 -0.3975 0.8887
vn 0.2087 -0.5440 0.8127
vn 0.1779 -0.6961 0.6955
vn 0.1328 -0.8419 0.5230
vn 0.0718 -0.9548 0.2883
vn 0.0363 0.9521 0.3036
vn 0.0669 0.8335 0.5485
vn 0.0890 0.6835 0.7245
vn 0.1037 0.5304 0.8414
vn 0.1131 0.3856 0.9157
vn 0.1187 0.2507 0.9607
vn 0.1217 0.1234 0.9849
vn 0.1227 -0.0000 0.9924
vn 0.1217 -0.1234 0.9849
vn 0.1187 -0.2507 0.9607
vn 0.1131 -0.3856 0.9157
vn 0.1037 -0.5304 0.8414
vn 0.0890 -0.6835 0.7245
vn 0.0669 -0.8335 0.5485
vn 0.0363 -0.9521 0.3036
vn -0.0000 0.9512 0.3087
vn -0.0000 0.8306 0.5569
vn -0.0000 0.6793 0.7339
vn -0.0000 0.5259 0.8506
vn -0.0000 0.3817 0.9243
vn -0.0000 0.2479 0.9688
vn -0.0000 0.1219 0.9925
vn -0.0000 -0.0000 1.0000
vn -0.0000 -0.1219 0.9925
vn -0.0000 -0.2479 0.9688
vn -0.0000 -0.3817 0.9243
vn -0.0000 -0.5259 0.8506
vn -0.0000 -0.6793 0.7339
vn -0.0000 -0.8306 0.5569
vn -0.0000 -0.9512 0.3087
vn -0.0363 0.9521 0.3036
vn -0.0669 0.8335 0.5485
vn -0.0890 0.6835 0.7245
vn -0.1037 0.5304 0.8414
vn -0.1131 0.3856 0.9157
vn -0.1187 0.2507 0.9607
vn -0.1217 0.1234 0.9849
vn -0.1227 -0.0000 0.9924
vn -0.1217 -0.1234 0.9849
vn -0.1187 -0.2507 0.9607
vn -0.1131 -0.3856 0.9157
vn -0.1037 -0.5304 0.8414
vn -0.0890 -0.6835 0.7245
vn -0.0669 -0.8335 0.5485
vn -0.0363 -0.9521 0.3036
vn -0.0718 0.9548 0.2883
vn -0.1328 0.8419 0.5230
vn -0.1779 0.6961 0.6955
vn -0.2087 0.5440 0.8127
vn -0.2286 0.3975 0.8887
vn -0.2408 0.2593 0.9353
vn -0.2474 0.1279 0.9604
vn -0.2495 -0.0000 0.9684
vn -0.2474 -0.1279 0.9604
vn -0.2408 -0.2593 0.9353
vn -0.2286 -0.3975 0.8887
vn -0.2087 -0.5440 0.8127
vn -0.1779 -0.6961 0.6955
vn -0.1328 -0.8419 0.5230
vn -0.0718 -0.9548 0.2883
vn -0.1056 0.9590 0.2629
vn -0.1964 0.8551 0.4799
vn -0.2661 0.7163 0.6451
vn -0.3154 0.5662 0.7615
vn -0.3484 0.4174 0.8393
vn -0.3691 0.2739 0.8881
vn -0.3805 0.1355 0.9148
vn -0.3841 -0.0000 0.9233
vn -0.3805 -0.1355 0.9148
vn -0.3691 -0.2739 0.8881
vn -0.3484 -0.4174 0.8393
vn -0.3154 -0.5662 0.7615
vn -0.2661 -0.7163 0.6451
vn -0.1964 -0.8551 0.4799
vn -0.1056 -0.9590 0.2629
vn -0.1366 0.9642 0.2273
vn -0.2560 0.8715 0.4183
vn -0.3518 0.7424 0.5702
vn -0.4231 0.5961 0.6824
vn -0.4729 0.4449 0.7606
vn -0.5052 0.2945 0.8112
vn -0.5233 0.1464 0.8395
vn -0.5291 -0.0000 0.8485
vn -0.5233 -0.1464 0.8395
vn -0.5052 -0.2945 0.8112
vn -0.4729 -0.4449 0.7606
vn -0.4231 -0.5961 0.6824
vn -0.3518 -0.7424 0.5702
vn -0.2560 -0.8715 0.4183
vn -0.1366 -0.9642 0.2273
vn -0.1637 0.9696 0.1821
vn -0.3091 0.8890 0.3377
vn -0.4315 0.7715 0.4675
vn -0.5277 0.6310 0.5686
vn -0.5986 0.4783 0.6426
vn -0.6465 0.3202 0.6924
vn -0.6741 0.1603 0.7210
vn -0.6831 -0.0000 0.7303
vn -0.6741 -0.1603 0.7210
vn -0.6465 -0.3202 0.6924
vn -0.5986 -0.4783 0.6426
vn -0.5277 -0.6310 0.5686
vn -0.4315 -0.7715 0.4675
vn -0.3091 -0.8890 0.3377
vn -0.1637 -0.9696 0.1821
vn -0.1852 0.9743 0.1278
vn -0.3521 0.9050 0.2387
vn -0.4990 0.7991 0.3353
vn -0.6206 0.6657 0.4144
vn -0.7149 0.5129 0.4752
vn -0.7815 0.3478 0.5179
vn -0.8211 0.1755 0.5431
vn -0.8342 -0.0000 0.5514
vn -0.8211 -0.1755 0.5431
vn -0.7815 -0.3478 0.5179
vn -0.7149 -0.5129 0.4752
vn -0.6206 -0.6657 0.4144
vn -0.4990 -0.7991 0.3353
vn -0.3521 -0.9050 0.2387
vn -0.1852 -0.9743 0.1278
vn -0.1995 0.9777 0.0662
vn -0.3809 0.9163 0.1241
vn -0.5455 0.8194 0.1761
vn -0.6873 0.6921 0.2204
vn -0.8016 0.5404 0.2556
vn -0.8853 0.3703 0.2812
vn -0.9362 0.1882 0.2967
vn -0.9533 -0.0000 0.3019
vn -0.9362 -0.1882 0.2967
vn -0.8853 -0.3703 0.2812
vn -0.8016 -0.5404 0.2556
vn -0.6873 -0.6921 0.2204
vn -0.5455 -0.8194 0.1761
vn -0.3809 -0.9163 0.1241
vn -0.1995 -0.9777 0.0662
vn -0.2046 0.9789 -0.0000
vn -0.3911 0.9204 -0.0000
vn -0.5623 0.8269 -0.0000
vn -0.7120 0.7022 -0.0000
vn -0.8345 0.5511 -0.0000
vn -0.9253 0.3792 -0.0000
vn -0.9812 0.1932 -0.0000
vn -1.0000 -0.0000 -0.0000
vn -0.9812 -0.1932 -0.0000
vn -0.9253 -0.3792 -0.0000
vn -0.8345 -0.5511 -0.0000
vn -0.7120 -0.7022 -0.0000
vn -0.5623 -0.8269 -0.0000
vn -0.3911 -0.9204 -0.0000
vn -0.2046 -0.9789 -0.0000
vn -0.1995 0.9777 -0.0662
vn -0.3809 0.9163 -0.1241
vn -0.5455 0.8194 -0.1761
vn -0.6873 0.6921 -0.2204
vn -0.8016 0.5404 -0.2556
vn -0.8853 0.3703 -0.2812
vn -0.9362 0.1882 -0.2967
vn -0.9533 -0.0000 -0.3019
vn -0.9362 -0.1882 -0.2967
vn -0.8853 -0.3703 -0.2812
vn -0.8016 -0.5404 -0.2556
vn -0.6873 -0.6921 -0.2204
vn -0.5455 -0.8194 -0.1761
vn -0.3809 -0.9163 -0.1241
vn -0.1995 -0.9777 -0.0662
vn -0.1852 0.9743 -0.1278
vn -0.3521 0.9050 -0.2387
vn -0.4990 0.7991 -0.3353
vn -0.6206 0.6657 -0.4144
vn -0.7149 0.5129 -0.4752
vn -0.7815 0.3478 -0.5179
vn -0.8211 0.1755 -0.5431
vn -0.8342 -0.0000 -0.5514
vn -0.8211 -0.1755 -0.5431
vn -0.7815 -0.3478 -0.5179
vn -0.7149 -0.5129 -0.4752
vn -0.6206 -0.6657 -0.4144
vn -0.4990 -0.7991 -0.3353
vn -0.3521 -0.9050 -0.2387
vn -0.1852 -0.9743 -0.1278
vn -0.1637 0.9696 -0.1821
vn -0.3091 0.8890 -0.3377
vn -0.4315 0.7715 -0.4675
vn -0.5277 0.6310 -0.5686
vn -0.5986 0.4783 -0.6426
vn -0.6465 0.3202 -0.6924
vn -0.6741 0.1603 -0.7210
vn -0.6831 -0.0000 -0.7303
vn -0.6741 -0.1603 -0.7210
vn -0.6465 -0.3202 -0.6924
vn -0.5986 -0.4783 -0.6426
vn -0.5277 -0.6310 -0.5686
vn -0.4315 -0.7715 -0.4675
vn -0.3091 -0.8890 -0.3377
vn -0.1637 -0.9696 -0.1821
vn -0.1366 0.9642 -0.2273
vn -0.2560 0.8715 -0.4183
vn -0.3518 0.7424 -0.5702
vn -0.4231 0.5961 -0.6824
vn -0.4729 0.4449 -0.7606
vn -0.5052 0.2945 -0.8112
vn -0.5233 0.1464 -0.8395
vn -0.5291 -0.0000 -0.8486
vn -0.5233 -0.1464 -0.8395
vn -0.5052 -0.2945 -0.8112
vn -0.4729 -0.4449 -0.7606
vn -0.4231 -0.5961 -0.6824
vn -0.3518 -0.7424 -0.5702
vn -0.2560 -0.8715 -0.4183
vn -0.1366 -0.9642 -0.2273
vn -0.1056 0.9590 -0.2629
vn -0.1964 0.8551 -0.4799
vn -0.2661 0.7163 -0.6451
vn -0.3154 0.5662 -0.7615
vn -0.3484 0.4174 -0.8393
vn -0.3691 0.2739 -0.8881
vn -0.3805 0.1355 -0.9148
vn -0.3841 -0.0000 -0.9233
vn -0.3805 -0.1355 -0.9148
vn -0.3691 -0.2739 -0.8881
vn -0.3484 -0.4174 -0.8393
vn -0.3154 -0.5662 -0.7615
vn -0.2661 -0.7163 -0.6451
vn -0.1964 -0.8551 -0.4799
vn -0.1056 -0.9590 -0.2629
vn -0.0718 0.9548 -0.2883
vn -0.1328 0.8419 -0.5230
vn -0.1779 0.6961 -0.6955
vn -0.2087 0.5440 -0.8127
vn -0.2286 0.3975 -0.8887
vn -0.2408 0.2593 -0.9353
vn -0.2474 0.1279 -0.9604
vn -0.2495 -0.0000 -0.9684
vn -0.2474 -0.1279 -0.9604
vn -0.2408 -0.2593 -0.9353
vn -0.2286 -0.3975 -0.8887
vn -0.2087 -0.5440 -0.8127
vn -0.1779 -0.6961 -0.6955
vn -0.1328 -0.8419 -0.5230
vn -0.0718 -0.9548 -0.2883
vn -0.0363 0.9521 -0.3036
vn -0.0669 0.8335 -0.5485
vn -0.0890 0.6835 -0.7245
vn -0.1037 0.5304 -0.8414
vn -0.1131 0.3856 -0.9157
vn -0.1187 0.2507 -0.9607
vn -0.1217 0.1234 -0.9849
vn -0.1227 -0.0000 -0.9924
vn -0.1217 -0.1234 -0.9849
vn -0.1187 -0.2507 -0.9607
vn -0.1131 -0.3856 -0.9157
vn -0.1037 -0.5304 -0.8414
vn -0.0890 -0.6835 -0.7245
vn -0.0669 -0.8335 -0.5485
vn -0.0363 -0.9521 -0.3036
vn -0.0000 0.9512 -0.3087
vn -0.0000 0.8306 -0.5569
vn -0.0000 0.5259 -0.8506
vn -0.0000 0.2479 -0.9688
vn -0.0000 -0.2479 -0.9688
vn -0.0000 -0.5259 -0.8506
vn -0.0000 -0.6793 -0.7339
vn -0.0000 -0.8306 -0.5569
vn -0.0000 -0.9512 -0.3087
vt 0.750000 0.250000
vt 0.750000 0.312500
vt 0.718750 0.312500
vt 0.718750 0.250000
vt 0.750000 0.687500
vt 0.750000 0.750000
vt 0.718750 0.750000
vt 0.718750 0.687500
vt 0.750000 0.187500
vt 0.718750 0.187500
vt 0.750000 0.625000
vt 0.718750 0.625000
vt 0.750000 0.125000
vt 0.718750 0.125000
vt 0.750000 0.562500
vt 0.718750 0.562500
vt 0.750000 0.062500
vt 0.718750 0.062500
vt 0.750000 0.500000
vt 0.718750 0.500000
vt 0.750000 0.937500
vt 0.734375 1.000000
vt 0.718750 0.937500
vt 0.734375 0.000000
vt 0.750000 0.437500
vt 0.718750 0.437500
vt 0.750000 0.875000
vt 0.718750 0.875000
vt 0.750000 0.375000
vt 0.718750 0.375000
vt 0.750000 0.812500
vt 0.718750 0.812500
vt 0.687500 0.375000
vt 0.687500 0.312500
vt 0.687500 0.812500
vt 0.687500 0.750000
vt 0.687500 0.250000
vt 0.687500 0.687500
vt 0.687500 0.187500
vt 0.687500 0.625000
vt 0.687500 0.125000
vt 0.687500 0.562500
vt 0.687500 0.062500
vt 0.687500 0.500000
vt 0.703125 1.000000
vt 0.687500 0.937500
vt 0.703125 0.000000
vt 0.687500 0.437500
vt 0.687500 0.875000
vt 0.656250 0.125000
vt 0.656250 0.062500
vt 0.656250 0.562500
vt 0.656250 0.500000
vt 0.671875 1.000000
vt 0.656250 0.937500
vt 0.671875 0.000000
vt 0.656250 0.437500
vt 0.656250 0.875000
vt 0.656250 0.375000
vt 0.656250 0.812500
vt 0.656250 0.312500
vt 0.656250 0.750000
vt 0.656250 0.250000
vt 0.656250 0.687500
vt 0.656250 0.187500
vt 0.656250 0.625000
vt 0.625000 0.812500
vt 0.625000 0.750000
vt 0.625000 0.312500
vt 0.625000 0.250000
vt 0.625000 0.687500
vt 0.625000 0.187500
vt 0.625000 0.625000
vt 0.625000 0.125000
vt 0.625000 0.562500
vt 0.625000 0.062500
vt 0.625000 0.500000
vt 0.640625 1.000000
vt 0.625000 0.937500
vt 0.640625 0.000000
vt 0.625000 0.437500
vt 0.625000 0.875000
vt 0.625000 0.375000
vt 0.593750 0.562500
vt 0.593750 0.500000
vt 0.609375 1.000000
vt 0.593750 0.937500
vt 0.609375 0.000000
vt 0.593750 0.062500
vt 0.593750 0.437500
vt 0.593750 0.875000
vt 0.593750 0.375000
vt 0.593750 0.812500
vt 0.593750 0.312500
vt 0.593750 0.750000
vt 0.593750 0.250000
vt 0.593750 0.687500
vt 0.593750 0.187500
vt 0.593750 0.625000
vt 0.593750 0.125000
vt 0.562500 0.312500
vt 0.562500 0.250000
vt 0.562500 0.750000
vt 0.562500 0.687500
vt 0.562500 0.187500
vt 0.562500 0.625000
vt 0.562500 0.125000
vt 0.562500 0.562500
vt 0.562500 0.062500
vt 0.562500 0.500000
vt 0.578125 1.000000
vt 0.562500 0.937500
vt 0.578125 0.000000
vt 0.562500 0.437500
vt 0.562500 0.875000
vt 0.562500 0.375000
vt 0.562500 0.812500
vt 0.546875 1.000000
vt 0.531250 0.937500
vt 0.546875 0.000000
vt 0.531250 0.062500
vt 0.531250 0.500000
vt 0.531250 0.437500
vt 0.531250 0.875000
vt 0.531250 0.375000
vt 0.531250 0.812500
vt 0.531250 0.312500
vt 0.531250 0.750000
vt 0.531250 0.250000
vt 0.531250 0.687500
vt 0.531250 0.187500
vt 0.531250 0.625000
vt 0.531250 0.125000
vt 0.531250 0.562500
vt 0.500000 0.750000
vt 0.500000 0.687500
vt 0.500000 0.250000
vt 0.500000 0.187500
vt 0.500000 0.625000
vt 0.500000 0.125000
vt 0.500000 0.562500
vt 0.500000 0.062500
vt 0.500000 0.500000
vt 0.515625 1.000000
vt 0.500000 0.937500
vt 0.515625 0.000000
vt 0.500000 0.437500
vt 0.500000 0.875000
vt 0.500000 0.375000
vt 0.500000 0.812500
vt 0.500000 0.312500
vt 0.468750 0.500000
vt 0.468750 0.437500
vt 0.468750 0.937500
vt 0.468750 0.875000
vt 0.468750 0.375000
vt 0.468750 0.812500
vt 0.468750 0.312500
vt 0.468750 0.750000
vt 0.468750 0.250000
vt 0.468750 0.687500
vt 0.468750 0.187500
vt 0.468750 0.625000
vt 0.468750 0.125000
vt 0.468750 0.562500
vt 0.468750 0.062500
vt 0.484375 1.000000
vt 0.484375 0.000000
vt 0.437500 0.250000
vt 0.437500 0.187500
vt 0.437500 0.687500
vt 0.437500 0.625000
vt 0.437500 0.125000
vt 0.437500 0.562500
vt 0.437500 0.062500
vt 0.437500 0.500000
vt 0.453125 1.000000
vt 0.437500 0.937500
vt 0.453125 0.000000
vt 0.437500 0.437500
vt 0.437500 0.875000
vt 0.437500 0.375000
vt 0.437500 0.812500
vt 0.437500 0.312500
vt 0.437500 0.750000
vt 0.406250 0.437500
vt 0.406250 0.375000
vt 0.406250 0.875000
vt 0.406250 0.812500
vt 0.406250 0.312500
vt 0.406250 0.750000
vt 0.406250 0.250000
vt 0.406250 0.687500
vt 0.406250 0.187500
vt 0.406250 0.625000
vt 0.406250 0.125000
vt 0.406250 0.562500
vt 0.406250 0.062500
vt 0.406250 0.500000
vt 0.421875 1.000000
vt 0.406250 0.937500
vt 0.421875 0.000000
vt 0.375000 0.187500
vt 0.375000 0.125000
vt 0.375000 0.625000
vt 0.375000 0.562500
vt 0.375000 0.062500
vt 0.375000 0.500000
vt 0.390625 1.000000
vt 0.375000 0.937500
vt 0.390625 0.000000
vt 0.375000 0.437500
vt 0.375000 0.875000
vt 0.375000 0.375000
vt 0.375000 0.812500
vt 0.375000 0.312500
vt 0.375000 0.750000
vt 0.375000 0.250000
vt 0.375000 0.687500
vt 0.343750 0.875000
vt 0.343750 0.812500
vt 0.343750 0.375000
vt 0.343750 0.312500
vt 0.343750 0.750000
vt 0.343750 0.250000
vt 0.343750 0.687500
vt 0.343750 0.187500
vt 0.343750 0.625000
vt 0.343750 0.125000
vt 0.343750 0.562500
vt 0.343750 0.062500
vt 0.343750 0.500000
vt 0.359375 1.000000
vt 0.343750 0.937500
vt 0.359375 0.000000
vt 0.343750 0.437500
vt 0.312500 0.625000
vt 0.312500 0.562500
vt 0.312500 0.125000
vt 0.312500 0.062500
vt 0.312500 0.500000
vt 0.328125 1.000000
vt 0.312500 0.937500
vt 0.328125 0.000000
vt 0.312500 0.437500
vt 0.312500 0.875000
vt 0.312500 0.375000
vt 0.312500 0.812500
vt 0.312500 0.312500
vt 0.312500 0.750000
vt 0.312500 0.250000
vt 0.312500 0.687500
vt 0.312500 0.187500
vt 0.281250 0.375000
vt 0.281250 0.312500
vt 0.281250 0.812500
vt 0.281250 0.750000
vt 0.281250 0.250000
vt 0.281250 0.687500
vt 0.281250 0.187500
vt 0.281250 0.625000
vt 0.281250 0.125000
vt 0.281250 0.562500
vt 0.281250 0.062500
vt 0.281250 0.500000
vt 0.296875 1.000000
vt 0.281250 0.937500
vt 0.296875 0.000000
vt 0.281250 0.437500
vt 0.281250 0.875000
vt 0.250000 0.125000
vt 0.250000 0.062500
vt 0.250000 0.562500
vt 0.250000 0.500000
vt 0.265625 1.000000
vt 0.250000 0.937500
vt 0.265625 0.000000
vt 0.250000 0.437500
vt 0.250000 0.875000
vt 0.250000 0.375000
vt 0.250000 0.812500
vt 0.250000 0.312500
vt 0.250000 0.750000
vt 0.250000 0.250000
vt 0.250000 0.687500
vt 0.250000 0.187500
vt 0.250000 0.625000
vt 0.218750 0.812500
vt 0.218750 0.750000
vt 0.218750 0.312500
vt 0.218750 0.250000
vt 0.218750 0.687500
vt 0.218750 0.187500
vt 0.218750 0.625000
vt 0.218750 0.125000
vt 0.218750 0.562500
vt 0.218750 0.062500
vt 0.218750 0.500000
vt 0.234375 1.000000
vt 0.218750 0.937500
vt 0.234375 0.000000
vt 0.218750 0.437500
vt 0.218750 0.875000
vt 0.218750 0.375000
vt 0.187500 0.562500
vt 0.187500 0.500000
vt 0.203125 1.000000
vt 0.187500 0.937500
vt 0.203125 0.000000
vt 0.187500 0.062500
vt 0.187500 0.437500
vt 0.187500 0.875000
vt 0.187500 0.375000
vt 0.187500 0.812500
vt 0.187500 0.312500
vt 0.187500 0.750000
vt 0.187500 0.250000
vt 0.187500 0.687500
vt 0.187500 0.187500
vt 0.187500 0.625000
vt 0.187500 0.125000
vt 0.156250 0.312500
vt 0.156250 0.250000
vt 0.156250 0.750000
vt 0.156250 0.687500
vt 0.156250 0.187500
vt 0.156250 0.625000
vt 0.156250 0.125000
vt 0.156250 0.562500
vt 0.156250 0.062500
vt 0.156250 0.500000
vt 0.171875 1.000000
vt 0.156250 0.937500
vt 0.171875 0.000000
vt 0.156250 0.437500
vt 0.156250 0.875000
vt 0.156250 0.375000
vt 0.156250 0.812500
vt 0.140625 0.000000
vt 0.125000 0.062500
vt 0.125000 0.500000
vt 0.125000 0.437500
vt 0.125000 0.937500
vt 0.125000 0.875000
vt 0.125000 0.375000
vt 0.125000 0.812500
vt 0.125000 0.312500
vt 0.125000 0.750000
vt 0.125000 0.250000
vt 0.125000 0.687500
vt 0.125000 0.187500
vt 0.125000 0.625000
vt 0.125000 0.125000
vt 0.125000 0.562500
vt 0.140625 1.000000
vt 0.093750 0.250000
vt 0.093750 0.187500
vt 0.093750 0.687500
vt 0.093750 0.625000
vt 0.093750 0.125000
vt 0.093750 0.562500
vt 0.093750 0.062500
vt 0.093750 0.500000
vt 0.109375 1.000000
vt 0.093750 0.937500
vt 0.109375 0.000000
vt 0.093750 0.437500
vt 0.093750 0.875000
vt 0.093750 0.375000
vt 0.093750 0.812500
vt 0.093750 0.312500
vt 0.093750 0.750000
vt 0.062500 0.937500
vt 0.062500 0.875000
vt 0.062500 0.437500
vt 0.062500 0.375000
vt 0.062500 0.812500
vt 0.062500 0.312500
vt 0.062500 0.750000
vt 0.062500 0.250000
vt 0.062500 0.687500
vt 0.062500 0.187500
vt 0.062500 0.625000
vt 0.062500 0.125000
vt 0.062500 0.562500
vt 0.062500 0.062500
vt 0.062500 0.500000
vt 0.078125 1.000000
vt 0.078125 0.000000
vt 0.031250 0.687500
vt 0.031250 0.625000
vt 0.031250 0.187500
vt 0.031250 0.125000
vt 0.031250 0.562500
vt 0.031250 0.062500
vt 0.031250 0.500000
vt 0.046875 1.000000
vt 0.031250 0.937500
vt 0.046875 0.000000
vt 0.031250 0.437500
vt 0.031250 0.875000
vt 0.031250 0.375000
vt 0.031250 0.812500
vt 0.031250 0.312500
vt 0.031250 0.750000
vt 0.031250 0.250000
vt 0.000000 0.437500
vt 0.000000 0.375000
vt 0.000000 0.875000
vt 0.000000 0.812500
vt 0.000000 0.312500
vt 0.000000 0.750000
vt 0.000000 0.250000
vt 0.000000 0.687500
vt 0.000000 0.187500
vt 0.000000 0.625000
vt 0.000000 0.125000
vt 0.000000 0.562500
vt 0.000000 0.062500
vt 0.000000 0.500000
vt 0.015625 1.000000
vt 0.000000 0.937500
vt 0.015625 0.000000
vt 1.000000 0.125000
vt 1.000000 0.187500
vt 0.968750 0.187500
vt 0.968750 0.125000
vt 1.000000 0.562500
vt 1.000000 0.625000
vt 0.968750 0.625000
vt 0.968750 0.562500
vt 1.000000 0.062500
vt 0.968750 0.062500
vt 1.000000 0.500000
vt 0.968750 0.500000
vt 1.000000 0.937500
vt 0.984375 1.000000
vt 0.968750 0.937500
vt 0.984375 0.000000
vt 1.000000 0.437500
vt 0.968750 0.437500
vt 1.000000 0.875000
vt 0.968750 0.875000
vt 1.000000 0.375000
vt 0.968750 0.375000
vt 1.000000 0.812500
vt 0.968750 0.812500
vt 1.000000 0.312500
vt 0.968750 0.312500
vt 1.000000 0.750000
vt 0.968750 0.750000
vt 1.000000 0.250000
vt 0.968750 0.250000
vt 1.000000 0.687500
vt 0.968750 0.687500
vt 0.937500 0.875000
vt 0.937500 0.812500
vt 0.937500 0.375000
vt 0.937500 0.312500
vt 0.937500 0.750000
vt 0.937500 0.250000
vt 0.937500 0.687500
vt 0.937500 0.187500
vt 0.937500 0.625000
vt 0.937500 0.125000
vt 0.937500 0.562500
vt 0.937500 0.062500
vt 0.937500 0.500000
vt 0.953125 1.000000
vt 0.937500 0.937500
vt 0.953125 0.000000
vt 0.937500 0.437500
vt 0.906250 0.625000
vt 0.906250 0.562500
vt 0.906250 0.125000
vt 0.906250 0.062500
vt 0.906250 0.500000
vt 0.921875 1.000000
vt 0.906250 0.937500
vt 0.921875 0.000000
vt 0.906250 0.437500
vt 0.906250 0.875000
vt 0.906250 0.375000
vt 0.906250 0.812500
vt 0.906250 0.312500
vt 0.906250 0.750000
vt 0.906250 0.250000
vt 0.906250 0.687500
vt 0.906250 0.187500
vt 0.875000 0.375000
vt 0.875000 0.312500
vt 0.875000 0.812500
vt 0.875000 0.750000
vt 0.875000 0.250000
vt 0.875000 0.687500
vt 0.875000 0.187500
vt 0.875000 0.625000
vt 0.875000 0.125000
vt 0.875000 0.562500
vt 0.875000 0.062500
vt 0.875000 0.500000
vt 0.890625 1.000000
vt 0.875000 0.937500
vt 0.890625 0.000000
vt 0.875000 0.437500
vt 0.875000 0.875000
vt 0.843750 0.125000
vt 0.843750 0.062500
vt 0.843750 0.562500
vt 0.843750 0.500000
vt 0.859375 1.000000
vt 0.843750 0.937500
vt 0.859375 0.000000
vt 0.843750 0.437500
vt 0.843750 0.875000
vt 0.843750 0.375000
vt 0.843750 0.812500
vt 0.843750 0.312500
vt 0.843750 0.750000
vt 0.843750 0.250000
vt 0.843750 0.687500
vt 0.843750 0.187500
vt 0.843750 0.625000
vt 0.812500 0.312500
vt 0.812500 0.250000
vt 0.812500 0.750000
vt 0.812500 0.687500
vt 0.812500 0.187500
vt 0.812500 0.625000
vt 0.812500 0.125000
vt 0.812500 0.562500
vt 0.812500 0.062500
vt 0.812500 0.500000
vt 0.828125 1.000000
vt 0.812500 0.937500
vt 0.828125 0.000000
vt 0.812500 0.437500
vt 0.812500 0.875000
vt 0.812500 0.375000
vt 0.812500 0.812500
vt 0.796875 1.000000
vt 0.781250 0.937500
vt 0.796875 0.000000
vt 0.781250 0.062500
vt 0.781250 0.500000
vt 0.781250 0.437500
vt 0.781250 0.875000
vt 0.781250 0.375000
vt 0.781250 0.812500
vt 0.781250 0.312500
vt 0.781250 0.750000
vt 0.781250 0.250000
vt 0.781250 0.687500
vt 0.781250 0.187500
vt 0.781250 0.625000
vt 0.781250 0.125000
vt 0.781250 0.562500
vt 0.765625 1.000000
vt 0.765625 0.000000
s 1
usemtl Ojo_rojo.013
f 1635/1349/1639 1163/1350/1167 1175/1351/1179 1176/1352/1180
f 1159/1353/1163 1632/1354/1636 1168/1355/1172 1169/1356/1173
f 1636/1357/1640 1635/1349/1639 1176/1352/1180 1177/1358/1181
f 1633/1359/1637 1159/1353/1163 1169/1356/1173 1170/1360/1174
f 1637/1361/1641 1636/1357/1640 1177/1358/1181 1178/1362/1182
f 1160/1363/1164 1633/1359/1637 1170/1360/1174 1171/1364/1175
f 1638/1365/1642 1637/1361/1641 1178/1362/1182 1179/1366/1183
f 1161/1367/1165 1160/1363/1164 1171/1364/1175 1172/1368/1176
f 1630/1369/1634 1157/1370/1161 1165/1371/1169
f 1164/1372/1168 1638/1365/1642 1179/1366/1183
f 1162/1373/1166 1161/1367/1165 1172/1368/1176 1173/1374/1177
f 1631/1375/1635 1630/1369/1634 1165/1371/1169 1166/1376/1170
f 1634/1377/1638 1162/1373/1166 1173/1374/1177 1174/1378/1178
f 1158/1379/1162 1631/1375/1635 1166/1376/1170 1167/1380/1171
f 1163/1350/1167 1634/1377/1638 1174/1378/1178 1175/1351/1179
f 1632/1354/1636 1158/1379/1162 1167/1380/1171 1168/1355/1172
f 1175/1351/1179 1174/1378/1178 1189/1381/1193 1190/1382/1194
f 1168/1355/1172 1167/1380/1171 1182/1383/1186 1183/1384/1187
f 1176/1352/1180 1175/1351/1179 1190/1382/1194 1191/1385/1195
f 1169/1356/1173 1168/1355/1172 1183/1384/1187 1184/1386/1188
f 1177/1358/1181 1176/1352/1180 1191/1385/1195 1192/1387/1196
f 1170/1360/1174 1169/1356/1173 1184/1386/1188 1185/1388/1189
f 1178/1362/1182 1177/1358/1181 1192/1387/1196 1193/1389/1197
f 1171/1364/1175 1170/1360/1174 1185/1388/1189 1186/1390/1190
f 1179/1366/1183 1178/1362/1182 1193/1389/1197 1194/1391/1198
f 1172/1368/1176 1171/1364/1175 1186/1390/1190 1187/1392/1191
f 1165/1371/1169 1157/1393/1161 1180/1394/1184
f 1164/1395/1168 1179/1366/1183 1194/1391/1198
f 1173/1374/1177 1172/1368/1176 1187/1392/1191 1188/1396/1192
f 1166/1376/1170 1165/1371/1169 1180/1394/1184 1181/1397/1185
f 1174/1378/1178 1173/1374/1177 1188/1396/1192 1189/1381/1193
f 1167/1380/1171 1166/1376/1170 1181/1397/1185 1182/1383/1186
f 1194/1391/1198 1193/1389/1197 1208/1398/1212 1209/1399/1213
f 1187/1392/1191 1186/1390/1190 1201/1400/1205 1202/1401/1206
f 1180/1394/1184 1157/1402/1161 1195/1403/1199
f 1164/1404/1168 1194/1391/1198 1209/1399/1213
f 1188/1396/1192 1187/1392/1191 1202/1401/1206 1203/1405/1207
f 1181/1397/1185 1180/1394/1184 1195/1403/1199 1196/1406/1200
f 1189/1381/1193 1188/1396/1192 1203/1405/1207 1204/1407/1208
f 1182/1383/1186 1181/1397/1185 1196/1406/1200 1197/1408/1201
f 1190/1382/1194 1189/1381/1193 1204/1407/1208 1205/1409/1209
f 1183/1384/1187 1182/1383/1186 1197/1408/1201 1198/1410/1202
f 1191/1385/1195 1190/1382/1194 1205/1409/1209 1206/1411/1210
f 1184/1386/1188 1183/1384/1187 1198/1410/1202 1199/1412/1203
f 1192/1387/1196 1191/1385/1195 1206/1411/1210 1207/1413/1211
f 1185/1388/1189 1184/1386/1188 1199/1412/1203 1200/1414/1204
f 1193/1389/1197 1192/1387/1196 1207/1413/1211 1208/1398/1212
f 1186/1390/1190 1185/1388/1189 1200/1414/1204 1201/1400/1205
f 1198/1410/1202 1197/1408/1201 1212/1415/1216 1213/1416/1217
f 1206/1411/1210 1205/1409/1209 1220/1417/1224 1221/1418/1225
f 1199/1412/1203 1198/1410/1202 1213/1416/1217 1214/1419/1218
f 1207/1413/1211 1206/1411/1210 1221/1418/1225 1222/1420/1226
f 1200/1414/1204 1199/1412/1203 1214/1419/1218 1215/1421/1219
f 1208/1398/1212 1207/1413/1211 1222/1420/1226 1223/1422/1227
f 1201/1400/1205 1200/1414/1204 1215/1421/1219 1216/1423/1220
f 1209/1399/1213 1208/1398/1212 1223/1422/1227 1224/1424/1228
f 1202/1401/1206 1201/1400/1205 1216/1423/1220 1217/1425/1221
f 1195/1403/1199 1157/1426/1161 1210/1427/1214
f 1164/1428/1168 1209/1399/1213 1224/1424/1228
f 1203/1405/1207 1202/1401/1206 1217/1425/1221 1218/1429/1222
f 1196/1406/1200 1195/1403/1199 1210/1427/1214 1211/1430/1215
f 1204/1407/1208 1203/1405/1207 1218/1429/1222 1219/1431/1223
f 1197/1408/1201 1196/1406/1200 1211/1430/1215 1212/1415/1216
f 1205/1409/1209 1204/1407/1208 1219/1431/1223 1220/1417/1224
f 1217/1425/1221 1216/1423/1220 1231/1432/1235 1232/1433/1236
f 1210/1427/1214 1157/1434/1161 1225/1435/1229
f 1164/1436/1168 1224/1424/1228 1239/1437/1243
f 1218/1429/1222 1217/1425/1221 1232/1433/1236 1233/1438/1237
f 1211/1430/1215 1210/1427/1214 1225/1435/1229 1226/1439/1230
f 1219/1431/1223 1218/1429/1222 1233/1438/1237 1234/1440/1238
f 1212/1415/1216 1211/1430/1215 1226/1439/1230 1227/1441/1231
f 1220/1417/1224 1219/1431/1223 1234/1440/1238 1235/1442/1239
f 1213/1416/1217 1212/1415/1216 1227/1441/1231 1228/1443/1232
f 1221/1418/1225 1220/1417/1224 1235/1442/1239 1236/1444/1240
f 1214/1419/1218 1213/1416/1217 1228/1443/1232 1229/1445/1233
f 1222/1420/1226 1221/1418/1225 1236/1444/1240 1237/1446/1241
f 1215/1421/1219 1214/1419/1218 1229/1445/1233 1230/1447/1234
f 1223/1422/1227 1222/1420/1226 1237/1446/1241 1238/1448/1242
f 1216/1423/1220 1215/1421/1219 1230/1447/1234 1231/1432/1235
f 1224/1424/1228 1223/1422/1227 1238/1448/1242 1239/1437/1243
f 1236/1444/1240 1235/1442/1239 1250/1449/1254 1251/1450/1255
f 1229/1445/1233 1228/1443/1232 1243/1451/1247 1244/1452/1248
f 1237/1446/1241 1236/1444/1240 1251/1450/1255 1252/1453/1256
f 1230/1447/1234 1229/1445/1233 1244/1452/1248 1245/1454/1249
f 1238/1448/1242 1237/1446/1241 1252/1453/1256 1253/1455/1257
f 1231/1432/1235 1230/1447/1234 1245/1454/1249 1246/1456/1250
f 1239/1437/1243 1238/1448/1242 1253/1455/1257 1254/1457/1258
f 1232/1433/1236 1231/1432/1235 1246/1456/1250 1247/1458/1251
f 1225/1435/1229 1157/1459/1161 1240/1460/1244
f 1164/1461/1168 1239/1437/1243 1254/1457/1258
f 1233/1438/1237 1232/1433/1236 1247/1458/1251 1248/1462/1252
f 1226/1439/1230 1225/1435/1229 1240/1460/1244 1241/1463/1245
f 1234/1440/1238 1233/1438/1237 1248/1462/1252 1249/1464/1253
f 1227/1441/1231 1226/1439/1230 1241/1463/1245 1242/1465/1246
f 1235/1442/1239 1234/1440/1238 1249/1464/1253 1250/1449/1254
f 1228/1443/1232 1227/1441/1231 1242/1465/1246 1243/1451/1247
f 1240/1460/1244 1157/1466/1161 1255/1467/1259
f 1164/1468/1168 1254/1457/1258 1269/1469/1273
f 1248/1462/1252 1247/1458/1251 1262/1470/1266 1263/1471/1267
f 1241/1463/1245 1240/1460/1244 1255/1467/1259 1256/1472/1260
f 1249/1464/1253 1248/1462/1252 1263/1471/1267 1264/1473/1268
f 1242/1465/1246 1241/1463/1245 1256/1472/1260 1257/1474/1261
f 1250/1449/1254 1249/1464/1253 1264/1473/1268 1265/1475/1269
f 1243/1451/1247 1242/1465/1246 1257/1474/1261 1258/1476/1262
f 1251/1450/1255 1250/1449/1254 1265/1475/1269 1266/1477/1270
f 1244/1452/1248 1243/1451/1247 1258/1476/1262 1259/1478/1263
f 1252/1453/1256 1251/1450/1255 1266/1477/1270 1267/1479/1271
f 1245/1454/1249 1244/1452/1248 1259/1478/1263 1260/1480/1264
f 1253/1455/1257 1252/1453/1256 1267/1479/1271 1268/1481/1272
f 1246/1456/1250 1245/1454/1249 1260/1480/1264 1261/1482/1265
f 1254/1457/1258 1253/1455/1257 1268/1481/1272 1269/1469/1273
f 1247/1458/1251 1246/1456/1250 1261/1482/1265 1262/1470/1266
f 1259/1478/1263 1258/1476/1262 1273/1483/1277 1274/1484/1278
f 1267/1479/1271 1266/1477/1270 1281/1485/1285 1282/1486/1286
f 1260/1480/1264 1259/1478/1263 1274/1484/1278 1275/1487/1279
f 1268/1481/1272 1267/1479/1271 1282/1486/1286 1283/1488/1287
f 1261/1482/1265 1260/1480/1264 1275/1487/1279 1276/1489/1280
f 1269/1469/1273 1268/1481/1272 1283/1488/1287 1284/1490/1288
f 1262/1470/1266 1261/1482/1265 1276/1489/1280 1277/1491/1281
f 1255/1467/1259 1157/1492/1161 1270/1493/1274
f 1164/1494/1168 1269/1469/1273 1284/1490/1288
f 1263/1471/1267 1262/1470/1266 1277/1491/1281 1278/1495/1282
f 1256/1472/1260 1255/1467/1259 1270/1493/1274 1271/1496/1275
f 1264/1473/1268 1263/1471/1267 1278/1495/1282 1279/1497/1283
f 1257/1474/1261 1256/1472/1260 1271/1496/1275 1272/1498/1276
f 1265/1475/1269 1264/1473/1268 1279/1497/1283 1280/1499/1284
f 1258/1476/1262 1257/1474/1261 1272/1498/1276 1273/1483/1277
f 1266/1477/1270 1265/1475/1269 1280/1499/1284 1281/1485/1285
f 1278/1495/1282 1277/1491/1281 1292/1500/1296 1293/1501/1297
f 1271/1496/1275 1270/1493/1274 1285/1502/1289 1286/1503/1290
f 1279/1497/1283 1278/1495/1282 1293/1501/1297 1294/1504/1298
f 1272/1498/1276 1271/1496/1275 1286/1503/1290 1287/1505/1291
f 1280/1499/1284 1279/1497/1283 1294/1504/1298 1295/1506/1299
f 1273/1483/1277 1272/1498/1276 1287/1505/1291 1288/1507/1292
f 1281/1485/1285 1280/1499/1284 1295/1506/1299 1296/1508/1300
f 1274/1484/1278 1273/1483/1277 1288/1507/1292 1289/1509/1293
f 1282/1486/1286 1281/1485/1285 1296/1508/1300 1297/1510/1301
f 1275/1487/1279 1274/1484/1278 1289/1509/1293 1290/1511/1294
f 1283/1488/1287 1282/1486/1286 1297/1510/1301 1298/1512/1302
f 1276/1489/1280 1275/1487/1279 1290/1511/1294 1291/1513/1295
f 1284/1490/1288 1283/1488/1287 1298/1512/1302 1299/1514/1303
f 1277/1491/1281 1276/1489/1280 1291/1513/1295 1292/1500/1296
f 1270/1493/1274 1157/1515/1161 1285/1502/1289
f 1164/1516/1168 1284/1490/1288 1299/1514/1303
f 1297/1510/1301 1296/1508/1300 1311/1517/1315 1312/1518/1316
f 1290/1511/1294 1289/1509/1293 1304/1519/1308 1305/1520/1309
f 1298/1512/1302 1297/1510/1301 1312/1518/1316 1313/1521/1317
f 1291/1513/1295 1290/1511/1294 1305/1520/1309 1306/1522/1310
f 1299/1514/1303 1298/1512/1302 1313/1521/1317 1314/1523/1318
f 1292/1500/1296 1291/1513/1295 1306/1522/1310 1307/1524/1311
f 1285/1502/1289 1157/1525/1161 1300/1526/1304
f 1164/1527/1168 1299/1514/1303 1314/1523/1318
f 1293/1501/1297 1292/1500/1296 1307/1524/1311 1308/1528/1312
f 1286/1503/1290 1285/1502/1289 1300/1526/1304 1301/1529/1305
f 1294/1504/1298 1293/1501/1297 1308/1528/1312 1309/1530/1313
f 1287/1505/1291 1286/1503/1290 1301/1529/1305 1302/1531/1306
f 1295/1506/1299 1294/1504/1298 1309/1530/1313 1310/1532/1314
f 1288/1507/1292 1287/1505/1291 1302/1531/1306 1303/1533/1307
f 1296/1508/1300 1295/1506/1299 1310/1532/1314 1311/1517/1315
f 1289/1509/1293 1288/1507/1292 1303/1533/1307 1304/1519/1308
f 1309/1530/1313 1308/1528/1312 1323/1534/1327 1324/1535/1328
f 1302/1531/1306 1301/1529/1305 1316/1536/1320 1317/1537/1321
f 1310/1532/1314 1309/1530/1313 1324/1535/1328 1325/1538/1329
f 1303/1533/1307 1302/1531/1306 1317/1537/1321 1318/1539/1322
f 1311/1517/1315 1310/1532/1314 1325/1538/1329 1326/1540/1330
f 1304/1519/1308 1303/1533/1307 1318/1539/1322 1319/1541/1323
f 1312/1518/1316 1311/1517/1315 1326/1540/1330 1327/1542/1331
f 1305/1520/1309 1304/1519/1308 1319/1541/1323 1320/1543/1324
f 1313/1521/1317 1312/1518/1316 1327/1542/1331 1328/1544/1332
f 1306/1522/1310 1305/1520/1309 1320/1543/1324 1321/1545/1325
f 1314/1523/1318 1313/1521/1317 1328/1544/1332 1329/1546/1333
f 1307/1524/1311 1306/1522/1310 1321/1545/1325 1322/1547/1326
f 1300/1526/1304 1157/1548/1161 1315/1549/1319
f 1164/1550/1168 1314/1523/1318 1329/1546/1333
f 1308/1528/1312 1307/1524/1311 1322/1547/1326 1323/1534/1327
f 1301/1529/1305 1300/1526/1304 1315/1549/1319 1316/1536/1320
f 1328/1544/1332 1327/1542/1331 1342/1551/1346 1343/1552/1347
f 1321/1545/1325 1320/1543/1324 1335/1553/1339 1336/1554/1340
f 1329/1546/1333 1328/1544/1332 1343/1552/1347 1344/1555/1348
f 1322/1547/1326 1321/1545/1325 1336/1554/1340 1337/1556/1341
f 1315/1549/1319 1157/1557/1161 1330/1558/1334
f 1164/1559/1168 1329/1546/1333 1344/1555/1348
f 1323/1534/1327 1322/1547/1326 1337/1556/1341 1338/1560/1342
f 1316/1536/1320 1315/1549/1319 1330/1558/1334 1331/1561/1335
f 1324/1535/1328 1323/1534/1327 1338/1560/1342 1339/1562/1343
f 1317/1537/1321 1316/1536/1320 1331/1561/1335 1332/1563/1336
f 1325/1538/1329 1324/1535/1328 1339/1562/1343 1340/1564/1344
f 1318/1539/1322 1317/1537/1321 1332/1563/1336 1333/1565/1337
f 1326/1540/1330 1325/1538/1329 1340/1564/1344 1341/1566/1345
f 1319/1541/1323 1318/1539/1322 1333/1565/1337 1334/1567/1338
f 1327/1542/1331 1326/1540/1330 1341/1566/1345 1342/1551/1346
f 1320/1543/1324 1319/1541/1323 1334/1567/1338 1335/1553/1339
f 1332/1563/1336 1331/1561/1335 1346/1568/1350 1347/1569/1351
f 1340/1564/1344 1339/1562/1343 1354/1570/1358 1355/1571/1359
f 1333/1565/1337 1332/1563/1336 1347/1569/1351 1348/1572/1352
f 1341/1566/1345 1340/1564/1344 1355/1571/1359 1356/1573/1360
f 1334/1567/1338 1333/1565/1337 1348/1572/1352 1349/1574/1353
f 1342/1551/1346 1341/1566/1345 1356/1573/1360 1357/1575/1361
f 1335/1553/1339 1334/1567/1338 1349/1574/1353 1350/1576/1354
f 1343/1552/1347 1342/1551/1346 1357/1575/1361 1358/1577/1362
f 1336/1554/1340 1335/1553/1339 1350/1576/1354 1351/1578/1355
f 1344/1555/1348 1343/1552/1347 1358/1577/1362 1359/1579/1363
f 1337/1556/1341 1336/1554/1340 1351/1578/1355 1352/1580/1356
f 1330/1558/1334 1157/1581/1161 1345/1582/1349
f 1164/1583/1168 1344/1555/1348 1359/1579/1363
f 1338/1560/1342 1337/1556/1341 1352/1580/1356 1353/1584/1357
f 1331/1561/1335 1330/1558/1334 1345/1582/1349 1346/1568/1350
f 1339/1562/1343 1338/1560/1342 1353/1584/1357 1354/1570/1358
f 1351/1578/1355 1350/1576/1354 1365/1585/1369 1366/1586/1370
f 1359/1579/1363 1358/1577/1362 1373/1587/1377 1374/1588/1378
f 1352/1580/1356 1351/1578/1355 1366/1586/1370 1367/1589/1371
f 1345/1582/1349 1157/1590/1161 1360/1591/1364
f 1164/1592/1168 1359/1579/1363 1374/1588/1378
f 1353/1584/1357 1352/1580/1356 1367/1589/1371 1368/1593/1372
f 1346/1568/1350 1345/1582/1349 1360/1591/1364 1361/1594/1365
f 1354/1570/1358 1353/1584/1357 1368/1593/1372 1369/1595/1373
f 1347/1569/1351 1346/1568/1350 1361/1594/1365 1362/1596/1366
f 1355/1571/1359 1354/1570/1358 1369/1595/1373 1370/1597/1374
f 1348/1572/1352 1347/1569/1351 1362/1596/1366 1363/1598/1367
f 1356/1573/1360 1355/1571/1359 1370/1597/1374 1371/1599/1375
f 1349/1574/1353 1348/1572/1352 1363/1598/1367 1364/1600/1368
f 1357/1575/1361 1356/1573/1360 1371/1599/1375 1372/1601/1376
f 1350/1576/1354 1349/1574/1353 1364/1600/1368 1365/1585/1369
f 1358/1577/1362 1357/1575/1361 1372/1601/1376 1373/1587/1377
f 1370/1597/1374 1369/1595/1373 1384/1602/1388 1385/1603/1389
f 1363/1598/1367 1362/1596/1366 1377/1604/1381 1378/1605/1382
f 1371/1599/1375 1370/1597/1374 1385/1603/1389 1386/1606/1390
f 1364/1600/1368 1363/1598/1367 1378/1605/1382 1379/1607/1383
f 1372/1601/1376 1371/1599/1375 1386/1606/1390 1387/1608/1391
f 1365/1585/1369 1364/1600/1368 1379/1607/1383 1380/1609/1384
f 1373/1587/1377 1372/1601/1376 1387/1608/1391 1388/1610/1392
f 1366/1586/1370 1365/1585/1369 1380/1609/1384 1381/1611/1385
f 1374/1588/1378 1373/1587/1377 1388/1610/1392 1389/1612/1393
f 1367/1589/1371 1366/1586/1370 1381/1611/1385 1382/1613/1386
f 1360/1591/1364 1157/1614/1161 1375/1615/1379
f 1164/1616/1168 1374/1588/1378 1389/1612/1393
f 1368/1593/1372 1367/1589/1371 1382/1613/1386 1383/1617/1387
f 1361/1594/1365 1360/1591/1364 1375/1615/1379 1376/1618/1380
f 1369/1595/1373 1368/1593/1372 1383/1617/1387 1384/1602/1388
f 1362/1596/1366 1361/1594/1365 1376/1618/1380 1377/1604/1381
f 1389/1612/1393 1388/1610/1392 1403/1619/1407 1404/1620/1408
f 1382/1613/1386 1381/1611/1385 1396/1621/1400 1397/1622/1401
f 1375/1615/1379 1157/1623/1161 1390/1624/1394
f 1164/1625/1168 1389/1612/1393 1404/1620/1408
f 1383/1617/1387 1382/1613/1386 1397/1622/1401 1398/1626/1402
f 1376/1618/1380 1375/1615/1379 1390/1624/1394 1391/1627/1395
f 1384/1602/1388 1383/1617/1387 1398/1626/1402 1399/1628/1403
f 1377/1604/1381 1376/1618/1380 1391/1627/1395 1392/1629/1396
f 1385/1603/1389 1384/1602/1388 1399/1628/1403 1400/1630/1404
f 1378/1605/1382 1377/1604/1381 1392/1629/1396 1393/1631/1397
f 1386/1606/1390 1385/1603/1389 1400/1630/1404 1401/1632/1405
f 1379/1607/1383 1378/1605/1382 1393/1631/1397 1394/1633/1398
f 1387/1608/1391 1386/1606/1390 1401/1632/1405 1402/1634/1406
f 1380/1609/1384 1379/1607/1383 1394/1633/1398 1395/1635/1399
f 1388/1610/1392 1387/1608/1391 1402/1634/1406 1403/1619/1407
f 1381/1611/1385 1380/1609/1384 1395/1635/1399 1396/1621/1400
f 1393/1631/1397 1392/1629/1396 1407/1636/1411 1408/1637/1412
f 1401/1632/1405 1400/1630/1404 1415/1638/1419 1416/1639/1420
f 1394/1633/1398 1393/1631/1397 1408/1637/1412 1409/1640/1413
f 1402/1634/1406 1401/1632/1405 1416/1639/1420 1417/1641/1421
f 1395/1635/1399 1394/1633/1398 1409/1640/1413 1410/1642/1414
f 1403/1619/1407 1402/1634/1406 1417/1641/1421 1418/1643/1422
f 1396/1621/1400 1395/1635/1399 1410/1642/1414 1411/1644/1415
f 1404/1620/1408 1403/1619/1407 1418/1643/1422 1419/1645/1423
f 1397/1622/1401 1396/1621/1400 1411/1644/1415 1412/1646/1416
f 1390/1624/1394 1157/1647/1161 1405/1648/1409
f 1164/1649/1168 1404/1620/1408 1419/1645/1423
f 1398/1626/1402 1397/1622/1401 1412/1646/1416 1413/1650/1417
f 1391/1627/1395 1390/1624/1394 1405/1648/1409 1406/1651/1410
f 1399/1628/1403 1398/1626/1402 1413/1650/1417 1414/1652/1418
f 1392/1629/1396 1391/1627/1395 1406/1651/1410 1407/1636/1411
f 1400/1630/1404 1399/1628/1403 1414/1652/1418 1415/1638/1419
f 1412/1646/1416 1411/1644/1415 1426/1653/1430 1427/1654/1431
f 1405/1648/1409 1157/1655/1161 1420/1656/1424
f 1164/1657/1168 1419/1645/1423 1434/1658/1438
f 1413/1650/1417 1412/1646/1416 1427/1654/1431 1428/1659/1432
f 1406/1651/1410 1405/1648/1409 1420/1656/1424 1421/1660/1425
f 1414/1652/1418 1413/1650/1417 1428/1659/1432 1429/1661/1433
f 1407/1636/1411 1406/1651/1410 1421/1660/1425 1422/1662/1426
f 1415/1638/1419 1414/1652/1418 1429/1661/1433 1430/1663/1434
f 1408/1637/1412 1407/1636/1411 1422/1662/1426 1423/1664/1427
f 1416/1639/1420 1415/1638/1419 1430/1663/1434 1431/1665/1435
f 1409/1640/1413 1408/1637/1412 1423/1664/1427 1424/1666/1428
f 1417/1641/1421 1416/1639/1420 1431/1665/1435 1432/1667/1436
f 1410/1642/1414 1409/1640/1413 1424/1666/1428 1425/1668/1429
f 1418/1643/1422 1417/1641/1421 1432/1667/1436 1433/1669/1437
f 1411/1644/1415 1410/1642/1414 1425/1668/1429 1426/1653/1430
f 1419/1645/1423 1418/1643/1422 1433/1669/1437 1434/1658/1438
f 1431/1665/1435 1430/1663/1434 1445/1670/1449 1446/1671/1450
f 1424/1666/1428 1423/1664/1427 1438/1672/1442 1439/1673/1443
f 1432/1667/1436 1431/1665/1435 1446/1671/1450 1447/1674/1451
f 1425/1668/1429 1424/1666/1428 1439/1673/1443 1440/1675/1444
f 1433/1669/1437 1432/1667/1436 1447/1674/1451 1448/1676/1452
f 1426/1653/1430 1425/1668/1429 1440/1675/1444 1441/1677/1445
f 1434/1658/1438 1433/1669/1437 1448/1676/1452 1449/1678/1453
f 1427/1654/1431 1426/1653/1430 1441/1677/1445 1442/1679/1446
f 1420/1656/1424 1157/1680/1161 1435/1681/1439
f 1164/1682/1168 1434/1658/1438 1449/1678/1453
f 1428/1659/1432 1427/1654/1431 1442/1679/1446 1443/1683/1447
f 1421/1660/1425 1420/1656/1424 1435/1681/1439 1436/1684/1440
f 1429/1661/1433 1428/1659/1432 1443/1683/1447 1444/1685/1448
f 1422/1662/1426 1421/1660/1425 1436/1684/1440 1437/1686/1441
f 1430/1663/1434 1429/1661/1433 1444/1685/1448 1445/1670/1449
f 1423/1664/1427 1422/1662/1426 1437/1686/1441 1438/1672/1442
f 1164/1687/1168 1449/1678/1453 1464/1688/1468
f 1443/1683/1447 1442/1679/1446 1457/1689/1461 1458/1690/1462
f 1436/1684/1440 1435/1681/1439 1450/1691/1454 1451/1692/1455
f 1444/1685/1448 1443/1683/1447 1458/1690/1462 1459/1693/1463
f 1437/1686/1441 1436/1684/1440 1451/1692/1455 1452/1694/1456
f 1445/1670/1449 1444/1685/1448 1459/1693/1463 1460/1695/1464
f 1438/1672/1442 1437/1686/1441 1452/1694/1456 1453/1696/1457
f 1446/1671/1450 1445/1670/1449 1460/1695/1464 1461/1697/1465
f 1439/1673/1443 1438/1672/1442 1453/1696/1457 1454/1698/1458
f 1447/1674/1451 1446/1671/1450 1461/1697/1465 1462/1699/1466
f 1440/1675/1444 1439/1673/1443 1454/1698/1458 1455/1700/1459
f 1448/1676/1452 1447/1674/1451 1462/1699/1466 1463/1701/1467
f 1441/1677/1445 1440/1675/1444 1455/1700/1459 1456/1702/1460
f 1449/1678/1453 1448/1676/1452 1463/1701/1467 1464/1688/1468
f 1442/1679/1446 1441/1677/1445 1456/1702/1460 1457/1689/1461
f 1435/1681/1439 1157/1703/1161 1450/1691/1454
f 1462/1699/1466 1461/1697/1465 1476/1704/1480 1477/1705/1481
f 1455/1700/1459 1454/1698/1458 1469/1706/1473 1470/1707/1474
f 1463/1701/1467 1462/1699/1466 1477/1705/1481 1478/1708/1482
f 1456/1702/1460 1455/1700/1459 1470/1707/1474 1471/1709/1475
f 1464/1688/1468 1463/1701/1467 1478/1708/1482 1479/1710/1483
f 1457/1689/1461 1456/1702/1460 1471/1709/1475 1472/1711/1476
f 1450/1691/1454 1157/1712/1161 1465/1713/1469
f 1164/1714/1168 1464/1688/1468 1479/1710/1483
f 1458/1690/1462 1457/1689/1461 1472/1711/1476 1473/1715/1477
f 1451/1692/1455 1450/1691/1454 1465/1713/1469 1466/1716/1470
f 1459/1693/1463 1458/1690/1462 1473/1715/1477 1474/1717/1478
f 1452/1694/1456 1451/1692/1455 1466/1716/1470 1467/1718/1471
f 1460/1695/1464 1459/1693/1463 1474/1717/1478 1475/1719/1479
f 1453/1696/1457 1452/1694/1456 1467/1718/1471 1468/1720/1472
f 1461/1697/1465 1460/1695/1464 1475/1719/1479 1476/1704/1480
f 1454/1698/1458 1453/1696/1457 1468/1720/1472 1469/1706/1473
f 1466/1716/1470 1465/1713/1469 1480/1721/1484 1481/1722/1485
f 1474/1717/1478 1473/1715/1477 1488/1723/1492 1489/1724/1493
f 1467/1718/1471 1466/1716/1470 1481/1722/1485 1482/1725/1486
f 1475/1719/1479 1474/1717/1478 1489/1724/1493 1490/1726/1494
f 1468/1720/1472 1467/1718/1471 1482/1725/1486 1483/1727/1487
f 1476/1704/1480 1475/1719/1479 1490/1726/1494 1491/1728/1495
f 1469/1706/1473 1468/1720/1472 1483/1727/1487 1484/1729/1488
f 1477/1705/1481 1476/1704/1480 1491/1728/1495 1492/1730/1496
f 1470/1707/1474 1469/1706/1473 1484/1729/1488 1485/1731/1489
f 1478/1708/1482 1477/1705/1481 1492/1730/1496 1493/1732/1497
f 1471/1709/1475 1470/1707/1474 1485/1731/1489 1486/1733/1490
f 1479/1710/1483 1478/1708/1482 1493/1732/1497 1494/1734/1498
f 1472/1711/1476 1471/1709/1475 1486/1733/1490 1487/1735/1491
f 1465/1713/1469 1157/1736/1161 1480/1721/1484
f 1164/1737/1168 1479/1710/1483 1494/1734/1498
f 1473/1715/1477 1472/1711/1476 1487/1735/1491 1488/1723/1492
f 1485/1731/1489 1484/1729/1488 1499/1738/1503 1500/1739/1504
f 1493/1732/1497 1492/1730/1496 1507/1740/1511 1508/1741/1512
f 1486/1733/1490 1485/1731/1489 1500/1739/1504 1501/1742/1505
f 1494/1734/1498 1493/1732/1497 1508/1741/1512 1509/1743/1513
f 1487/1735/1491 1486/1733/1490 1501/1742/1505 1502/1744/1506
f 1480/1721/1484 1157/1745/1161 1495/1746/1499
f 1164/1747/1168 1494/1734/1498 1509/1743/1513
f 1488/1723/1492 1487/1735/1491 1502/1744/1506 1503/1748/1507
f 1481/1722/1485 1480/1721/1484 1495/1746/1499 1496/1749/1500
f 1489/1724/1493 1488/1723/1492 1503/1748/1507 1504/1750/1508
f 1482/1725/1486 1481/1722/1485 1496/1749/1500 1497/1751/1501
f 1490/1726/1494 1489/1724/1493 1504/1750/1508 1505/1752/1509
f 1483/1727/1487 1482/1725/1486 1497/1751/1501 1498/1753/1502
f 1491/1728/1495 1490/1726/1494 1505/1752/1509 1506/1754/1510
f 1484/1729/1488 1483/1727/1487 1498/1753/1502 1499/1738/1503
f 1492/1730/1496 1491/1728/1495 1506/1754/1510 1507/1740/1511
f 1504/1750/1508 1503/1748/1507 1518/1755/1522 1519/1756/1523
f 1497/1751/1501 1496/1749/1500 1511/1757/1515 1512/1758/1516
f 1505/1752/1509 1504/1750/1508 1519/1756/1523 1520/1759/1524
f 1498/1753/1502 1497/1751/1501 1512/1758/1516 1513/1760/1517
f 1506/1754/1510 1505/1752/1509 1520/1759/1524 1521/1761/1525
f 1499/1738/1503 1498/1753/1502 1513/1760/1517 1514/1762/1518
f 1507/1740/1511 1506/1754/1510 1521/1761/1525 1522/1763/1526
f 1500/1739/1504 1499/1738/1503 1514/1762/1518 1515/1764/1519
f 1508/1741/1512 1507/1740/1511 1522/1763/1526 1523/1765/1527
f 1501/1742/1505 1500/1739/1504 1515/1764/1519 1516/1766/1520
f 1509/1743/1513 1508/1741/1512 1523/1765/1527 1524/1767/1528
f 1502/1744/1506 1501/1742/1505 1516/1766/1520 1517/1768/1521
f 1495/1746/1499 1157/1769/1161 1510/1770/1514
f 1164/1771/1168 1509/1743/1513 1524/1767/1528
f 1503/1748/1507 1502/1744/1506 1517/1768/1521 1518/1755/1522
f 1496/1749/1500 1495/1746/1499 1510/1770/1514 1511/1757/1515
f 1523/1772/1527 1522/1773/1526 1537/1774/1541 1538/1775/1542
f 1516/1776/1520 1515/1777/1519 1530/1778/1534 1531/1779/1535
f 1524/1780/1528 1523/1772/1527 1538/1775/1542 1539/1781/1543
f 1517/1782/1521 1516/1776/1520 1531/1779/1535 1532/1783/1536
f 1510/1784/1514 1157/1785/1161 1525/1786/1529
f 1164/1787/1168 1524/1780/1528 1539/1781/1543
f 1518/1788/1522 1517/1782/1521 1532/1783/1536 1533/1789/1537
f 1511/1790/1515 1510/1784/1514 1525/1786/1529 1526/1791/1530
f 1519/1792/1523 1518/1788/1522 1533/1789/1537 1534/1793/1538
f 1512/1794/1516 1511/1790/1515 1526/1791/1530 1527/1795/1531
f 1520/1796/1524 1519/1792/1523 1534/1793/1538 1535/1797/1539
f 1513/1798/1517 1512/1794/1516 1527/1795/1531 1528/1799/1532
f 1521/1800/1525 1520/1796/1524 1535/1797/1539 1536/1801/1540
f 1514/1802/1518 1513/1798/1517 1528/1799/1532 1529/1803/1533
f 1522/1773/1526 1521/1800/1525 1536/1801/1540 1537/1774/1541
f 1515/1777/1519 1514/1802/1518 1529/1803/1533 1530/1778/1534
f 1527/1795/1531 1526/1791/1530 1541/1804/1545 1542/1805/1546
f 1535/1797/1539 1534/1793/1538 1549/1806/1553 1550/1807/1554
f 1528/1799/1532 1527/1795/1531 1542/1805/1546 1543/1808/1547
f 1536/1801/1540 1535/1797/1539 1550/1807/1554 1551/1809/1555
f 1529/1803/1533 1528/1799/1532 1543/1808/1547 1544/1810/1548
f 1537/1774/1541 1536/1801/1540 1551/1809/1555 1552/1811/1556
f 1530/1778/1534 1529/1803/1533 1544/1810/1548 1545/1812/1549
f 1538/1775/1542 1537/1774/1541 1552/1811/1556 1553/1813/1557
f 1531/1779/1535 1530/1778/1534 1545/1812/1549 1546/1814/1550
f 1539/1781/1543 1538/1775/1542 1553/1813/1557 1554/1815/1558
f 1532/1783/1536 1531/1779/1535 1546/1814/1550 1547/1816/1551
f 1525/1786/1529 1157/1817/1161 1540/1818/1544
f 1164/1819/1168 1539/1781/1543 1554/1815/1558
f 1533/1789/1537 1532/1783/1536 1547/1816/1551 1548/1820/1552
f 1526/1791/1530 1525/1786/1529 1540/1818/1544 1541/1804/1545
f 1534/1793/1538 1533/1789/1537 1548/1820/1552 1549/1806/1553
f 1546/1814/1550 1545/1812/1549 1560/1821/1564 1561/1822/1565
f 1554/1815/1558 1553/1813/1557 1568/1823/1572 1569/1824/1573
f 1547/1816/1551 1546/1814/1550 1561/1822/1565 1562/1825/1566
f 1540/1818/1544 1157/1826/1161 1555/1827/1559
f 1164/1828/1168 1554/1815/1558 1569/1824/1573
f 1548/1820/1552 1547/1816/1551 1562/1825/1566 1563/1829/1567
f 1541/1804/1545 1540/1818/1544 1555/1827/1559 1556/1830/1560
f 1549/1806/1553 1548/1820/1552 1563/1829/1567 1564/1831/1568
f 1542/1805/1546 1541/1804/1545 1556/1830/1560 1557/1832/1561
f 1550/1807/1554 1549/1806/1553 1564/1831/1568 1565/1833/1569
f 1543/1808/1547 1542/1805/1546 1557/1832/1561 1558/1834/1562
f 1551/1809/1555 1550/1807/1554 1565/1833/1569 1566/1835/1570
f 1544/1810/1548 1543/1808/1547 1558/1834/1562 1559/1836/1563
f 1552/1811/1556 1551/1809/1555 1566/1835/1570 1567/1837/1571
f 1545/1812/1549 1544/1810/1548 1559/1836/1563 1560/1821/1564
f 1553/1813/1557 1552/1811/1556 1567/1837/1571 1568/1823/1572
f 1565/1833/1569 1564/1831/1568 1579/1838/1583 1580/1839/1584
f 1558/1834/1562 1557/1832/1561 1572/1840/1576 1573/1841/1577
f 1566/1835/1570 1565/1833/1569 1580/1839/1584 1581/1842/1585
f 1559/1836/1563 1558/1834/1562 1573/1841/1577 1574/1843/1578
f 1567/1837/1571 1566/1835/1570 1581/1842/1585 1582/1844/1586
f 1560/1821/1564 1559/1836/1563 1574/1843/1578 1575/1845/1579
f 1568/1823/1572 1567/1837/1571 1582/1844/1586 1583/1846/1587
f 1561/1822/1565 1560/1821/1564 1575/1845/1579 1576/1847/1580
f 1569/1824/1573 1568/1823/1572 1583/1846/1587 1584/1848/1588
f 1562/1825/1566 1561/1822/1565 1576/1847/1580 1577/1849/1581
f 1555/1827/1559 1157/1850/1161 1570/1851/1574
f 1164/1852/1168 1569/1824/1573 1584/1848/1588
f 1563/1829/1567 1562/1825/1566 1577/1849/1581 1578/1853/1582
f 1556/1830/1560 1555/1827/1559 1570/1851/1574 1571/1854/1575
f 1564/1831/1568 1563/1829/1567 1578/1853/1582 1579/1838/1583
f 1557/1832/1561 1556/1830/1560 1571/1854/1575 1572/1840/1576
f 1584/1848/1588 1583/1846/1587 1598/1855/1602 1599/1856/1603
f 1577/1849/1581 1576/1847/1580 1591/1857/1595 1592/1858/1596
f 1570/1851/1574 1157/1859/1161 1585/1860/1589
f 1164/1861/1168 1584/1848/1588 1599/1856/1603
f 1578/1853/1582 1577/1849/1581 1592/1858/1596 1593/1862/1597
f 1571/1854/1575 1570/1851/1574 1585/1860/1589 1586/1863/1590
f 1579/1838/1583 1578/1853/1582 1593/1862/1597 1594/1864/1598
f 1572/1840/1576 1571/1854/1575 1586/1863/1590 1587/1865/1591
f 1580/1839/1584 1579/1838/1583 1594/1864/1598 1595/1866/1599
f 1573/1841/1577 1572/1840/1576 1587/1865/1591 1588/1867/1592
f 1581/1842/1585 1580/1839/1584 1595/1866/1599 1596/1868/1600
f 1574/1843/1578 1573/1841/1577 1588/1867/1592 1589/1869/1593
f 1582/1844/1586 1581/1842/1585 1596/1868/1600 1597/1870/1601
f 1575/1845/1579 1574/1843/1578 1589/1869/1593 1590/1871/1594
f 1583/1846/1587 1582/1844/1586 1597/1870/1601 1598/1855/1602
f 1576/1847/1580 1575/1845/1579 1590/1871/1594 1591/1857/1595
f 1596/1868/1600 1595/1866/1599 1610/1872/1614 1611/1873/1615
f 1589/1869/1593 1588/1867/1592 1603/1874/1607 1604/1875/1608
f 1597/1870/1601 1596/1868/1600 1611/1873/1615 1612/1876/1616
f 1590/1871/1594 1589/1869/1593 1604/1875/1608 1605/1877/1609
f 1598/1855/1602 1597/1870/1601 1612/1876/1616 1613/1878/1617
f 1591/1857/1595 1590/1871/1594 1605/1877/1609 1606/1879/1610
f 1599/1856/1603 1598/1855/1602 1613/1878/1617 1614/1880/1618
f 1592/1858/1596 1591/1857/1595 1606/1879/1610 1607/1881/1611
f 1585/1860/1589 1157/1882/1161 1600/1883/1604
f 1164/1884/1168 1599/1856/1603 1614/1880/1618
f 1593/1862/1597 1592/1858/1596 1607/1881/1611 1608/1885/1612
f 1586/1863/1590 1585/1860/1589 1600/1883/1604 1601/1886/1605
f 1594/1864/1598 1593/1862/1597 1608/1885/1612 1609/1887/1613
f 1587/1865/1591 1586/1863/1590 1601/1886/1605 1602/1888/1606
f 1595/1866/1599 1594/1864/1598 1609/1887/1613 1610/1872/1614
f 1588/1867/1592 1587/1865/1591 1602/1888/1606 1603/1874/1607
f 1600/1883/1604 1157/1889/1161 1615/1890/1619
f 1164/1891/1168 1614/1880/1618 1629/1892/1633
f 1608/1885/1612 1607/1881/1611 1622/1893/1626 1623/1894/1627
f 1601/1886/1605 1600/1883/1604 1615/1890/1619 1616/1895/1620
f 1609/1887/1613 1608/1885/1612 1623/1894/1627 1624/1896/1628
f 1602/1888/1606 1601/1886/1605 1616/1895/1620 1617/1897/1621
f 1610/1872/1614 1609/1887/1613 1624/1896/1628 1625/1898/1629
f 1603/1874/1607 1602/1888/1606 1617/1897/1621 1618/1899/1622
f 1611/1873/1615 1610/1872/1614 1625/1898/1629 1626/1900/1630
f 1604/1875/1608 1603/1874/1607 1618/1899/1622 1619/1901/1623
f 1612/1876/1616 1611/1873/1615 1626/1900/1630 1627/1902/1631
f 1605/1877/1609 1604/1875/1608 1619/1901/1623 1620/1903/1624
f 1613/1878/1617 1612/1876/1616 1627/1902/1631 1628/1904/1632
f 1606/1879/1610 1605/1877/1609 1620/1903/1624 1621/1905/1625
f 1614/1880/1618 1613/1878/1617 1628/1904/1632 1629/1892/1633
f 1607/1881/1611 1606/1879/1610 1621/1905/1625 1622/1893/1626
f 1619/1901/1623 1618/1899/1622 1632/1354/1636 1159/1353/1163
f 1627/1902/1631 1626/1900/1630 1635/1349/1639 1636/1357/1640
f 1620/1903/1624 1619/1901/1623 1159/1353/1163 1633/1359/1637
f 1628/1904/1632 1627/1902/1631 1636/1357/1640 1637/1361/1641
f 1621/1905/1625 1620/1903/1624 1633/1359/1637 1160/1363/1164
f 1629/1892/1633 1628/1904/1632 1637/1361/1641 1638/1365/1642
f 1622/1893/1626 1621/1905/1625 1160/1363/1164 1161/1367/1165
f 1615/1890/1619 1157/1906/1161 1630/1369/1634
f 1164/1907/1168 1629/1892/1633 1638/1365/1642
f 1623/1894/1627 1622/1893/1626 1161/1367/1165 1162/1373/1166
f 1616/1895/1620 1615/1890/1619 1630/1369/1634 1631/1375/1635
f 1624/1896/1628 1623/1894/1627 1162/1373/1166 1634/1377/1638
f 1617/1897/1621 1616/1895/1620 1631/1375/1635 1158/1379/1162
f 1625/1898/1629 1624/1896/1628 1634/1377/1638 1163/1350/1167
f 1618/1899/1622 1617/1897/1621 1158/1379/1162 1632/1354/1636
f 1626/1900/1630 1625/1898/1629 1163/1350/1167 1635/1349/1639
o Brazo_izquierdo
v -1.181132 3.991936 -0.139252
v -1.168657 4.050624 -0.200000
v -1.177478 4.009125 -0.182207
v -0.858868 5.508064 -0.139252
v -0.871343 5.449376 -0.200000
v -0.862522 5.490875 -0.182207
v -1.139041 3.982989 -0.132437
v -1.108204 4.037775 -0.190211
v -1.122403 3.997419 -0.173289
v -0.816777 5.499118 -0.132437
v -0.810890 5.436526 -0.190211
v -0.807447 5.479168 -0.173289
v -1.101070 3.974918 -0.112657
v -1.053669 4.026183 -0.161803
v -1.072719 3.986858 -0.147409
v -0.778807 5.491047 -0.112657
v -0.756355 5.424934 -0.161803
v -0.757764 5.468608 -0.147409
v -1.070936 3.968513 -0.081850
v -1.010389 4.016984 -0.117557
v -1.033290 3.978477 -0.107099
v -0.748673 5.484642 -0.081850
v -0.713076 5.415735 -0.117557
v -0.718335 5.460227 -0.107099
v -1.051589 3.964401 -0.043031
v -0.982602 4.011077 -0.061803
v -1.007975 3.973096 -0.056305
v -0.729326 5.480529 -0.043031
v -0.685288 5.409828 -0.061803
v -0.693019 5.454846 -0.056305
v -1.044922 3.962984 0.000000
v -0.973027 4.009042 0.000000
v -0.999252 3.971242 0.000000
v -0.722659 5.479112 0.000000
v -0.675714 5.407793 0.000000
v -0.684296 5.452992 0.000000
v -1.051589 3.964401 0.043031
v -0.982602 4.011077 0.061803
v -1.007975 3.973096 0.056305
v -0.729326 5.480529 0.043031
v -0.685288 5.409828 0.061803
v -0.693019 5.454846 0.056305
v -1.070936 3.968513 0.081850
v -1.010389 4.016984 0.117557
v -1.033290 3.978477 0.107099
v -0.748673 5.484642 0.081850
v -0.713076 5.415735 0.117557
v -0.718335 5.460227 0.107099
v -1.101070 3.974918 0.112657
v -1.053669 4.026183 0.161803
v -1.072719 3.986858 0.147409
v -0.778807 5.491047 0.112657
v -0.756355 5.424934 0.161803
v -0.757764 5.468608 0.147409
v -1.139041 3.982989 0.132437
v -1.108204 4.037775 0.190211
v -1.122403 3.997419 0.173289
v -0.816777 5.499118 0.132437
v -0.810890 5.436526 0.190211
v -0.807447 5.479168 0.173289
v -1.181132 3.991936 0.139252
v -1.168657 4.050624 0.200000
v -1.177478 4.009125 0.182207
v -0.858868 5.508064 0.139252
v -0.871343 5.449376 0.200000
v -0.862522 5.490875 0.182207
v -1.223222 4.000882 0.132437
v -1.229110 4.063474 0.190211
v -1.232553 4.020832 0.173289
v -0.900959 5.517011 0.132437
v -0.931796 5.462225 0.190211
v -0.917597 5.502582 0.173289
v -1.261193 4.008953 0.112657
v -1.283645 4.075066 0.161803
v -1.282236 4.031392 0.147409
v -0.938930 5.525082 0.112657
v -0.986331 5.473817 0.161803
v -0.967281 5.513142 0.147409
v -1.291327 4.015358 0.081850
v -1.326924 4.084265 0.117557
v -1.321665 4.039773 0.107099
v -0.969064 5.531487 0.081850
v -1.029611 5.483016 0.117557
v -1.006710 5.521523 0.107099
v -1.310674 4.019471 0.043031
v -1.354712 4.090172 0.061803
v -1.346981 4.045154 0.056305
v -0.988411 5.535600 0.043031
v -1.057398 5.488923 0.061803
v -1.032025 5.526904 0.056305
v -1.317341 4.020888 0.000000
v -1.364286 4.092207 0.000000
v -1.355703 4.047008 0.000000
v -0.995078 5.537016 0.000000
v -1.066973 5.490958 0.000000
v -1.040748 5.528758 0.000000
v -1.310674 4.019471 -0.043031
v -1.354712 4.090172 -0.061803
v -1.346981 4.045154 -0.056305
v -0.988411 5.535600 -0.043031
v -1.057398 5.488923 -0.061803
v -1.032025 5.526904 -0.056305
v -1.291327 4.015358 -0.081850
v -1.326924 4.084265 -0.117557
v -1.321665 4.039773 -0.107099
v -0.969064 5.531487 -0.081850
v -1.029611 5.483016 -0.117557
v -1.006710 5.521523 -0.107099
v -1.261193 4.008953 -0.112657
v -1.283645 4.075066 -0.161803
v -1.282236 4.031392 -0.147409
v -0.938930 5.525082 -0.112657
v -0.986331 5.473817 -0.161803
v -0.967281 5.513142 -0.147409
v -1.223222 4.000882 -0.132437
v -1.229110 4.063474 -0.190211
v -1.232553 4.020832 -0.173289
v -0.900959 5.517011 -0.132437
v -0.931796 5.462225 -0.190211
v -0.917597 5.502582 -0.173289
vn -0.2032 -0.9560 -0.2114
vn -0.0402 -0.1893 -0.9811
vn -0.1438 -0.6765 -0.7223
vn 0.2032 0.9560 -0.2114
vn 0.0402 0.1893 -0.9811
vn 0.1438 0.6765 -0.7223
vn -0.1393 -0.9696 -0.2010
vn 0.2563 -0.2524 -0.9331
vn 0.0745 -0.7229 -0.6869
vn 0.2671 0.9425 -0.2010
vn 0.3368 0.1263 -0.9331
vn 0.3621 0.6301 -0.6869
vn -0.0817 -0.9819 -0.1710
vn 0.5238 -0.3092 -0.7937
vn 0.2715 -0.7648 -0.5843
vn 0.3247 0.9302 -0.1710
vn 0.6043 0.0694 -0.7937
vn 0.5591 0.5882 -0.5843
vn -0.0359 -0.9916 -0.1242
vn 0.7361 -0.3543 -0.5767
vn 0.4278 -0.7980 -0.4245
vn 0.3705 0.9205 -0.1242
vn 0.8166 0.0243 -0.5767
vn 0.7154 0.5550 -0.4245
vn -0.0066 -0.9978 -0.0653
vn 0.8724 -0.3833 -0.3032
vn 0.5281 -0.8193 -0.2232
vn 0.3999 0.9142 -0.0653
vn 0.9529 -0.0047 -0.3032
vn 0.8157 0.5337 -0.2232
vn 0.0035 -1.0000 -0.0000
vn 0.9194 -0.3933 -0.0000
vn 0.5627 -0.8267 -0.0000
vn 0.4100 0.9121 -0.0000
vn 0.9999 -0.0147 -0.0000
vn 0.8503 0.5263 -0.0000
vn -0.0066 -0.9978 0.0653
vn 0.8724 -0.3833 0.3032
vn 0.5281 -0.8193 0.2232
vn 0.3999 0.9142 0.0653
vn 0.9529 -0.0047 0.3032
vn 0.8157 0.5337 0.2232
vn -0.0359 -0.9916 0.1242
vn 0.7361 -0.3543 0.5767
vn 0.4278 -0.7980 0.4245
vn 0.3705 0.9205 0.1242
vn 0.8166 0.0243 0.5767
vn 0.7154 0.5550 0.4245
vn -0.0817 -0.9819 0.1710
vn 0.5238 -0.3092 0.7937
vn 0.2715 -0.7648 0.5843
vn 0.3247 0.9302 0.1710
vn 0.6043 0.0694 0.7937
vn 0.5591 0.5882 0.5843
vn -0.1393 -0.9696 0.2010
vn 0.2563 -0.2524 0.9331
vn 0.0745 -0.7229 0.6869
vn 0.2671 0.9425 0.2010
vn 0.3368 0.1263 0.9331
vn 0.3621 0.6301 0.6869
vn -0.2032 -0.9560 0.2114
vn -0.0402 -0.1893 0.9811
vn -0.1438 -0.6765 0.7223
vn 0.2032 0.9560 0.2114
vn 0.0402 0.1893 0.9811
vn 0.1438 0.6765 0.7223
vn -0.2671 -0.9425 0.2010
vn -0.3368 -0.1263 0.9331
vn -0.3621 -0.6301 0.6869
vn 0.1393 0.9696 0.2010
vn -0.2563 0.2524 0.9331
vn -0.0745 0.7229 0.6869
vn -0.3247 -0.9302 0.1710
vn -0.6043 -0.0694 0.7937
vn -0.5591 -0.5882 0.5843
vn 0.0817 0.9819 0.1710
vn -0.5238 0.3092 0.7937
vn -0.2715 0.7648 0.5843
vn -0.3705 -0.9205 0.1242
vn -0.8166 -0.0243 0.5767
vn -0.7154 -0.5550 0.4245
vn 0.0359 0.9916 0.1242
vn -0.7361 0.3543 0.5767
vn -0.4278 0.7980 0.4245
vn -0.3999 -0.9142 0.0653
vn -0.9529 0.0047 0.3032
vn -0.8157 -0.5337 0.2232
vn 0.0066 0.9978 0.0653
vn -0.8724 0.3833 0.3032
vn -0.5281 0.8193 0.2232
vn -0.4100 -0.9121 -0.0000
vn -0.9999 0.0147 -0.0000
vn -0.8503 -0.5263 -0.0000
vn -0.0035 1.0000 -0.0000
vn -0.9194 0.3933 -0.0000
vn -0.5627 0.8267 -0.0000
vn -0.3999 -0.9142 -0.0653
vn -0.9529 0.0047 -0.3032
vn -0.8157 -0.5337 -0.2232
vn 0.0066 0.9978 -0.0653
vn -0.8724 0.3833 -0.3032
vn -0.5281 0.8193 -0.2232
vn -0.3705 -0.9205 -0.1242
vn -0.8166 -0.0243 -0.5767
vn -0.7154 -0.5550 -0.4245
vn 0.0359 0.9916 -0.1242
vn -0.7361 0.3543 -0.5767
vn -0.4278 0.7980 -0.4245
vn -0.3247 -0.9302 -0.1710
vn -0.6043 -0.0694 -0.7937
vn -0.5591 -0.5882 -0.5843
vn 0.0817 0.9819 -0.1710
vn -0.5238 0.3092 -0.7937
vn -0.2715 0.7648 -0.5843
vn -0.2671 -0.9425 -0.2010
vn -0.3368 -0.1263 -0.9331
vn -0.3621 -0.6301 -0.6869
vn 0.1393 0.9696 -0.2010
vn -0.2563 0.2524 -0.9331
vn -0.0745 0.7229 -0.6869
vt 1.000000 0.519355
vt 0.950000 0.519355
vt 0.950000 0.500000
vt 0.997776 0.500000
vt 0.750000 0.489478
vt 0.824003 0.477757
vt 0.801638 0.408924
vt 0.750000 0.417102
vt 0.950000 0.980645
vt 1.000000 0.980645
vt 0.997776 1.000000
vt 0.950000 1.000000
vt 0.324003 0.477757
vt 0.250000 0.489478
vt 0.250000 0.417102
vt 0.301638 0.408924
vt 0.900000 0.519355
vt 0.900000 0.500000
vt 0.890761 0.443741
vt 0.848220 0.385189
vt 0.900000 0.980645
vt 0.900000 1.000000
vt 0.390761 0.443741
vt 0.348220 0.385189
vt 0.850000 0.519355
vt 0.850000 0.500000
vt 0.943741 0.390761
vt 0.885189 0.348220
vt 0.850000 0.980645
vt 0.850000 1.000000
vt 0.443741 0.390761
vt 0.385189 0.348220
vt 0.800000 0.519355
vt 0.800000 0.500000
vt 0.977757 0.324003
vt 0.908924 0.301638
vt 0.800000 0.980645
vt 0.800000 1.000000
vt 0.477757 0.324003
vt 0.408924 0.301638
vt 0.750000 0.519355
vt 0.750000 0.500000
vt 0.989478 0.250000
vt 0.917103 0.250000
vt 0.750000 0.980645
vt 0.750000 1.000000
vt 0.489478 0.250000
vt 0.417103 0.250000
vt 0.700000 0.519355
vt 0.700000 0.500000
vt 0.977757 0.175997
vt 0.908924 0.198363
vt 0.700000 0.980645
vt 0.700000 1.000000
vt 0.477757 0.175997
vt 0.408924 0.198363
vt 0.650000 0.519355
vt 0.650000 0.500000
vt 0.943741 0.109239
vt 0.885189 0.151780
vt 0.650000 0.980645
vt 0.650000 1.000000
vt 0.443741 0.109239
vt 0.385189 0.151780
vt 0.600000 0.519355
vt 0.600000 0.500000
vt 0.890761 0.056259
vt 0.848221 0.114811
vt 0.600000 0.980645
vt 0.600000 1.000000
vt 0.390761 0.056259
vt 0.348220 0.114811
vt 0.550000 0.519355
vt 0.550000 0.500000
vt 0.824003 0.022243
vt 0.801638 0.091076
vt 0.550000 0.980645
vt 0.550000 1.000000
vt 0.324003 0.022243
vt 0.301638 0.091076
vt 0.500000 0.519355
vt 0.500000 0.500000
vt 0.750000 0.010523
vt 0.750000 0.082897
vt 0.500000 0.980645
vt 0.500000 1.000000
vt 0.250000 0.010523
vt 0.250000 0.082897
vt 0.450000 0.519355
vt 0.450000 0.500000
vt 0.675997 0.022243
vt 0.698363 0.091076
vt 0.450000 0.980645
vt 0.450000 1.000000
vt 0.175997 0.022243
vt 0.198363 0.091076
vt 0.400000 0.519355
vt 0.400000 0.500000
vt 0.609239 0.056259
vt 0.651780 0.114811
vt 0.400000 0.980645
vt 0.400000 1.000000
vt 0.109239 0.056259
vt 0.151780 0.114811
vt 0.350000 0.519355
vt 0.350000 0.500000
vt 0.556259 0.109239
vt 0.614811 0.151780
vt 0.350000 0.980645
vt 0.350000 1.000000
vt 0.056259 0.109239
vt 0.114811 0.151780
vt 0.300000 0.519355
vt 0.300000 0.500000
vt 0.522243 0.175997
vt 0.591076 0.198363
vt 0.300000 0.980645
vt 0.300000 1.000000
vt 0.022243 0.175997
vt 0.091076 0.198363
vt 0.250000 0.519355
vt 0.250000 0.500000
vt 0.510522 0.250000
vt 0.582898 0.250000
vt 0.250000 0.980645
vt 0.250000 1.000000
vt 0.010523 0.250000
vt 0.082897 0.250000
vt 0.200000 0.519355
vt 0.200000 0.500000
vt 0.522243 0.324003
vt 0.591076 0.301638
vt 0.200000 0.980645
vt 0.200000 1.000000
vt 0.022243 0.324003
vt 0.091076 0.301637
vt 0.150000 0.519355
vt 0.150000 0.500000
vt 0.556259 0.390761
vt 0.614811 0.348220
vt 0.150000 0.980645
vt 0.150000 1.000000
vt 0.056259 0.390761
vt 0.114811 0.348220
vt 0.100000 0.519355
vt 0.100000 0.500000
vt 0.609239 0.443741
vt 0.651780 0.385189
vt 0.100000 0.980645
vt 0.100000 1.000000
vt 0.109239 0.443741
vt 0.151780 0.385189
vt 0.050000 0.519355
vt 0.050000 0.500000
vt 0.675997 0.477757
vt 0.698363 0.408924
vt 0.050000 0.980645
vt 0.050000 1.000000
vt 0.175997 0.477757
vt 0.198363 0.408924
vt -0.000000 0.519355
vt 0.002224 0.500000
vt -0.000000 0.980645
vt 0.002224 1.000000
s 1
usemtl Negro_enemigo.006
f 1640/1908/1644 1646/1909/1650 1647/1910/1651 1641/1911/1645
f 1641/1912/1645 1647/1913/1651 1645/1914/1649 1639/1915/1643
f 1649/1916/1653 1643/1917/1647 1644/1918/1648 1650/1919/1654
f 1650/1920/1654 1644/1921/1648 1642/1922/1646 1648/1923/1652
f 1646/1909/1650 1652/1924/1656 1653/1925/1657 1647/1910/1651
f 1647/1913/1651 1653/1926/1657 1651/1927/1655 1645/1914/1649
f 1655/1928/1659 1649/1916/1653 1650/1919/1654 1656/1929/1660
f 1656/1930/1660 1650/1920/1654 1648/1923/1652 1654/1931/1658
f 1652/1924/1656 1658/1932/1662 1659/1933/1663 1653/1925/1657
f 1653/1926/1657 1659/1934/1663 1657/1935/1661 1651/1927/1655
f 1661/1936/1665 1655/1928/1659 1656/1929/1660 1662/1937/1666
f 1662/1938/1666 1656/1930/1660 1654/1931/1658 1660/1939/1664
f 1658/1932/1662 1664/1940/1668 1665/1941/1669 1659/1933/1663
f 1659/1934/1663 1665/1942/1669 1663/1943/1667 1657/1935/1661
f 1667/1944/1671 1661/1936/1665 1662/1937/1666 1668/1945/1672
f 1668/1946/1672 1662/1938/1666 1660/1939/1664 1666/1947/1670
f 1664/1940/1668 1670/1948/1674 1671/1949/1675 1665/1941/1669
f 1665/1942/1669 1671/1950/1675 1669/1951/1673 1663/1943/1667
f 1673/1952/1677 1667/1944/1671 1668/1945/1672 1674/1953/1678
f 1674/1954/1678 1668/1946/1672 1666/1947/1670 1672/1955/1676
f 1670/1948/1674 1676/1956/1680 1677/1957/1681 1671/1949/1675
f 1671/1950/1675 1677/1958/1681 1675/1959/1679 1669/1951/1673
f 1679/1960/1683 1673/1952/1677 1674/1953/1678 1680/1961/1684
f 1680/1962/1684 1674/1954/1678 1672/1955/1676 1678/1963/1682
f 1676/1956/1680 1682/1964/1686 1683/1965/1687 1677/1957/1681
f 1677/1958/1681 1683/1966/1687 1681/1967/1685 1675/1959/1679
f 1685/1968/1689 1679/1960/1683 1680/1961/1684 1686/1969/1690
f 1686/1970/1690 1680/1962/1684 1678/1963/1682 1684/1971/1688
f 1682/1964/1686 1688/1972/1692 1689/1973/1693 1683/1965/1687
f 1683/1966/1687 1689/1974/1693 1687/1975/1691 1681/1967/1685
f 1691/1976/1695 1685/1968/1689 1686/1969/1690 1692/1977/1696
f 1692/1978/1696 1686/1970/1690 1684/1971/1688 1690/1979/1694
f 1688/1972/1692 1694/1980/1698 1695/1981/1699 1689/1973/1693
f 1689/1974/1693 1695/1982/1699 1693/1983/1697 1687/1975/1691
f 1697/1984/1701 1691/1976/1695 1692/1977/1696 1698/1985/1702
f 1698/1986/1702 1692/1978/1696 1690/1979/1694 1696/1987/1700
f 1694/1980/1698 1700/1988/1704 1701/1989/1705 1695/1981/1699
f 1695/1982/1699 1701/1990/1705 1699/1991/1703 1693/1983/1697
f 1703/1992/1707 1697/1984/1701 1698/1985/1702 1704/1993/1708
f 1704/1994/1708 1698/1986/1702 1696/1987/1700 1702/1995/1706
f 1700/1988/1704 1706/1996/1710 1707/1997/1711 1701/1989/1705
f 1701/1990/1705 1707/1998/1711 1705/1999/1709 1699/1991/1703
f 1709/2000/1713 1703/1992/1707 1704/1993/1708 1710/2001/1714
f 1710/2002/1714 1704/1994/1708 1702/1995/1706 1708/2003/1712
f 1706/1996/1710 1712/2004/1716 1713/2005/1717 1707/1997/1711
f 1707/1998/1711 1713/2006/1717 1711/2007/1715 1705/1999/1709
f 1715/2008/1719 1709/2000/1713 1710/2001/1714 1716/2009/1720
f 1716/2010/1720 1710/2002/1714 1708/2003/1712 1714/2011/1718
f 1712/2004/1716 1718/2012/1722 1719/2013/1723 1713/2005/1717
f 1713/2006/1717 1719/2014/1723 1717/2015/1721 1711/2007/1715
f 1721/2016/1725 1715/2008/1719 1716/2009/1720 1722/2017/1726
f 1722/2018/1726 1716/2010/1720 1714/2011/1718 1720/2019/1724
f 1718/2012/1722 1724/2020/1728 1725/2021/1729 1719/2013/1723
f 1719/2014/1723 1725/2022/1729 1723/2023/1727 1717/2015/1721
f 1727/2024/1731 1721/2016/1725 1722/2017/1726 1728/2025/1732
f 1728/2026/1732 1722/2018/1726 1720/2019/1724 1726/2027/1730
f 1724/2020/1728 1730/2028/1734 1731/2029/1735 1725/2021/1729
f 1725/2022/1729 1731/2030/1735 1729/2031/1733 1723/2023/1727
f 1733/2032/1737 1727/2024/1731 1728/2025/1732 1734/2033/1738
f 1734/2034/1738 1728/2026/1732 1726/2027/1730 1732/2035/1736
f 1730/2028/1734 1736/2036/1740 1737/2037/1741 1731/2029/1735
f 1731/2030/1735 1737/2038/1741 1735/2039/1739 1729/2031/1733
f 1739/2040/1743 1733/2032/1737 1734/2033/1738 1740/2041/1744
f 1740/2042/1744 1734/2034/1738 1732/2035/1736 1738/2043/1742
f 1736/2036/1740 1742/2044/1746 1743/2045/1747 1737/2037/1741
f 1737/2038/1741 1743/2046/1747 1741/2047/1745 1735/2039/1739
f 1745/2048/1749 1739/2040/1743 1740/2041/1744 1746/2049/1750
f 1746/2050/1750 1740/2042/1744 1738/2043/1742 1744/2051/1748
f 1742/2044/1746 1748/2052/1752 1749/2053/1753 1743/2045/1747
f 1743/2046/1747 1749/2054/1753 1747/2055/1751 1741/2047/1745
f 1751/2056/1755 1745/2048/1749 1746/2049/1750 1752/2057/1756
f 1752/2058/1756 1746/2050/1750 1744/2051/1748 1750/2059/1754
f 1748/2052/1752 1754/2060/1758 1755/2061/1759 1749/2053/1753
f 1749/2054/1753 1755/2062/1759 1753/2063/1757 1747/2055/1751
f 1757/2064/1761 1751/2056/1755 1752/2057/1756 1758/2065/1762
f 1758/2066/1762 1752/2058/1756 1750/2059/1754 1756/2067/1760
f 1754/2060/1758 1640/2068/1644 1641/2069/1645 1755/2061/1759
f 1755/2062/1759 1641/1912/1645 1639/1915/1643 1753/2063/1757
f 1643/2070/1647 1757/2064/1761 1758/2065/1762 1644/2071/1648
f 1644/1921/1648 1758/2066/1762 1756/2067/1760 1642/1922/1646
f 1639/1915/1643 1645/1914/1649 1651/1927/1655 1657/1935/1661 1663/1943/1667 1669/1951/1673 1675/1959/1679 1681/1967/1685 1687/1975/1691 1693/1983/1697 1699/1991/1703 1705/1999/1709 1711/2007/1715 1717/2015/1721 1723/2023/1727 1729/2031/1733 1735/2039/1739 1741/2047/1745 1747/2055/1751 1753/2063/1757
f 1640/1908/1644 1643/1917/1647 1649/1916/1653 1646/1909/1650
f 1754/2060/1758 1757/2064/1761 1643/2070/1647 1640/2068/1644
f 1648/1923/1652 1642/1922/1646 1756/2067/1760 1750/2059/1754 1744/2051/1748 1738/2043/1742 1732/2035/1736 1726/2027/1730 1720/2019/1724 1714/2011/1718 1708/2003/1712 1702/1995/1706 1696/1987/1700 1690/1979/1694 1684/1971/1688 1678/1963/1682 1672/1955/1676 1666/1947/1670 1660/1939/1664 1654/1931/1658
f 1646/1909/1650 1649/1916/1653 1655/1928/1659 1652/1924/1656
f 1652/1924/1656 1655/1928/1659 1661/1936/1665 1658/1932/1662
f 1658/1932/1662 1661/1936/1665 1667/1944/1671 1664/1940/1668
f 1664/1940/1668 1667/1944/1671 1673/1952/1677 1670/1948/1674
f 1670/1948/1674 1673/1952/1677 1679/1960/1683 1676/1956/1680
f 1676/1956/1680 1679/1960/1683 1685/1968/1689 1682/1964/1686
f 1682/1964/1686 1685/1968/1689 1691/1976/1695 1688/1972/1692
f 1688/1972/1692 1691/1976/1695 1697/1984/1701 1694/1980/1698
f 1694/1980/1698 1697/1984/1701 1703/1992/1707 1700/1988/1704
f 1700/1988/1704 1703/1992/1707 1709/2000/1713 1706/1996/1710
f 1706/1996/1710 1709/2000/1713 1715/2008/1719 1712/2004/1716
f 1712/2004/1716 1715/2008/1719 1721/2016/1725 1718/2012/1722
f 1718/2012/1722 1721/2016/1725 1727/2024/1731 1724/2020/1728
f 1724/2020/1728 1727/2024/1731 1733/2032/1737 1730/2028/1734
f 1730/2028/1734 1733/2032/1737 1739/2040/1743 1736/2036/1740
f 1736/2036/1740 1739/2040/1743 1745/2048/1749 1742/2044/1746
f 1742/2044/1746 1745/2048/1749 1751/2056/1755 1748/2052/1752
f 1748/2052/1752 1751/2056/1755 1757/2064/1761 1754/2060/1758
o Mano_izquierda
v -1.200000 4.260000 0.020000
v -1.200000 4.212811 -0.102225
v -1.200000 4.135560 -0.162923
v -1.200000 4.034626 -0.195773
v -1.200000 3.980000 -0.200000
v -1.200000 3.925375 -0.195773
v -1.200000 3.824440 -0.162923
v -1.200000 3.700000 0.020000
v -1.190866 4.254620 -0.022095
v -1.182082 4.238686 -0.062573
v -1.173987 4.212811 -0.099877
v -1.166892 4.177990 -0.132574
v -1.161069 4.135560 -0.159408
v -1.156742 4.087152 -0.179348
v -1.154078 4.034626 -0.191627
v -1.153178 3.980000 -0.195773
v -1.154078 3.925375 -0.191627
v -1.156742 3.872849 -0.179348
v -1.161069 3.824440 -0.159408
v -1.166892 3.782010 -0.132574
v -1.173987 3.747189 -0.099877
v -1.182082 3.721314 -0.062573
v -1.190866 3.705380 -0.022095
v -1.182082 4.254620 -0.019653
v -1.164853 4.238686 -0.057782
v -1.148974 4.212811 -0.092922
v -1.135056 4.177990 -0.123722
v -1.123635 4.135560 -0.148999
v -1.115147 4.087152 -0.167782
v -1.109921 4.034626 -0.179348
v -1.108156 3.980000 -0.183253
v -1.109921 3.925375 -0.179348
v -1.115147 3.872849 -0.167782
v -1.123635 3.824440 -0.148999
v -1.135056 3.782010 -0.123722
v -1.148974 3.747189 -0.092922
v -1.164853 3.721314 -0.057782
v -1.182082 3.705380 -0.019653
v -1.173987 4.254620 -0.015687
v -1.148974 4.238686 -0.050002
v -1.125922 4.212811 -0.081627
v -1.105717 4.177990 -0.109346
v -1.089135 4.135560 -0.132095
v -1.076813 4.087152 -0.148999
v -1.069225 4.034626 -0.159408
v -1.066663 3.980000 -0.162923
v -1.069225 3.925375 -0.159408
v -1.076813 3.872849 -0.148999
v -1.089135 3.824440 -0.132095
v -1.105717 3.782010 -0.109346
v -1.125922 3.747189 -0.081627
v -1.148974 3.721314 -0.050002
v -1.173987 3.705380 -0.015687
v -1.166892 4.254620 -0.010349
v -1.135056 4.238686 -0.039532
v -1.105717 4.212811 -0.066426
v -1.080000 4.177990 -0.090000
v -1.058895 4.135560 -0.109346
v -1.043213 4.087152 -0.123722
v -1.033555 4.034626 -0.132574
v -1.030294 3.980000 -0.135563
v -1.033555 3.925375 -0.132574
v -1.043213 3.872849 -0.123722
v -1.058895 3.824440 -0.109346
v -1.080000 3.782010 -0.090000
v -1.105717 3.747189 -0.066426
v -1.135056 3.721314 -0.039532
v -1.166892 3.705380 -0.010349
v -1.161069 4.254620 -0.003845
v -1.123635 4.238686 -0.026774
v -1.089134 4.212811 -0.047905
v -1.058895 4.177990 -0.066426
v -1.034078 4.135560 -0.081627
v -1.015637 4.087152 -0.092922
v -1.004282 4.034626 -0.099877
v -1.000447 3.980000 -0.102225
v -1.004282 3.925375 -0.099877
v -1.015637 3.872849 -0.092922
v -1.034078 3.824440 -0.081627
v -1.058895 3.782010 -0.066426
v -1.089134 3.747189 -0.047905
v -1.123635 3.721314 -0.026774
v -1.161069 3.705380 -0.003845
v -1.156742 4.254620 0.003575
v -1.115147 4.238686 -0.012218
v -1.076813 4.212811 -0.026774
v -1.043213 4.177990 -0.039532
v -1.015637 4.135560 -0.050002
v -0.995147 4.087152 -0.057782
v -0.982530 4.034626 -0.062573
v -0.978269 3.980000 -0.064190
v -0.982530 3.925375 -0.062573
v -0.995147 3.872849 -0.057782
v -1.015637 3.824440 -0.050002
v -1.043213 3.782010 -0.039532
v -1.076813 3.747189 -0.026774
v -1.115147 3.721314 -0.012218
v -1.156742 3.705380 0.003575
v -1.154078 4.254620 0.011627
v -1.109921 4.238686 0.003575
v -1.069225 4.212811 -0.003845
v -1.033555 4.177990 -0.010349
v -1.004282 4.135560 -0.015687
v -0.982530 4.087152 -0.019653
v -0.969135 4.034626 -0.022095
v -0.964612 3.980000 -0.022920
v -0.969135 3.925375 -0.022095
v -0.982530 3.872849 -0.019653
v -1.004282 3.824440 -0.015687
v -1.033555 3.782010 -0.010349
v -1.069225 3.747189 -0.003845
v -1.109921 3.721314 0.003575
v -1.154078 3.705380 0.011627
v -1.153178 4.254620 0.020000
v -1.108156 4.238686 0.020000
v -1.066663 4.212811 0.020000
v -1.030294 4.177990 0.020000
v -1.000447 4.135560 0.020000
v -0.978269 4.087152 0.020000
v -0.964612 4.034626 0.020000
v -0.960000 3.980000 0.020000
v -0.964612 3.925375 0.020000
v -0.978269 3.872849 0.020000
v -1.000447 3.824440 0.020000
v -1.030294 3.782010 0.020000
v -1.066663 3.747189 0.020000
v -1.108156 3.721314 0.020000
v -1.153178 3.705380 0.020000
v -1.154078 4.254620 0.028373
v -1.109921 4.238686 0.036425
v -1.069225 4.212811 0.043845
v -1.033555 4.177990 0.050349
v -1.004282 4.135560 0.055687
v -0.982530 4.087152 0.059653
v -0.969135 4.034626 0.062095
v -0.964612 3.980000 0.062920
v -0.969135 3.925375 0.062095
v -0.982530 3.872849 0.059653
v -1.004282 3.824440 0.055687
v -1.033555 3.782010 0.050349
v -1.069225 3.747189 0.043845
v -1.109921 3.721314 0.036425
v -1.154078 3.705380 0.028373
v -1.156742 4.254620 0.036425
v -1.115147 4.238686 0.052218
v -1.076813 4.212811 0.066774
v -1.043213 4.177990 0.079532
v -1.015637 4.135560 0.090002
v -0.995147 4.087152 0.097782
v -0.982530 4.034626 0.102573
v -0.978269 3.980000 0.104190
v -0.982530 3.925375 0.102573
v -0.995147 3.872849 0.097782
v -1.015637 3.824440 0.090002
v -1.043213 3.782010 0.079532
v -1.076813 3.747189 0.066774
v -1.115147 3.721314 0.052218
v -1.156742 3.705380 0.036425
v -1.161069 4.254620 0.043845
v -1.123635 4.238686 0.066774
v -1.089135 4.212811 0.087905
v -1.058895 4.177990 0.106426
v -1.034078 4.135560 0.121627
v -1.015637 4.087152 0.132922
v -1.004282 4.034626 0.139877
v -1.000448 3.980000 0.142225
v -1.004282 3.925375 0.139877
v -1.015637 3.872849 0.132922
v -1.034078 3.824440 0.121627
v -1.058895 3.782010 0.106426
v -1.089135 3.747189 0.087905
v -1.123635 3.721314 0.066774
v -1.161069 3.705380 0.043845
v -1.166892 4.254620 0.050349
v -1.135056 4.238686 0.079532
v -1.105717 4.212811 0.106426
v -1.080000 4.177990 0.130000
v -1.058895 4.135560 0.149346
v -1.043213 4.087152 0.163722
v -1.033555 4.034626 0.172574
v -1.030295 3.980000 0.175563
v -1.033555 3.925375 0.172574
v -1.043213 3.872849 0.163722
v -1.058895 3.824440 0.149346
v -1.080000 3.782010 0.130000
v -1.105717 3.747189 0.106426
v -1.135056 3.721314 0.079532
v -1.166892 3.705380 0.050349
v -1.173987 4.254620 0.055687
v -1.148974 4.238686 0.090002
v -1.125922 4.212811 0.121627
v -1.105717 4.177990 0.149346
v -1.089135 4.135560 0.172095
v -1.076813 4.087152 0.188999
v -1.069225 4.034626 0.199408
v -1.066663 3.980000 0.202923
v -1.069225 3.925375 0.199408
v -1.076813 3.872849 0.188999
v -1.089135 3.824440 0.172095
v -1.105717 3.782010 0.149346
v -1.125922 3.747189 0.121627
v -1.148974 3.721314 0.090002
v -1.173987 3.705380 0.055687
v -1.182082 4.254620 0.059653
v -1.164853 4.238686 0.097782
v -1.148974 4.212811 0.132922
v -1.135056 4.177990 0.163722
v -1.123635 4.135560 0.188999
v -1.115147 4.087152 0.207782
v -1.109921 4.034626 0.219348
v -1.108156 3.980000 0.223253
v -1.109921 3.925375 0.219348
v -1.115147 3.872849 0.207782
v -1.123635 3.824440 0.188999
v -1.135056 3.782010 0.163722
v -1.148974 3.747189 0.132922
v -1.164853 3.721314 0.097782
v -1.182082 3.705380 0.059653
v -1.190866 4.254620 0.062095
v -1.182082 4.238686 0.102573
v -1.173987 4.212811 0.139877
v -1.166892 4.177990 0.172574
v -1.161069 4.135560 0.199408
v -1.156742 4.087152 0.219348
v -1.154078 4.034626 0.231627
v -1.153178 3.980000 0.235773
v -1.154078 3.925375 0.231627
v -1.156742 3.872849 0.219348
v -1.161069 3.824440 0.199408
v -1.166892 3.782010 0.172574
v -1.173987 3.747189 0.139877
v -1.182082 3.721314 0.102573
v -1.190866 3.705380 0.062095
v -1.200000 4.254620 0.062920
v -1.200000 4.238686 0.104190
v -1.200000 4.212811 0.142225
v -1.200000 4.177990 0.175563
v -1.200000 4.135560 0.202923
v -1.200000 4.087152 0.223253
v -1.200000 4.034626 0.235773
v -1.200000 3.980000 0.240000
v -1.200000 3.925375 0.235773
v -1.200000 3.872849 0.223253
v -1.200000 3.824440 0.202923
v -1.200000 3.782010 0.175563
v -1.200000 3.747189 0.142225
v -1.200000 3.721314 0.104190
v -1.200000 3.705380 0.062920
v -1.209134 4.254620 0.062095
v -1.217918 4.238686 0.102573
v -1.226013 4.212811 0.139877
v -1.233108 4.177990 0.172574
v -1.238931 4.135560 0.199408
v -1.243258 4.087152 0.219348
v -1.245922 4.034626 0.231627
v -1.246822 3.980000 0.235773
v -1.245922 3.925375 0.231627
v -1.243258 3.872849 0.219348
v -1.238931 3.824440 0.199408
v -1.233108 3.782010 0.172574
v -1.226013 3.747189 0.139877
v -1.217918 3.721314 0.102573
v -1.209134 3.705380 0.062095
v -1.217918 4.254620 0.059653
v -1.235147 4.238686 0.097782
v -1.251026 4.212811 0.132922
v -1.264944 4.177990 0.163722
v -1.276366 4.135560 0.188999
v -1.284853 4.087152 0.207782
v -1.290079 4.034626 0.219348
v -1.291844 3.980000 0.223253
v -1.290079 3.925375 0.219348
v -1.284853 3.872849 0.207782
v -1.276366 3.824440 0.188999
v -1.264944 3.782010 0.163722
v -1.251026 3.747189 0.132922
v -1.235147 3.721314 0.097782
v -1.217918 3.705380 0.059653
v -1.226013 4.254620 0.055687
v -1.251026 4.238686 0.090002
v -1.274078 4.212811 0.121627
v -1.294283 4.177990 0.149346
v -1.310866 4.135560 0.172095
v -1.323187 4.087152 0.188999
v -1.330775 4.034626 0.199408
v -1.333337 3.980000 0.202923
v -1.330775 3.925375 0.199408
v -1.323187 3.872849 0.188999
v -1.310866 3.824440 0.172095
v -1.294283 3.782010 0.149346
v -1.274078 3.747189 0.121627
v -1.251026 3.721314 0.090002
v -1.226013 3.705380 0.055687
v -1.233108 4.254620 0.050349
v -1.264944 4.238686 0.079532
v -1.294283 4.212811 0.106426
v -1.320000 4.177990 0.130000
v -1.341105 4.135560 0.149346
v -1.356788 4.087152 0.163722
v -1.366445 4.034626 0.172574
v -1.369706 3.980000 0.175563
v -1.366445 3.925375 0.172574
v -1.356788 3.872849 0.163722
v -1.341105 3.824440 0.149346
v -1.320000 3.782010 0.130000
v -1.294283 3.747189 0.106426
v -1.264944 3.721314 0.079532
v -1.233108 3.705380 0.050349
v -1.238931 4.254620 0.043845
v -1.276366 4.238686 0.066774
v -1.310866 4.212811 0.087905
v -1.341105 4.177990 0.106426
v -1.365922 4.135560 0.121627
v -1.384363 4.087152 0.132922
v -1.395718 4.034626 0.139877
v -1.399553 3.980000 0.142225
v -1.395718 3.925375 0.139877
v -1.384363 3.872849 0.132922
v -1.365922 3.824440 0.121627
v -1.341105 3.782010 0.106426
v -1.310866 3.747189 0.087905
v -1.276366 3.721314 0.066774
v -1.238931 3.705380 0.043845
v -1.243258 4.254620 0.036425
v -1.284853 4.238686 0.052218
v -1.323187 4.212811 0.066774
v -1.356788 4.177990 0.079532
v -1.384363 4.135560 0.090002
v -1.404853 4.087152 0.097782
v -1.417471 4.034626 0.102573
v -1.421731 3.980000 0.104190
v -1.417471 3.925375 0.102573
v -1.404853 3.872849 0.097782
v -1.384363 3.824440 0.090002
v -1.356788 3.782010 0.079532
v -1.323187 3.747189 0.066774
v -1.284853 3.721314 0.052218
v -1.243258 3.705380 0.036425
v -1.245922 4.254620 0.028373
v -1.290079 4.238686 0.036425
v -1.330775 4.212811 0.043845
v -1.366445 4.177990 0.050349
v -1.395718 4.135560 0.055687
v -1.417471 4.087152 0.059653
v -1.430866 4.034626 0.062095
v -1.435388 3.980000 0.062920
v -1.430866 3.925375 0.062095
v -1.417471 3.872849 0.059653
v -1.395718 3.824440 0.055687
v -1.366445 3.782010 0.050349
v -1.330775 3.747189 0.043845
v -1.290079 3.721314 0.036425
v -1.245922 3.705380 0.028373
v -1.246822 4.254620 0.020000
v -1.291844 4.238686 0.020000
v -1.333337 4.212811 0.020000
v -1.369706 4.177990 0.020000
v -1.399553 4.135560 0.020000
v -1.421731 4.087152 0.020000
v -1.435388 4.034626 0.020000
v -1.440000 3.980000 0.020000
v -1.435388 3.925375 0.020000
v -1.421731 3.872849 0.020000
v -1.399553 3.824440 0.020000
v -1.369706 3.782010 0.020000
v -1.333337 3.747189 0.020000
v -1.291844 3.721314 0.020000
v -1.246822 3.705380 0.020000
v -1.245922 4.254620 0.011627
v -1.290079 4.238686 0.003575
v -1.330775 4.212811 -0.003845
v -1.366445 4.177990 -0.010349
v -1.395718 4.135560 -0.015687
v -1.417471 4.087152 -0.019653
v -1.430865 4.034626 -0.022095
v -1.435388 3.980000 -0.022920
v -1.430865 3.925375 -0.022095
v -1.417471 3.872849 -0.019653
v -1.395718 3.824440 -0.015687
v -1.366445 3.782010 -0.010349
v -1.330775 3.747189 -0.003845
v -1.290079 3.721314 0.003575
v -1.245922 3.705380 0.011627
v -1.243258 4.254620 0.003575
v -1.284853 4.238686 -0.012218
v -1.323187 4.212811 -0.026774
v -1.356788 4.177990 -0.039532
v -1.384363 4.135560 -0.050002
v -1.404853 4.087152 -0.057782
v -1.417470 4.034626 -0.062573
v -1.421731 3.980000 -0.064190
v -1.417470 3.925375 -0.062573
v -1.404853 3.872849 -0.057782
v -1.384363 3.824440 -0.050002
v -1.356788 3.782010 -0.039532
v -1.323187 3.747189 -0.026774
v -1.284853 3.721314 -0.012218
v -1.243258 3.705380 0.003575
v -1.238931 4.254620 -0.003845
v -1.276366 4.238686 -0.026774
v -1.310865 4.212811 -0.047905
v -1.341105 4.177990 -0.066426
v -1.365922 4.135560 -0.081627
v -1.384363 4.087152 -0.092922
v -1.395718 4.034626 -0.099877
v -1.399552 3.980000 -0.102225
v -1.395718 3.925375 -0.099877
v -1.384363 3.872849 -0.092922
v -1.365922 3.824440 -0.081627
v -1.341105 3.782010 -0.066426
v -1.310865 3.747189 -0.047905
v -1.276366 3.721314 -0.026774
v -1.238931 3.705380 -0.003845
v -1.233108 4.254620 -0.010349
v -1.264943 4.238686 -0.039532
v -1.294283 4.212811 -0.066426
v -1.320000 4.177990 -0.090000
v -1.341105 4.135560 -0.109346
v -1.356788 4.087152 -0.123722
v -1.366445 4.034626 -0.132574
v -1.369705 3.980000 -0.135563
v -1.366445 3.925375 -0.132574
v -1.356788 3.872849 -0.123722
v -1.341105 3.824440 -0.109346
v -1.320000 3.782010 -0.090000
v -1.294283 3.747189 -0.066426
v -1.264943 3.721314 -0.039532
v -1.233108 3.705380 -0.010349
v -1.226013 4.254620 -0.015687
v -1.251026 4.238686 -0.050002
v -1.274078 4.212811 -0.081627
v -1.294283 4.177990 -0.109346
v -1.310866 4.135560 -0.132095
v -1.323187 4.087152 -0.148999
v -1.330775 4.034626 -0.159408
v -1.333337 3.980000 -0.162923
v -1.330775 3.925375 -0.159408
v -1.323187 3.872849 -0.148999
v -1.310866 3.824440 -0.132095
v -1.294283 3.782010 -0.109346
v -1.274078 3.747189 -0.081627
v -1.251026 3.721314 -0.050002
v -1.226013 3.705380 -0.015687
v -1.217918 4.254620 -0.019653
v -1.235147 4.238686 -0.057782
v -1.251026 4.212811 -0.092921
v -1.264944 4.177990 -0.123722
v -1.276365 4.135560 -0.148999
v -1.284853 4.087152 -0.167782
v -1.290079 4.034626 -0.179348
v -1.291844 3.980000 -0.183253
v -1.290079 3.925375 -0.179348
v -1.284853 3.872849 -0.167782
v -1.276365 3.824440 -0.148999
v -1.264944 3.782010 -0.123722
v -1.251026 3.747189 -0.092921
v -1.235147 3.721314 -0.057782
v -1.217918 3.705380 -0.019653
v -1.209134 4.254620 -0.022095
v -1.217918 4.238686 -0.062573
v -1.226013 4.212811 -0.099877
v -1.233108 4.177990 -0.132574
v -1.238931 4.135560 -0.159408
v -1.243258 4.087152 -0.179348
v -1.245922 4.034626 -0.191627
v -1.246822 3.980000 -0.195773
v -1.245922 3.925375 -0.191627
v -1.243258 3.872849 -0.179348
v -1.238931 3.824440 -0.159408
v -1.233108 3.782010 -0.132574
v -1.226013 3.747189 -0.099877
v -1.217918 3.721314 -0.062573
v -1.209134 3.705380 -0.022095
v -1.200000 4.254620 -0.022920
v -1.200000 4.238686 -0.064190
v -1.200000 4.177990 -0.135563
v -1.200000 4.087152 -0.183253
v -1.200000 3.872849 -0.183253
v -1.200000 3.782010 -0.135563
v -1.200000 3.747189 -0.102225
v -1.200000 3.721314 -0.064190
v -1.200000 3.705380 -0.022920
vn -0.0000 1.0000 -0.0000
vn -0.0000 0.7604 -0.6494
vn -0.0000 0.4643 -0.8857
vn -0.0000 0.1543 -0.9880
vn -0.0000 -0.0000 -1.0000
vn -0.0000 -0.1543 -0.9880
vn -0.0000 -0.4643 -0.8857
vn -0.0000 -1.0000 -0.0000
vn 0.0446 0.9683 -0.2459
vn 0.0839 0.8835 -0.4608
vn 0.1163 0.7614 -0.6378
vn 0.1412 0.6180 -0.7734
vn 0.1590 0.4654 -0.8707
vn 0.1709 0.3100 -0.9352
vn 0.1776 0.1547 -0.9719
vn 0.1798 -0.0000 -0.9837
vn 0.1776 -0.1547 -0.9719
vn 0.1709 -0.3100 -0.9352
vn 0.1590 -0.4654 -0.8707
vn 0.1412 -0.6180 -0.7734
vn 0.1163 -0.7614 -0.6378
vn 0.0839 -0.8835 -0.4608
vn 0.0446 -0.9683 -0.2459
vn 0.0877 0.9687 -0.2321
vn 0.1650 0.8851 -0.4351
vn 0.2291 0.7641 -0.6031
vn 0.2785 0.6213 -0.7324
vn 0.3141 0.4685 -0.8257
vn 0.3378 0.3124 -0.8878
vn 0.3513 0.1561 -0.9232
vn 0.3557 -0.0000 -0.9346
vn 0.3513 -0.1561 -0.9232
vn 0.3378 -0.3124 -0.8878
vn 0.3141 -0.4685 -0.8257
vn 0.2785 -0.6213 -0.7324
vn 0.2291 -0.7641 -0.6031
vn 0.1650 -0.8851 -0.4351
vn 0.0877 -0.9687 -0.2321
vn 0.1277 0.9695 -0.2094
vn 0.2405 0.8875 -0.3931
vn 0.3345 0.7681 -0.5460
vn 0.4076 0.6262 -0.6646
vn 0.4607 0.4733 -0.7508
vn 0.4963 0.3162 -0.8085
vn 0.5166 0.1581 -0.8415
vn 0.5232 -0.0000 -0.8522
vn 0.5166 -0.1581 -0.8415
vn 0.4963 -0.3162 -0.8085
vn 0.4607 -0.4733 -0.7508
vn 0.4076 -0.6262 -0.6646
vn 0.3345 -0.7681 -0.5460
vn 0.2405 -0.8875 -0.3931
vn 0.1277 -0.9695 -0.2094
vn 0.1630 0.9703 -0.1787
vn 0.3074 0.8904 -0.3357
vn 0.4288 0.7730 -0.4676
vn 0.5239 0.6322 -0.5708
vn 0.5937 0.4791 -0.6465
vn 0.6408 0.3207 -0.6975
vn 0.6679 0.1605 -0.7268
vn 0.6767 -0.0000 -0.7363
vn 0.6679 -0.1605 -0.7268
vn 0.6408 -0.3207 -0.6975
vn 0.5937 -0.4791 -0.6465
vn 0.5239 -0.6322 -0.5708
vn 0.4288 -0.7730 -0.4676
vn 0.3074 -0.8904 -0.3357
vn 0.1630 -0.9703 -0.1787
vn 0.1923 0.9712 -0.1408
vn 0.3631 0.8933 -0.2650
vn 0.5078 0.7780 -0.3700
vn 0.6223 0.6384 -0.4530
vn 0.7071 0.4852 -0.5144
vn 0.7647 0.3254 -0.5561
vn 0.7980 0.1631 -0.5802
vn 0.8088 -0.0000 -0.5880
vn 0.7980 -0.1631 -0.5802
vn 0.7647 -0.3254 -0.5561
vn 0.7071 -0.4852 -0.5144
vn 0.6223 -0.6384 -0.4530
vn 0.5078 -0.7780 -0.3700
vn 0.3631 -0.8933 -0.2650
vn 0.1923 -0.9712 -0.1408
vn 0.2143 0.9719 -0.0973
vn 0.4050 0.8958 -0.1832
vn 0.5677 0.7823 -0.2564
vn 0.6975 0.6437 -0.3148
vn 0.7944 0.4904 -0.3583
vn 0.8607 0.3296 -0.3880
vn 0.8991 0.1654 -0.4052
vn 0.9117 -0.0000 -0.4109
vn 0.8991 -0.1654 -0.4052
vn 0.8607 -0.3296 -0.3880
vn 0.7944 -0.4904 -0.3583
vn 0.6975 -0.6437 -0.3148
vn 0.5677 -0.7823 -0.2564
vn 0.4050 -0.8958 -0.1832
vn 0.2143 -0.9719 -0.0973
vn 0.2280 0.9724 -0.0497
vn 0.4311 0.8975 -0.0937
vn 0.6052 0.7852 -0.1313
vn 0.7449 0.6474 -0.1614
vn 0.8497 0.4941 -0.1840
vn 0.9218 0.3325 -0.1995
vn 0.9637 0.1670 -0.2086
vn 0.9774 -0.0000 -0.2115
vn 0.9637 -0.1670 -0.2086
vn 0.9218 -0.3325 -0.1995
vn 0.8497 -0.4941 -0.1840
vn 0.7449 -0.6474 -0.1614
vn 0.6052 -0.7852 -0.1313
vn 0.4311 -0.8975 -0.0937
vn 0.2280 -0.9724 -0.0497
vn 0.2326 0.9726 -0.0000
vn 0.4399 0.8980 -0.0000
vn 0.6179 0.7862 -0.0000
vn 0.7611 0.6487 -0.0000
vn 0.8687 0.4954 -0.0000
vn 0.9427 0.3335 -0.0000
vn 0.9859 0.1675 -0.0000
vn 1.0000 -0.0000 -0.0000
vn 0.9859 -0.1675 -0.0000
vn 0.9427 -0.3335 -0.0000
vn 0.8687 -0.4954 -0.0000
vn 0.7611 -0.6487 -0.0000
vn 0.6179 -0.7862 -0.0000
vn 0.4399 -0.8980 -0.0000
vn 0.2326 -0.9726 -0.0000
vn 0.2280 0.9724 0.0497
vn 0.4311 0.8975 0.0937
vn 0.6052 0.7852 0.1313
vn 0.7449 0.6474 0.1614
vn 0.8497 0.4941 0.1840
vn 0.9218 0.3325 0.1995
vn 0.9637 0.1670 0.2086
vn 0.9774 -0.0000 0.2115
vn 0.9637 -0.1670 0.2086
vn 0.9218 -0.3325 0.1995
vn 0.8497 -0.4941 0.1840
vn 0.7449 -0.6474 0.1614
vn 0.6052 -0.7852 0.1313
vn 0.4311 -0.8975 0.0937
vn 0.2280 -0.9724 0.0497
vn 0.2143 0.9719 0.0973
vn 0.4050 0.8958 0.1832
vn 0.5677 0.7823 0.2564
vn 0.6975 0.6437 0.3148
vn 0.7944 0.4904 0.3583
vn 0.8607 0.3296 0.3880
vn 0.8991 0.1654 0.4052
vn 0.9117 -0.0000 0.4109
vn 0.8991 -0.1654 0.4052
vn 0.8607 -0.3296 0.3880
vn 0.7944 -0.4904 0.3583
vn 0.6975 -0.6437 0.3148
vn 0.5677 -0.7823 0.2564
vn 0.4050 -0.8958 0.1832
vn 0.2143 -0.9719 0.0973
vn 0.1923 0.9712 0.1408
vn 0.3631 0.8933 0.2650
vn 0.5078 0.7780 0.3700
vn 0.6223 0.6384 0.4530
vn 0.7071 0.4852 0.5144
vn 0.7647 0.3254 0.5561
vn 0.7980 0.1631 0.5802
vn 0.8088 -0.0000 0.5880
vn 0.7980 -0.1631 0.5802
vn 0.7647 -0.3254 0.5561
vn 0.7071 -0.4852 0.5144
vn 0.6223 -0.6384 0.4530
vn 0.5078 -0.7780 0.3700
vn 0.3631 -0.8933 0.2650
vn 0.1923 -0.9712 0.1408
vn 0.1630 0.9703 0.1787
vn 0.3074 0.8904 0.3357
vn 0.4288 0.7730 0.4676
vn 0.5239 0.6322 0.5708
vn 0.5937 0.4791 0.6465
vn 0.6408 0.3207 0.6975
vn 0.6679 0.1605 0.7268
vn 0.6767 -0.0000 0.7363
vn 0.6679 -0.1605 0.7268
vn 0.6408 -0.3207 0.6975
vn 0.5937 -0.4791 0.6465
vn 0.5239 -0.6322 0.5708
vn 0.4288 -0.7730 0.4676
vn 0.3074 -0.8904 0.3357
vn 0.1630 -0.9703 0.1787
vn 0.1277 0.9695 0.2094
vn 0.2405 0.8875 0.3931
vn 0.3345 0.7681 0.5460
vn 0.4076 0.6262 0.6646
vn 0.4607 0.4733 0.7508
vn 0.4963 0.3162 0.8085
vn 0.5166 0.1581 0.8415
vn 0.5232 -0.0000 0.8522
vn 0.5166 -0.1581 0.8415
vn 0.4963 -0.3162 0.8085
vn 0.4607 -0.4733 0.7508
vn 0.4076 -0.6262 0.6646
vn 0.3345 -0.7681 0.5460
vn 0.2405 -0.8875 0.3931
vn 0.1277 -0.9695 0.2094
vn 0.0877 0.9687 0.2321
vn 0.1650 0.8851 0.4351
vn 0.2291 0.7641 0.6031
vn 0.2785 0.6213 0.7324
vn 0.3141 0.4685 0.8257
vn 0.3378 0.3124 0.8878
vn 0.3513 0.1561 0.9232
vn 0.3557 -0.0000 0.9346
vn 0.3513 -0.1561 0.9232
vn 0.3378 -0.3124 0.8878
vn 0.3141 -0.4685 0.8257
vn 0.2785 -0.6213 0.7324
vn 0.2291 -0.7641 0.6031
vn 0.1650 -0.8851 0.4351
vn 0.0877 -0.9687 0.2321
vn 0.0446 0.9683 0.2459
vn 0.0839 0.8835 0.4608
vn 0.1163 0.7614 0.6378
vn 0.1412 0.6180 0.7734
vn 0.1590 0.4654 0.8707
vn 0.1709 0.3100 0.9352
vn 0.1776 0.1547 0.9719
vn 0.1798 -0.0000 0.9837
vn 0.1776 -0.1547 0.9719
vn 0.1709 -0.3100 0.9352
vn 0.1590 -0.4654 0.8707
vn 0.1412 -0.6180 0.7734
vn 0.1163 -0.7614 0.6378
vn 0.0839 -0.8835 0.4608
vn 0.0446 -0.9683 0.2459
vn -0.0000 0.9681 0.2506
vn -0.0000 0.8830 0.4695
vn -0.0000 0.7604 0.6494
vn -0.0000 0.6169 0.7870
vn -0.0000 0.4643 0.8857
vn -0.0000 0.3092 0.9510
vn -0.0000 0.1543 0.9880
vn -0.0000 -0.0000 1.0000
vn -0.0000 -0.1543 0.9880
vn -0.0000 -0.3092 0.9510
vn -0.0000 -0.4643 0.8857
vn -0.0000 -0.6169 0.7870
vn -0.0000 -0.7604 0.6494
vn -0.0000 -0.8830 0.4695
vn -0.0000 -0.9681 0.2506
vn -0.0446 0.9683 0.2459
vn -0.0839 0.8835 0.4608
vn -0.1163 0.7614 0.6378
vn -0.1412 0.6180 0.7734
vn -0.1590 0.4654 0.8707
vn -0.1709 0.3100 0.9352
vn -0.1776 0.1547 0.9719
vn -0.1798 -0.0000 0.9837
vn -0.1776 -0.1547 0.9719
vn -0.1709 -0.3100 0.9352
vn -0.1590 -0.4654 0.8707
vn -0.1412 -0.6180 0.7734
vn -0.1163 -0.7614 0.6378
vn -0.0839 -0.8835 0.4608
vn -0.0446 -0.9683 0.2459
vn -0.0877 0.9687 0.2321
vn -0.1650 0.8851 0.4351
vn -0.2291 0.7641 0.6031
vn -0.2785 0.6213 0.7324
vn -0.3141 0.4685 0.8257
vn -0.3378 0.3124 0.8878
vn -0.3513 0.1561 0.9232
vn -0.3557 -0.0000 0.9346
vn -0.3513 -0.1561 0.9232
vn -0.3378 -0.3124 0.8878
vn -0.3141 -0.4685 0.8257
vn -0.2785 -0.6213 0.7324
vn -0.2291 -0.7641 0.6031
vn -0.1650 -0.8851 0.4351
vn -0.0877 -0.9687 0.2321
vn -0.1277 0.9695 0.2094
vn -0.2405 0.8875 0.3931
vn -0.3345 0.7681 0.5460
vn -0.4076 0.6262 0.6646
vn -0.4607 0.4733 0.7508
vn -0.4963 0.3162 0.8085
vn -0.5166 0.1581 0.8415
vn -0.5232 -0.0000 0.8522
vn -0.5166 -0.1581 0.8415
vn -0.4963 -0.3162 0.8085
vn -0.4607 -0.4733 0.7508
vn -0.4076 -0.6262 0.6646
vn -0.3345 -0.7681 0.5460
vn -0.2405 -0.8875 0.3931
vn -0.1277 -0.9695 0.2094
vn -0.1630 0.9703 0.1787
vn -0.3074 0.8904 0.3357
vn -0.4288 0.7730 0.4676
vn -0.5239 0.6322 0.5708
vn -0.5937 0.4791 0.6465
vn -0.6408 0.3207 0.6975
vn -0.6679 0.1605 0.7268
vn -0.6767 -0.0000 0.7363
vn -0.6679 -0.1605 0.7268
vn -0.6408 -0.3207 0.6975
vn -0.5937 -0.4791 0.6465
vn -0.5239 -0.6322 0.5708
vn -0.4288 -0.7730 0.4676
vn -0.3074 -0.8904 0.3357
vn -0.1630 -0.9703 0.1787
vn -0.1923 0.9712 0.1408
vn -0.3631 0.8933 0.2650
vn -0.5078 0.7780 0.3700
vn -0.6223 0.6384 0.4530
vn -0.7071 0.4852 0.5144
vn -0.7647 0.3254 0.5561
vn -0.7980 0.1631 0.5802
vn -0.8088 -0.0000 0.5880
vn -0.7980 -0.1631 0.5802
vn -0.7647 -0.3254 0.5561
vn -0.7071 -0.4852 0.5144
vn -0.6223 -0.6384 0.4530
vn -0.5078 -0.7780 0.3700
vn -0.3631 -0.8933 0.2650
vn -0.1923 -0.9712 0.1408
vn -0.2143 0.9719 0.0973
vn -0.4050 0.8958 0.1832
vn -0.5677 0.7823 0.2564
vn -0.6975 0.6437 0.3148
vn -0.7944 0.4904 0.3583
vn -0.8607 0.3296 0.3880
vn -0.8991 0.1654 0.4052
vn -0.9117 -0.0000 0.4109
vn -0.8991 -0.1654 0.4052
vn -0.8607 -0.3296 0.3880
vn -0.7944 -0.4904 0.3583
vn -0.6975 -0.6437 0.3148
vn -0.5677 -0.7823 0.2564
vn -0.4050 -0.8958 0.1832
vn -0.2143 -0.9719 0.0973
vn -0.2280 0.9724 0.0497
vn -0.4311 0.8975 0.0937
vn -0.6052 0.7852 0.1313
vn -0.7449 0.6474 0.1614
vn -0.8497 0.4941 0.1840
vn -0.9218 0.3325 0.1995
vn -0.9637 0.1670 0.2086
vn -0.9774 -0.0000 0.2115
vn -0.9637 -0.1670 0.2086
vn -0.9218 -0.3325 0.1995
vn -0.8497 -0.4941 0.1840
vn -0.7449 -0.6474 0.1614
vn -0.6052 -0.7852 0.1313
vn -0.4311 -0.8975 0.0937
vn -0.2280 -0.9724 0.0497
vn -0.2326 0.9726 -0.0000
vn -0.4399 0.8980 -0.0000
vn -0.6179 0.7862 -0.0000
vn -0.7611 0.6487 -0.0000
vn -0.8687 0.4954 -0.0000
vn -0.9427 0.3335 -0.0000
vn -0.9859 0.1675 -0.0000
vn -1.0000 -0.0000 -0.0000
vn -0.9859 -0.1675 -0.0000
vn -0.9427 -0.3335 -0.0000
vn -0.8687 -0.4954 -0.0000
vn -0.7611 -0.6487 -0.0000
vn -0.6179 -0.7862 -0.0000
vn -0.4399 -0.8980 -0.0000
vn -0.2326 -0.9726 -0.0000
vn -0.2280 0.9724 -0.0497
vn -0.4311 0.8975 -0.0937
vn -0.6052 0.7852 -0.1313
vn -0.7449 0.6474 -0.1614
vn -0.8497 0.4941 -0.1840
vn -0.9218 0.3325 -0.1995
vn -0.9637 0.1670 -0.2086
vn -0.9774 -0.0000 -0.2115
vn -0.9637 -0.1670 -0.2086
vn -0.9218 -0.3325 -0.1995
vn -0.8497 -0.4941 -0.1840
vn -0.7449 -0.6474 -0.1614
vn -0.6052 -0.7852 -0.1313
vn -0.4311 -0.8975 -0.0937
vn -0.2280 -0.9724 -0.0497
vn -0.2143 0.9719 -0.0973
vn -0.4050 0.8958 -0.1832
vn -0.5677 0.7823 -0.2564
vn -0.6975 0.6437 -0.3148
vn -0.7944 0.4904 -0.3583
vn -0.8607 0.3296 -0.3880
vn -0.8991 0.1654 -0.4052
vn -0.9117 -0.0000 -0.4109
vn -0.8991 -0.1654 -0.4052
vn -0.8607 -0.3296 -0.3880
vn -0.7944 -0.4904 -0.3583
vn -0.6975 -0.6437 -0.3148
vn -0.5677 -0.7823 -0.2564
vn -0.4050 -0.8958 -0.1832
vn -0.2143 -0.9719 -0.0973
vn -0.1923 0.9712 -0.1408
vn -0.3631 0.8933 -0.2650
vn -0.5078 0.7780 -0.3700
vn -0.6223 0.6384 -0.4530
vn -0.7071 0.4852 -0.5144
vn -0.7647 0.3254 -0.5561
vn -0.7980 0.1631 -0.5802
vn -0.8088 -0.0000 -0.5880
vn -0.7980 -0.1631 -0.5802
vn -0.7647 -0.3254 -0.5561
vn -0.7071 -0.4852 -0.5144
vn -0.6223 -0.6384 -0.4530
vn -0.5078 -0.7780 -0.3700
vn -0.3631 -0.8933 -0.2650
vn -0.1923 -0.9712 -0.1408
vn -0.1630 0.9703 -0.1787
vn -0.3074 0.8904 -0.3357
vn -0.4288 0.7730 -0.4676
vn -0.5239 0.6322 -0.5708
vn -0.5937 0.4791 -0.6465
vn -0.6408 0.3207 -0.6975
vn -0.6679 0.1605 -0.7268
vn -0.6767 -0.0000 -0.7363
vn -0.6679 -0.1605 -0.7268
vn -0.6408 -0.3207 -0.6975
vn -0.5937 -0.4791 -0.6465
vn -0.5239 -0.6322 -0.5708
vn -0.4288 -0.7730 -0.4676
vn -0.3074 -0.8904 -0.3357
vn -0.1630 -0.9703 -0.1787
vn -0.1277 0.9695 -0.2094
vn -0.2405 0.8875 -0.3931
vn -0.3345 0.7681 -0.5460
vn -0.4076 0.6262 -0.6646
vn -0.4607 0.4733 -0.7508
vn -0.4963 0.3162 -0.8085
vn -0.5166 0.1581 -0.8415
vn -0.5232 -0.0000 -0.8522
vn -0.5166 -0.1581 -0.8415
vn -0.4963 -0.3162 -0.8085
vn -0.4607 -0.4733 -0.7508
vn -0.4076 -0.6262 -0.6646
vn -0.3345 -0.7681 -0.5460
vn -0.2405 -0.8875 -0.3931
vn -0.1277 -0.9695 -0.2094
vn -0.0877 0.9687 -0.2321
vn -0.1650 0.8851 -0.4351
vn -0.2291 0.7641 -0.6031
vn -0.2785 0.6213 -0.7324
vn -0.3141 0.4685 -0.8257
vn -0.3378 0.3124 -0.8878
vn -0.3513 0.1561 -0.9232
vn -0.3557 -0.0000 -0.9346
vn -0.3513 -0.1561 -0.9232
vn -0.3378 -0.3124 -0.8878
vn -0.3141 -0.4685 -0.8257
vn -0.2785 -0.6213 -0.7324
vn -0.2291 -0.7641 -0.6031
vn -0.1650 -0.8851 -0.4351
vn -0.0877 -0.9687 -0.2321
vn -0.0446 0.9683 -0.2459
vn -0.0839 0.8835 -0.4608
vn -0.1163 0.7614 -0.6378
vn -0.1412 0.6180 -0.7734
vn -0.1590 0.4654 -0.8707
vn -0.1709 0.3100 -0.9352
vn -0.1776 0.1547 -0.9719
vn -0.1798 -0.0000 -0.9837
vn -0.1776 -0.1547 -0.9719
vn -0.1709 -0.3100 -0.9352
vn -0.1590 -0.4654 -0.8707
vn -0.1412 -0.6180 -0.7734
vn -0.1163 -0.7614 -0.6378
vn -0.0839 -0.8835 -0.4608
vn -0.0446 -0.9683 -0.2459
vn -0.0000 0.9681 -0.2506
vn -0.0000 0.8830 -0.4695
vn -0.0000 0.6169 -0.7870
vn -0.0000 0.3092 -0.9510
vn -0.0000 -0.3092 -0.9510
vn -0.0000 -0.6169 -0.7870
vn -0.0000 -0.7604 -0.6494
vn -0.0000 -0.8830 -0.4695
vn -0.0000 -0.9681 -0.2506
vt 0.750000 0.812500
vt 0.750000 0.875000
vt 0.718750 0.875000
vt 0.718750 0.812500
vt 0.750000 0.312500
vt 0.750000 0.375000
vt 0.718750 0.375000
vt 0.718750 0.312500
vt 0.750000 0.750000
vt 0.718750 0.750000
vt 0.750000 0.250000
vt 0.718750 0.250000
vt 0.750000 0.687500
vt 0.718750 0.687500
vt 0.750000 0.187500
vt 0.718750 0.187500
vt 0.750000 0.625000
vt 0.718750 0.625000
vt 0.750000 0.125000
vt 0.718750 0.125000
vt 0.750000 0.562500
vt 0.718750 0.562500
vt 0.750000 0.062500
vt 0.718750 0.062500
vt 0.750000 0.500000
vt 0.718750 0.500000
vt 0.750000 0.937500
vt 0.734375 1.000000
vt 0.718750 0.937500
vt 0.734375 0.000000
vt 0.750000 0.437500
vt 0.718750 0.437500
vt 0.687500 0.937500
vt 0.687500 0.875000
vt 0.687500 0.437500
vt 0.687500 0.375000
vt 0.687500 0.812500
vt 0.687500 0.312500
vt 0.687500 0.750000
vt 0.687500 0.250000
vt 0.687500 0.687500
vt 0.687500 0.187500
vt 0.687500 0.625000
vt 0.687500 0.125000
vt 0.687500 0.562500
vt 0.687500 0.062500
vt 0.687500 0.500000
vt 0.703125 1.000000
vt 0.703125 0.000000
vt 0.656250 0.687500
vt 0.656250 0.625000
vt 0.656250 0.187500
vt 0.656250 0.125000
vt 0.656250 0.562500
vt 0.656250 0.062500
vt 0.656250 0.500000
vt 0.671875 1.000000
vt 0.656250 0.937500
vt 0.671875 0.000000
vt 0.656250 0.437500
vt 0.656250 0.875000
vt 0.656250 0.375000
vt 0.656250 0.812500
vt 0.656250 0.312500
vt 0.656250 0.750000
vt 0.656250 0.250000
vt 0.625000 0.437500
vt 0.625000 0.375000
vt 0.625000 0.875000
vt 0.625000 0.812500
vt 0.625000 0.312500
vt 0.625000 0.750000
vt 0.625000 0.250000
vt 0.625000 0.687500
vt 0.625000 0.187500
vt 0.625000 0.625000
vt 0.625000 0.125000
vt 0.625000 0.562500
vt 0.625000 0.062500
vt 0.625000 0.500000
vt 0.640625 1.000000
vt 0.625000 0.937500
vt 0.640625 0.000000
vt 0.593750 0.187500
vt 0.593750 0.125000
vt 0.593750 0.625000
vt 0.593750 0.562500
vt 0.593750 0.062500
vt 0.593750 0.500000
vt 0.609375 1.000000
vt 0.593750 0.937500
vt 0.609375 0.000000
vt 0.593750 0.437500
vt 0.593750 0.875000
vt 0.593750 0.375000
vt 0.593750 0.812500
vt 0.593750 0.312500
vt 0.593750 0.750000
vt 0.593750 0.250000
vt 0.593750 0.687500
vt 0.562500 0.875000
vt 0.562500 0.812500
vt 0.562500 0.375000
vt 0.562500 0.312500
vt 0.562500 0.750000
vt 0.562500 0.250000
vt 0.562500 0.687500
vt 0.562500 0.187500
vt 0.562500 0.625000
vt 0.562500 0.125000
vt 0.562500 0.562500
vt 0.562500 0.062500
vt 0.562500 0.500000
vt 0.578125 1.000000
vt 0.562500 0.937500
vt 0.578125 0.000000
vt 0.562500 0.437500
vt 0.531250 0.625000
vt 0.531250 0.562500
vt 0.531250 0.125000
vt 0.531250 0.062500
vt 0.531250 0.500000
vt 0.546875 1.000000
vt 0.531250 0.937500
vt 0.546875 0.000000
vt 0.531250 0.437500
vt 0.531250 0.875000
vt 0.531250 0.375000
vt 0.531250 0.812500
vt 0.531250 0.312500
vt 0.531250 0.750000
vt 0.531250 0.250000
vt 0.531250 0.687500
vt 0.531250 0.187500
vt 0.500000 0.375000
vt 0.500000 0.312500
vt 0.500000 0.812500
vt 0.500000 0.750000
vt 0.500000 0.250000
vt 0.500000 0.687500
vt 0.500000 0.187500
vt 0.500000 0.625000
vt 0.500000 0.125000
vt 0.500000 0.562500
vt 0.500000 0.062500
vt 0.500000 0.500000
vt 0.515625 1.000000
vt 0.500000 0.937500
vt 0.515625 0.000000
vt 0.500000 0.437500
vt 0.500000 0.875000
vt 0.468750 0.125000
vt 0.468750 0.062500
vt 0.468750 0.562500
vt 0.468750 0.500000
vt 0.484375 1.000000
vt 0.468750 0.937500
vt 0.484375 0.000000
vt 0.468750 0.437500
vt 0.468750 0.875000
vt 0.468750 0.375000
vt 0.468750 0.812500
vt 0.468750 0.312500
vt 0.468750 0.750000
vt 0.468750 0.250000
vt 0.468750 0.687500
vt 0.468750 0.187500
vt 0.468750 0.625000
vt 0.437500 0.312500
vt 0.437500 0.250000
vt 0.437500 0.750000
vt 0.437500 0.687500
vt 0.437500 0.187500
vt 0.437500 0.625000
vt 0.437500 0.125000
vt 0.437500 0.562500
vt 0.437500 0.062500
vt 0.437500 0.500000
vt 0.453125 1.000000
vt 0.437500 0.937500
vt 0.453125 0.000000
vt 0.437500 0.437500
vt 0.437500 0.875000
vt 0.437500 0.375000
vt 0.437500 0.812500
vt 0.421875 1.000000
vt 0.406250 0.937500
vt 0.421875 0.000000
vt 0.406250 0.062500
vt 0.406250 0.500000
vt 0.406250 0.437500
vt 0.406250 0.875000
vt 0.406250 0.375000
vt 0.406250 0.812500
vt 0.406250 0.312500
vt 0.406250 0.750000
vt 0.406250 0.250000
vt 0.406250 0.687500
vt 0.406250 0.187500
vt 0.406250 0.625000
vt 0.406250 0.125000
vt 0.406250 0.562500
vt 0.375000 0.750000
vt 0.375000 0.687500
vt 0.375000 0.250000
vt 0.375000 0.187500
vt 0.375000 0.625000
vt 0.375000 0.125000
vt 0.375000 0.562500
vt 0.375000 0.062500
vt 0.375000 0.500000
vt 0.390625 1.000000
vt 0.375000 0.937500
vt 0.390625 0.000000
vt 0.375000 0.437500
vt 0.375000 0.875000
vt 0.375000 0.375000
vt 0.375000 0.812500
vt 0.375000 0.312500
vt 0.343750 0.500000
vt 0.343750 0.437500
vt 0.343750 0.937500
vt 0.343750 0.875000
vt 0.343750 0.375000
vt 0.343750 0.812500
vt 0.343750 0.312500
vt 0.343750 0.750000
vt 0.343750 0.250000
vt 0.343750 0.687500
vt 0.343750 0.187500
vt 0.343750 0.625000
vt 0.343750 0.125000
vt 0.343750 0.562500
vt 0.343750 0.062500
vt 0.359375 1.000000
vt 0.359375 0.000000
vt 0.312500 0.250000
vt 0.312500 0.187500
vt 0.312500 0.687500
vt 0.312500 0.625000
vt 0.312500 0.125000
vt 0.312500 0.562500
vt 0.312500 0.062500
vt 0.312500 0.500000
vt 0.328125 1.000000
vt 0.312500 0.937500
vt 0.328125 0.000000
vt 0.312500 0.437500
vt 0.312500 0.875000
vt 0.312500 0.375000
vt 0.312500 0.812500
vt 0.312500 0.312500
vt 0.312500 0.750000
vt 0.281250 0.937500
vt 0.281250 0.875000
vt 0.281250 0.437500
vt 0.281250 0.375000
vt 0.281250 0.812500
vt 0.281250 0.312500
vt 0.281250 0.750000
vt 0.281250 0.250000
vt 0.281250 0.687500
vt 0.281250 0.187500
vt 0.281250 0.625000
vt 0.281250 0.125000
vt 0.281250 0.562500
vt 0.281250 0.062500
vt 0.281250 0.500000
vt 0.296875 1.000000
vt 0.296875 0.000000
vt 0.250000 0.687500
vt 0.250000 0.625000
vt 0.250000 0.187500
vt 0.250000 0.125000
vt 0.250000 0.562500
vt 0.250000 0.062500
vt 0.250000 0.500000
vt 0.265625 1.000000
vt 0.250000 0.937500
vt 0.265625 0.000000
vt 0.250000 0.437500
vt 0.250000 0.875000
vt 0.250000 0.375000
vt 0.250000 0.812500
vt 0.250000 0.312500
vt 0.250000 0.750000
vt 0.250000 0.250000
vt 0.218750 0.437500
vt 0.218750 0.375000
vt 0.218750 0.875000
vt 0.218750 0.812500
vt 0.218750 0.312500
vt 0.218750 0.750000
vt 0.218750 0.250000
vt 0.218750 0.687500
vt 0.218750 0.187500
vt 0.218750 0.625000
vt 0.218750 0.125000
vt 0.218750 0.562500
vt 0.218750 0.062500
vt 0.218750 0.500000
vt 0.234375 1.000000
vt 0.218750 0.937500
vt 0.234375 0.000000
vt 0.187500 0.187500
vt 0.187500 0.125000
vt 0.187500 0.625000
vt 0.187500 0.562500
vt 0.187500 0.062500
vt 0.187500 0.500000
vt 0.203125 1.000000
vt 0.187500 0.937500
vt 0.203125 0.000000
vt 0.187500 0.437500
vt 0.187500 0.875000
vt 0.187500 0.375000
vt 0.187500 0.812500
vt 0.187500 0.312500
vt 0.187500 0.750000
vt 0.187500 0.250000
vt 0.187500 0.687500
vt 0.156250 0.375000
vt 0.156250 0.312500
vt 0.156250 0.812500
vt 0.156250 0.750000
vt 0.156250 0.250000
vt 0.156250 0.687500
vt 0.156250 0.187500
vt 0.156250 0.625000
vt 0.156250 0.125000
vt 0.156250 0.562500
vt 0.156250 0.062500
vt 0.156250 0.500000
vt 0.171875 1.000000
vt 0.156250 0.937500
vt 0.171875 0.000000
vt 0.156250 0.437500
vt 0.156250 0.875000
vt 0.125000 0.125000
vt 0.125000 0.062500
vt 0.125000 0.562500
vt 0.125000 0.500000
vt 0.140625 1.000000
vt 0.125000 0.937500
vt 0.140625 0.000000
vt 0.125000 0.437500
vt 0.125000 0.875000
vt 0.125000 0.375000
vt 0.125000 0.812500
vt 0.125000 0.312500
vt 0.125000 0.750000
vt 0.125000 0.250000
vt 0.125000 0.687500
vt 0.125000 0.187500
vt 0.125000 0.625000
vt 0.093750 0.812500
vt 0.093750 0.750000
vt 0.093750 0.312500
vt 0.093750 0.250000
vt 0.093750 0.687500
vt 0.093750 0.187500
vt 0.093750 0.625000
vt 0.093750 0.125000
vt 0.093750 0.562500
vt 0.093750 0.062500
vt 0.093750 0.500000
vt 0.109375 1.000000
vt 0.093750 0.937500
vt 0.109375 0.000000
vt 0.093750 0.437500
vt 0.093750 0.875000
vt 0.093750 0.375000
vt 0.062500 0.562500
vt 0.062500 0.500000
vt 0.078125 1.000000
vt 0.062500 0.937500
vt 0.078125 0.000000
vt 0.062500 0.062500
vt 0.062500 0.437500
vt 0.062500 0.875000
vt 0.062500 0.375000
vt 0.062500 0.812500
vt 0.062500 0.312500
vt 0.062500 0.750000
vt 0.062500 0.250000
vt 0.062500 0.687500
vt 0.062500 0.187500
vt 0.062500 0.625000
vt 0.062500 0.125000
vt 0.031250 0.312500
vt 0.031250 0.250000
vt 0.031250 0.750000
vt 0.031250 0.687500
vt 0.031250 0.187500
vt 0.031250 0.625000
vt 0.031250 0.125000
vt 0.031250 0.562500
vt 0.031250 0.062500
vt 0.031250 0.500000
vt 0.046875 1.000000
vt 0.031250 0.937500
vt 0.046875 0.000000
vt 0.031250 0.437500
vt 0.031250 0.875000
vt 0.031250 0.375000
vt 0.031250 0.812500
vt 0.015625 1.000000
vt 0.000000 0.937500
vt 0.015625 0.000000
vt 0.000000 0.062500
vt 0.000000 0.500000
vt 0.000000 0.437500
vt 0.000000 0.875000
vt 0.000000 0.375000
vt 0.000000 0.812500
vt 0.000000 0.312500
vt 0.000000 0.750000
vt 0.000000 0.250000
vt 0.000000 0.687500
vt 0.000000 0.187500
vt 0.000000 0.625000
vt 0.000000 0.125000
vt 0.000000 0.562500
vt 1.000000 0.687500
vt 1.000000 0.750000
vt 0.968750 0.750000
vt 0.968750 0.687500
vt 1.000000 0.187500
vt 1.000000 0.250000
vt 0.968750 0.250000
vt 0.968750 0.187500
vt 1.000000 0.625000
vt 0.968750 0.625000
vt 1.000000 0.125000
vt 0.968750 0.125000
vt 1.000000 0.562500
vt 0.968750 0.562500
vt 1.000000 0.062500
vt 0.968750 0.062500
vt 1.000000 0.500000
vt 0.968750 0.500000
vt 1.000000 0.937500
vt 0.984375 1.000000
vt 0.968750 0.937500
vt 0.984375 0.000000
vt 1.000000 0.437500
vt 0.968750 0.437500
vt 1.000000 0.875000
vt 0.968750 0.875000
vt 1.000000 0.375000
vt 0.968750 0.375000
vt 1.000000 0.812500
vt 0.968750 0.812500
vt 1.000000 0.312500
vt 0.968750 0.312500
vt 0.937500 0.500000
vt 0.937500 0.437500
vt 0.937500 0.937500
vt 0.937500 0.875000
vt 0.937500 0.375000
vt 0.937500 0.812500
vt 0.937500 0.312500
vt 0.937500 0.750000
vt 0.937500 0.250000
vt 0.937500 0.687500
vt 0.937500 0.187500
vt 0.937500 0.625000
vt 0.937500 0.125000
vt 0.937500 0.562500
vt 0.937500 0.062500
vt 0.953125 1.000000
vt 0.953125 0.000000
vt 0.906250 0.250000
vt 0.906250 0.187500
vt 0.906250 0.687500
vt 0.906250 0.625000
vt 0.906250 0.125000
vt 0.906250 0.562500
vt 0.906250 0.062500
vt 0.906250 0.500000
vt 0.921875 1.000000
vt 0.906250 0.937500
vt 0.921875 0.000000
vt 0.906250 0.437500
vt 0.906250 0.875000
vt 0.906250 0.375000
vt 0.906250 0.812500
vt 0.906250 0.312500
vt 0.906250 0.750000
vt 0.875000 0.437500
vt 0.875000 0.375000
vt 0.875000 0.875000
vt 0.875000 0.812500
vt 0.875000 0.312500
vt 0.875000 0.750000
vt 0.875000 0.250000
vt 0.875000 0.687500
vt 0.875000 0.187500
vt 0.875000 0.625000
vt 0.875000 0.125000
vt 0.875000 0.562500
vt 0.875000 0.062500
vt 0.875000 0.500000
vt 0.890625 1.000000
vt 0.875000 0.937500
vt 0.890625 0.000000
vt 0.843750 0.187500
vt 0.843750 0.125000
vt 0.843750 0.625000
vt 0.843750 0.562500
vt 0.843750 0.062500
vt 0.843750 0.500000
vt 0.859375 1.000000
vt 0.843750 0.937500
vt 0.859375 0.000000
vt 0.843750 0.437500
vt 0.843750 0.875000
vt 0.843750 0.375000
vt 0.843750 0.812500
vt 0.843750 0.312500
vt 0.843750 0.750000
vt 0.843750 0.250000
vt 0.843750 0.687500
vt 0.812500 0.875000
vt 0.812500 0.812500
vt 0.812500 0.375000
vt 0.812500 0.312500
vt 0.812500 0.750000
vt 0.812500 0.250000
vt 0.812500 0.687500
vt 0.812500 0.187500
vt 0.812500 0.625000
vt 0.812500 0.125000
vt 0.812500 0.562500
vt 0.812500 0.062500
vt 0.812500 0.500000
vt 0.828125 1.000000
vt 0.812500 0.937500
vt 0.828125 0.000000
vt 0.812500 0.437500
vt 0.781250 0.625000
vt 0.781250 0.562500
vt 0.781250 0.125000
vt 0.781250 0.062500
vt 0.781250 0.500000
vt 0.796875 1.000000
vt 0.781250 0.937500
vt 0.796875 0.000000
vt 0.781250 0.437500
vt 0.781250 0.875000
vt 0.781250 0.375000
vt 0.781250 0.812500
vt 0.781250 0.312500
vt 0.781250 0.750000
vt 0.781250 0.250000
vt 0.781250 0.687500
vt 0.781250 0.187500
vt 0.765625 1.000000
vt 0.765625 0.000000
s 1
usemtl Negro_enemigo.006
f 1760/2072/1764 2233/2073/2237 1768/2074/1772 1769/2075/1773
f 1765/2076/1769 2236/2077/2240 1776/2078/1780 1777/2079/1781
f 2234/2080/2238 1760/2072/1764 1769/2075/1773 1770/2081/1774
f 2237/2082/2241 1765/2076/1769 1777/2079/1781 1778/2083/1782
f 1761/2084/1765 2234/2080/2238 1770/2081/1774 1771/2085/1775
f 2238/2086/2242 2237/2082/2241 1778/2083/1782 1779/2087/1783
f 2235/2088/2239 1761/2084/1765 1771/2085/1775 1772/2089/1776
f 2239/2090/2243 2238/2086/2242 1779/2087/1783 1780/2091/1784
f 1762/2092/1766 2235/2088/2239 1772/2089/1776 1773/2093/1777
f 2240/2094/2244 2239/2090/2243 1780/2091/1784 1781/2095/1785
f 1763/2096/1767 1762/2092/1766 1773/2093/1777 1774/2097/1778
f 2232/2098/2236 1759/2099/1763 1767/2100/1771
f 1766/2101/1770 2240/2094/2244 1781/2095/1785
f 1764/2102/1768 1763/2096/1767 1774/2097/1778 1775/2103/1779
f 2233/2073/2237 2232/2098/2236 1767/2100/1771 1768/2074/1772
f 2236/2077/2240 1764/2102/1768 1775/2103/1779 1776/2078/1780
f 1768/2074/1772 1767/2100/1771 1782/2104/1786 1783/2105/1787
f 1776/2078/1780 1775/2103/1779 1790/2106/1794 1791/2107/1795
f 1769/2075/1773 1768/2074/1772 1783/2105/1787 1784/2108/1788
f 1777/2079/1781 1776/2078/1780 1791/2107/1795 1792/2109/1796
f 1770/2081/1774 1769/2075/1773 1784/2108/1788 1785/2110/1789
f 1778/2083/1782 1777/2079/1781 1792/2109/1796 1793/2111/1797
f 1771/2085/1775 1770/2081/1774 1785/2110/1789 1786/2112/1790
f 1779/2087/1783 1778/2083/1782 1793/2111/1797 1794/2113/1798
f 1772/2089/1776 1771/2085/1775 1786/2112/1790 1787/2114/1791
f 1780/2091/1784 1779/2087/1783 1794/2113/1798 1795/2115/1799
f 1773/2093/1777 1772/2089/1776 1787/2114/1791 1788/2116/1792
f 1781/2095/1785 1780/2091/1784 1795/2115/1799 1796/2117/1800
f 1774/2097/1778 1773/2093/1777 1788/2116/1792 1789/2118/1793
f 1767/2100/1771 1759/2119/1763 1782/2104/1786
f 1766/2120/1770 1781/2095/1785 1796/2117/1800
f 1775/2103/1779 1774/2097/1778 1789/2118/1793 1790/2106/1794
f 1787/2114/1791 1786/2112/1790 1801/2121/1805 1802/2122/1806
f 1795/2115/1799 1794/2113/1798 1809/2123/1813 1810/2124/1814
f 1788/2116/1792 1787/2114/1791 1802/2122/1806 1803/2125/1807
f 1796/2117/1800 1795/2115/1799 1810/2124/1814 1811/2126/1815
f 1789/2118/1793 1788/2116/1792 1803/2125/1807 1804/2127/1808
f 1782/2104/1786 1759/2128/1763 1797/2129/1801
f 1766/2130/1770 1796/2117/1800 1811/2126/1815
f 1790/2106/1794 1789/2118/1793 1804/2127/1808 1805/2131/1809
f 1783/2105/1787 1782/2104/1786 1797/2129/1801 1798/2132/1802
f 1791/2107/1795 1790/2106/1794 1805/2131/1809 1806/2133/1810
f 1784/2108/1788 1783/2105/1787 1798/2132/1802 1799/2134/1803
f 1792/2109/1796 1791/2107/1795 1806/2133/1810 1807/2135/1811
f 1785/2110/1789 1784/2108/1788 1799/2134/1803 1800/2136/1804
f 1793/2111/1797 1792/2109/1796 1807/2135/1811 1808/2137/1812
f 1786/2112/1790 1785/2110/1789 1800/2136/1804 1801/2121/1805
f 1794/2113/1798 1793/2111/1797 1808/2137/1812 1809/2123/1813
f 1806/2133/1810 1805/2131/1809 1820/2138/1824 1821/2139/1825
f 1799/2134/1803 1798/2132/1802 1813/2140/1817 1814/2141/1818
f 1807/2135/1811 1806/2133/1810 1821/2139/1825 1822/2142/1826
f 1800/2136/1804 1799/2134/1803 1814/2141/1818 1815/2143/1819
f 1808/2137/1812 1807/2135/1811 1822/2142/1826 1823/2144/1827
f 1801/2121/1805 1800/2136/1804 1815/2143/1819 1816/2145/1820
f 1809/2123/1813 1808/2137/1812 1823/2144/1827 1824/2146/1828
f 1802/2122/1806 1801/2121/1805 1816/2145/1820 1817/2147/1821
f 1810/2124/1814 1809/2123/1813 1824/2146/1828 1825/2148/1829
f 1803/2125/1807 1802/2122/1806 1817/2147/1821 1818/2149/1822
f 1811/2126/1815 1810/2124/1814 1825/2148/1829 1826/2150/1830
f 1804/2127/1808 1803/2125/1807 1818/2149/1822 1819/2151/1823
f 1797/2129/1801 1759/2152/1763 1812/2153/1816
f 1766/2154/1770 1811/2126/1815 1826/2150/1830
f 1805/2131/1809 1804/2127/1808 1819/2151/1823 1820/2138/1824
f 1798/2132/1802 1797/2129/1801 1812/2153/1816 1813/2140/1817
f 1825/2148/1829 1824/2146/1828 1839/2155/1843 1840/2156/1844
f 1818/2149/1822 1817/2147/1821 1832/2157/1836 1833/2158/1837
f 1826/2150/1830 1825/2148/1829 1840/2156/1844 1841/2159/1845
f 1819/2151/1823 1818/2149/1822 1833/2158/1837 1834/2160/1838
f 1812/2153/1816 1759/2161/1763 1827/2162/1831
f 1766/2163/1770 1826/2150/1830 1841/2159/1845
f 1820/2138/1824 1819/2151/1823 1834/2160/1838 1835/2164/1839
f 1813/2140/1817 1812/2153/1816 1827/2162/1831 1828/2165/1832
f 1821/2139/1825 1820/2138/1824 1835/2164/1839 1836/2166/1840
f 1814/2141/1818 1813/2140/1817 1828/2165/1832 1829/2167/1833
f 1822/2142/1826 1821/2139/1825 1836/2166/1840 1837/2168/1841
f 1815/2143/1819 1814/2141/1818 1829/2167/1833 1830/2169/1834
f 1823/2144/1827 1822/2142/1826 1837/2168/1841 1838/2170/1842
f 1816/2145/1820 1815/2143/1819 1830/2169/1834 1831/2171/1835
f 1824/2146/1828 1823/2144/1827 1838/2170/1842 1839/2155/1843
f 1817/2147/1821 1816/2145/1820 1831/2171/1835 1832/2157/1836
f 1829/2167/1833 1828/2165/1832 1843/2172/1847 1844/2173/1848
f 1837/2168/1841 1836/2166/1840 1851/2174/1855 1852/2175/1856
f 1830/2169/1834 1829/2167/1833 1844/2173/1848 1845/2176/1849
f 1838/2170/1842 1837/2168/1841 1852/2175/1856 1853/2177/1857
f 1831/2171/1835 1830/2169/1834 1845/2176/1849 1846/2178/1850
f 1839/2155/1843 1838/2170/1842 1853/2177/1857 1854/2179/1858
f 1832/2157/1836 1831/2171/1835 1846/2178/1850 1847/2180/1851
f 1840/2156/1844 1839/2155/1843 1854/2179/1858 1855/2181/1859
f 1833/2158/1837 1832/2157/1836 1847/2180/1851 1848/2182/1852
f 1841/2159/1845 1840/2156/1844 1855/2181/1859 1856/2183/1860
f 1834/2160/1838 1833/2158/1837 1848/2182/1852 1849/2184/1853
f 1827/2162/1831 1759/2185/1763 1842/2186/1846
f 1766/2187/1770 1841/2159/1845 1856/2183/1860
f 1835/2164/1839 1834/2160/1838 1849/2184/1853 1850/2188/1854
f 1828/2165/1832 1827/2162/1831 1842/2186/1846 1843/2172/1847
f 1836/2166/1840 1835/2164/1839 1850/2188/1854 1851/2174/1855
f 1848/2182/1852 1847/2180/1851 1862/2189/1866 1863/2190/1867
f 1856/2183/1860 1855/2181/1859 1870/2191/1874 1871/2192/1875
f 1849/2184/1853 1848/2182/1852 1863/2190/1867 1864/2193/1868
f 1842/2186/1846 1759/2194/1763 1857/2195/1861
f 1766/2196/1770 1856/2183/1860 1871/2192/1875
f 1850/2188/1854 1849/2184/1853 1864/2193/1868 1865/2197/1869
f 1843/2172/1847 1842/2186/1846 1857/2195/1861 1858/2198/1862
f 1851/2174/1855 1850/2188/1854 1865/2197/1869 1866/2199/1870
f 1844/2173/1848 1843/2172/1847 1858/2198/1862 1859/2200/1863
f 1852/2175/1856 1851/2174/1855 1866/2199/1870 1867/2201/1871
f 1845/2176/1849 1844/2173/1848 1859/2200/1863 1860/2202/1864
f 1853/2177/1857 1852/2175/1856 1867/2201/1871 1868/2203/1872
f 1846/2178/1850 1845/2176/1849 1860/2202/1864 1861/2204/1865
f 1854/2179/1858 1853/2177/1857 1868/2203/1872 1869/2205/1873
f 1847/2180/1851 1846/2178/1850 1861/2204/1865 1862/2189/1866
f 1855/2181/1859 1854/2179/1858 1869/2205/1873 1870/2191/1874
f 1867/2201/1871 1866/2199/1870 1881/2206/1885 1882/2207/1886
f 1860/2202/1864 1859/2200/1863 1874/2208/1878 1875/2209/1879
f 1868/2203/1872 1867/2201/1871 1882/2207/1886 1883/2210/1887
f 1861/2204/1865 1860/2202/1864 1875/2209/1879 1876/2211/1880
f 1869/2205/1873 1868/2203/1872 1883/2210/1887 1884/2212/1888
f 1862/2189/1866 1861/2204/1865 1876/2211/1880 1877/2213/1881
f 1870/2191/1874 1869/2205/1873 1884/2212/1888 1885/2214/1889
f 1863/2190/1867 1862/2189/1866 1877/2213/1881 1878/2215/1882
f 1871/2192/1875 1870/2191/1874 1885/2214/1889 1886/2216/1890
f 1864/2193/1868 1863/2190/1867 1878/2215/1882 1879/2217/1883
f 1857/2195/1861 1759/2218/1763 1872/2219/1876
f 1766/2220/1770 1871/2192/1875 1886/2216/1890
f 1865/2197/1869 1864/2193/1868 1879/2217/1883 1880/2221/1884
f 1858/2198/1862 1857/2195/1861 1872/2219/1876 1873/2222/1877
f 1866/2199/1870 1865/2197/1869 1880/2221/1884 1881/2206/1885
f 1859/2200/1863 1858/2198/1862 1873/2222/1877 1874/2208/1878
f 1886/2216/1890 1885/2214/1889 1900/2223/1904 1901/2224/1905
f 1879/2217/1883 1878/2215/1882 1893/2225/1897 1894/2226/1898
f 1872/2219/1876 1759/2227/1763 1887/2228/1891
f 1766/2229/1770 1886/2216/1890 1901/2224/1905
f 1880/2221/1884 1879/2217/1883 1894/2226/1898 1895/2230/1899
f 1873/2222/1877 1872/2219/1876 1887/2228/1891 1888/2231/1892
f 1881/2206/1885 1880/2221/1884 1895/2230/1899 1896/2232/1900
f 1874/2208/1878 1873/2222/1877 1888/2231/1892 1889/2233/1893
f 1882/2207/1886 1881/2206/1885 1896/2232/1900 1897/2234/1901
f 1875/2209/1879 1874/2208/1878 1889/2233/1893 1890/2235/1894
f 1883/2210/1887 1882/2207/1886 1897/2234/1901 1898/2236/1902
f 1876/2211/1880 1875/2209/1879 1890/2235/1894 1891/2237/1895
f 1884/2212/1888 1883/2210/1887 1898/2236/1902 1899/2238/1903
f 1877/2213/1881 1876/2211/1880 1891/2237/1895 1892/2239/1896
f 1885/2214/1889 1884/2212/1888 1899/2238/1903 1900/2223/1904
f 1878/2215/1882 1877/2213/1881 1892/2239/1896 1893/2225/1897
f 1898/2236/1902 1897/2234/1901 1912/2240/1916 1913/2241/1917
f 1891/2237/1895 1890/2235/1894 1905/2242/1909 1906/2243/1910
f 1899/2238/1903 1898/2236/1902 1913/2241/1917 1914/2244/1918
f 1892/2239/1896 1891/2237/1895 1906/2243/1910 1907/2245/1911
f 1900/2223/1904 1899/2238/1903 1914/2244/1918 1915/2246/1919
f 1893/2225/1897 1892/2239/1896 1907/2245/1911 1908/2247/1912
f 1901/2224/1905 1900/2223/1904 1915/2246/1919 1916/2248/1920
f 1894/2226/1898 1893/2225/1897 1908/2247/1912 1909/2249/1913
f 1887/2228/1891 1759/2250/1763 1902/2251/1906
f 1766/2252/1770 1901/2224/1905 1916/2248/1920
f 1895/2230/1899 1894/2226/1898 1909/2249/1913 1910/2253/1914
f 1888/2231/1892 1887/2228/1891 1902/2251/1906 1903/2254/1907
f 1896/2232/1900 1895/2230/1899 1910/2253/1914 1911/2255/1915
f 1889/2233/1893 1888/2231/1892 1903/2254/1907 1904/2256/1908
f 1897/2234/1901 1896/2232/1900 1911/2255/1915 1912/2240/1916
f 1890/2235/1894 1889/2233/1893 1904/2256/1908 1905/2242/1909
f 1902/2251/1906 1759/2257/1763 1917/2258/1921
f 1766/2259/1770 1916/2248/1920 1931/2260/1935
f 1910/2253/1914 1909/2249/1913 1924/2261/1928 1925/2262/1929
f 1903/2254/1907 1902/2251/1906 1917/2258/1921 1918/2263/1922
f 1911/2255/1915 1910/2253/1914 1925/2262/1929 1926/2264/1930
f 1904/2256/1908 1903/2254/1907 1918/2263/1922 1919/2265/1923
f 1912/2240/1916 1911/2255/1915 1926/2264/1930 1927/2266/1931
f 1905/2242/1909 1904/2256/1908 1919/2265/1923 1920/2267/1924
f 1913/2241/1917 1912/2240/1916 1927/2266/1931 1928/2268/1932
f 1906/2243/1910 1905/2242/1909 1920/2267/1924 1921/2269/1925
f 1914/2244/1918 1913/2241/1917 1928/2268/1932 1929/2270/1933
f 1907/2245/1911 1906/2243/1910 1921/2269/1925 1922/2271/1926
f 1915/2246/1919 1914/2244/1918 1929/2270/1933 1930/2272/1934
f 1908/2247/1912 1907/2245/1911 1922/2271/1926 1923/2273/1927
f 1916/2248/1920 1915/2246/1919 1930/2272/1934 1931/2260/1935
f 1909/2249/1913 1908/2247/1912 1923/2273/1927 1924/2261/1928
f 1921/2269/1925 1920/2267/1924 1935/2274/1939 1936/2275/1940
f 1929/2270/1933 1928/2268/1932 1943/2276/1947 1944/2277/1948
f 1922/2271/1926 1921/2269/1925 1936/2275/1940 1937/2278/1941
f 1930/2272/1934 1929/2270/1933 1944/2277/1948 1945/2279/1949
f 1923/2273/1927 1922/2271/1926 1937/2278/1941 1938/2280/1942
f 1931/2260/1935 1930/2272/1934 1945/2279/1949 1946/2281/1950
f 1924/2261/1928 1923/2273/1927 1938/2280/1942 1939/2282/1943
f 1917/2258/1921 1759/2283/1763 1932/2284/1936
f 1766/2285/1770 1931/2260/1935 1946/2281/1950
f 1925/2262/1929 1924/2261/1928 1939/2282/1943 1940/2286/1944
f 1918/2263/1922 1917/2258/1921 1932/2284/1936 1933/2287/1937
f 1926/2264/1930 1925/2262/1929 1940/2286/1944 1941/2288/1945
f 1919/2265/1923 1918/2263/1922 1933/2287/1937 1934/2289/1938
f 1927/2266/1931 1926/2264/1930 1941/2288/1945 1942/2290/1946
f 1920/2267/1924 1919/2265/1923 1934/2289/1938 1935/2274/1939
f 1928/2268/1932 1927/2266/1931 1942/2290/1946 1943/2276/1947
f 1940/2286/1944 1939/2282/1943 1954/2291/1958 1955/2292/1959
f 1933/2287/1937 1932/2284/1936 1947/2293/1951 1948/2294/1952
f 1941/2288/1945 1940/2286/1944 1955/2292/1959 1956/2295/1960
f 1934/2289/1938 1933/2287/1937 1948/2294/1952 1949/2296/1953
f 1942/2290/1946 1941/2288/1945 1956/2295/1960 1957/2297/1961
f 1935/2274/1939 1934/2289/1938 1949/2296/1953 1950/2298/1954
f 1943/2276/1947 1942/2290/1946 1957/2297/1961 1958/2299/1962
f 1936/2275/1940 1935/2274/1939 1950/2298/1954 1951/2300/1955
f 1944/2277/1948 1943/2276/1947 1958/2299/1962 1959/2301/1963
f 1937/2278/1941 1936/2275/1940 1951/2300/1955 1952/2302/1956
f 1945/2279/1949 1944/2277/1948 1959/2301/1963 1960/2303/1964
f 1938/2280/1942 1937/2278/1941 1952/2302/1956 1953/2304/1957
f 1946/2281/1950 1945/2279/1949 1960/2303/1964 1961/2305/1965
f 1939/2282/1943 1938/2280/1942 1953/2304/1957 1954/2291/1958
f 1932/2284/1936 1759/2306/1763 1947/2293/1951
f 1766/2307/1770 1946/2281/1950 1961/2305/1965
f 1959/2301/1963 1958/2299/1962 1973/2308/1977 1974/2309/1978
f 1952/2302/1956 1951/2300/1955 1966/2310/1970 1967/2311/1971
f 1960/2303/1964 1959/2301/1963 1974/2309/1978 1975/2312/1979
f 1953/2304/1957 1952/2302/1956 1967/2311/1971 1968/2313/1972
f 1961/2305/1965 1960/2303/1964 1975/2312/1979 1976/2314/1980
f 1954/2291/1958 1953/2304/1957 1968/2313/1972 1969/2315/1973
f 1947/2293/1951 1759/2316/1763 1962/2317/1966
f 1766/2318/1770 1961/2305/1965 1976/2314/1980
f 1955/2292/1959 1954/2291/1958 1969/2315/1973 1970/2319/1974
f 1948/2294/1952 1947/2293/1951 1962/2317/1966 1963/2320/1967
f 1956/2295/1960 1955/2292/1959 1970/2319/1974 1971/2321/1975
f 1949/2296/1953 1948/2294/1952 1963/2320/1967 1964/2322/1968
f 1957/2297/1961 1956/2295/1960 1971/2321/1975 1972/2323/1976
f 1950/2298/1954 1949/2296/1953 1964/2322/1968 1965/2324/1969
f 1958/2299/1962 1957/2297/1961 1972/2323/1976 1973/2308/1977
f 1951/2300/1955 1950/2298/1954 1965/2324/1969 1966/2310/1970
f 1963/2320/1967 1962/2317/1966 1977/2325/1981 1978/2326/1982
f 1971/2321/1975 1970/2319/1974 1985/2327/1989 1986/2328/1990
f 1964/2322/1968 1963/2320/1967 1978/2326/1982 1979/2329/1983
f 1972/2323/1976 1971/2321/1975 1986/2328/1990 1987/2330/1991
f 1965/2324/1969 1964/2322/1968 1979/2329/1983 1980/2331/1984
f 1973/2308/1977 1972/2323/1976 1987/2330/1991 1988/2332/1992
f 1966/2310/1970 1965/2324/1969 1980/2331/1984 1981/2333/1985
f 1974/2309/1978 1973/2308/1977 1988/2332/1992 1989/2334/1993
f 1967/2311/1971 1966/2310/1970 1981/2333/1985 1982/2335/1986
f 1975/2312/1979 1974/2309/1978 1989/2334/1993 1990/2336/1994
f 1968/2313/1972 1967/2311/1971 1982/2335/1986 1983/2337/1987
f 1976/2314/1980 1975/2312/1979 1990/2336/1994 1991/2338/1995
f 1969/2315/1973 1968/2313/1972 1983/2337/1987 1984/2339/1988
f 1962/2317/1966 1759/2340/1763 1977/2325/1981
f 1766/2341/1770 1976/2314/1980 1991/2338/1995
f 1970/2319/1974 1969/2315/1973 1984/2339/1988 1985/2327/1989
f 1982/2335/1986 1981/2333/1985 1996/2342/2000 1997/2343/2001
f 1990/2336/1994 1989/2334/1993 2004/2344/2008 2005/2345/2009
f 1983/2337/1987 1982/2335/1986 1997/2343/2001 1998/2346/2002
f 1991/2338/1995 1990/2336/1994 2005/2345/2009 2006/2347/2010
f 1984/2339/1988 1983/2337/1987 1998/2346/2002 1999/2348/2003
f 1977/2325/1981 1759/2349/1763 1992/2350/1996
f 1766/2351/1770 1991/2338/1995 2006/2347/2010
f 1985/2327/1989 1984/2339/1988 1999/2348/2003 2000/2352/2004
f 1978/2326/1982 1977/2325/1981 1992/2350/1996 1993/2353/1997
f 1986/2328/1990 1985/2327/1989 2000/2352/2004 2001/2354/2005
f 1979/2329/1983 1978/2326/1982 1993/2353/1997 1994/2355/1998
f 1987/2330/1991 1986/2328/1990 2001/2354/2005 2002/2356/2006
f 1980/2331/1984 1979/2329/1983 1994/2355/1998 1995/2357/1999
f 1988/2332/1992 1987/2330/1991 2002/2356/2006 2003/2358/2007
f 1981/2333/1985 1980/2331/1984 1995/2357/1999 1996/2342/2000
f 1989/2334/1993 1988/2332/1992 2003/2358/2007 2004/2344/2008
f 2001/2354/2005 2000/2352/2004 2015/2359/2019 2016/2360/2020
f 1994/2355/1998 1993/2353/1997 2008/2361/2012 2009/2362/2013
f 2002/2356/2006 2001/2354/2005 2016/2360/2020 2017/2363/2021
f 1995/2357/1999 1994/2355/1998 2009/2362/2013 2010/2364/2014
f 2003/2358/2007 2002/2356/2006 2017/2363/2021 2018/2365/2022
f 1996/2342/2000 1995/2357/1999 2010/2364/2014 2011/2366/2015
f 2004/2344/2008 2003/2358/2007 2018/2365/2022 2019/2367/2023
f 1997/2343/2001 1996/2342/2000 2011/2366/2015 2012/2368/2016
f 2005/2345/2009 2004/2344/2008 2019/2367/2023 2020/2369/2024
f 1998/2346/2002 1997/2343/2001 2012/2368/2016 2013/2370/2017
f 2006/2347/2010 2005/2345/2009 2020/2369/2024 2021/2371/2025
f 1999/2348/2003 1998/2346/2002 2013/2370/2017 2014/2372/2018
f 1992/2350/1996 1759/2373/1763 2007/2374/2011
f 1766/2375/1770 2006/2347/2010 2021/2371/2025
f 2000/2352/2004 1999/2348/2003 2014/2372/2018 2015/2359/2019
f 1993/2353/1997 1992/2350/1996 2007/2374/2011 2008/2361/2012
f 2020/2369/2024 2019/2367/2023 2034/2376/2038 2035/2377/2039
f 2013/2370/2017 2012/2368/2016 2027/2378/2031 2028/2379/2032
f 2021/2371/2025 2020/2369/2024 2035/2377/2039 2036/2380/2040
f 2014/2372/2018 2013/2370/2017 2028/2379/2032 2029/2381/2033
f 2007/2374/2011 1759/2382/1763 2022/2383/2026
f 1766/2384/1770 2021/2371/2025 2036/2380/2040
f 2015/2359/2019 2014/2372/2018 2029/2381/2033 2030/2385/2034
f 2008/2361/2012 2007/2374/2011 2022/2383/2026 2023/2386/2027
f 2016/2360/2020 2015/2359/2019 2030/2385/2034 2031/2387/2035
f 2009/2362/2013 2008/2361/2012 2023/2386/2027 2024/2388/2028
f 2017/2363/2021 2016/2360/2020 2031/2387/2035 2032/2389/2036
f 2010/2364/2014 2009/2362/2013 2024/2388/2028 2025/2390/2029
f 2018/2365/2022 2017/2363/2021 2032/2389/2036 2033/2391/2037
f 2011/2366/2015 2010/2364/2014 2025/2390/2029 2026/2392/2030
f 2019/2367/2023 2018/2365/2022 2033/2391/2037 2034/2376/2038
f 2012/2368/2016 2011/2366/2015 2026/2392/2030 2027/2378/2031
f 2032/2389/2036 2031/2387/2035 2046/2393/2050 2047/2394/2051
f 2025/2390/2029 2024/2388/2028 2039/2395/2043 2040/2396/2044
f 2033/2391/2037 2032/2389/2036 2047/2394/2051 2048/2397/2052
f 2026/2392/2030 2025/2390/2029 2040/2396/2044 2041/2398/2045
f 2034/2376/2038 2033/2391/2037 2048/2397/2052 2049/2399/2053
f 2027/2378/2031 2026/2392/2030 2041/2398/2045 2042/2400/2046
f 2035/2377/2039 2034/2376/2038 2049/2399/2053 2050/2401/2054
f 2028/2379/2032 2027/2378/2031 2042/2400/2046 2043/2402/2047
f 2036/2380/2040 2035/2377/2039 2050/2401/2054 2051/2403/2055
f 2029/2381/2033 2028/2379/2032 2043/2402/2047 2044/2404/2048
f 2022/2383/2026 1759/2405/1763 2037/2406/2041
f 1766/2407/1770 2036/2380/2040 2051/2403/2055
f 2030/2385/2034 2029/2381/2033 2044/2404/2048 2045/2408/2049
f 2023/2386/2027 2022/2383/2026 2037/2406/2041 2038/2409/2042
f 2031/2387/2035 2030/2385/2034 2045/2408/2049 2046/2393/2050
f 2024/2388/2028 2023/2386/2027 2038/2409/2042 2039/2395/2043
f 2051/2403/2055 2050/2401/2054 2065/2410/2069 2066/2411/2070
f 2044/2404/2048 2043/2402/2047 2058/2412/2062 2059/2413/2063
f 2037/2406/2041 1759/2414/1763 2052/2415/2056
f 1766/2416/1770 2051/2403/2055 2066/2411/2070
f 2045/2408/2049 2044/2404/2048 2059/2413/2063 2060/2417/2064
f 2038/2409/2042 2037/2406/2041 2052/2415/2056 2053/2418/2057
f 2046/2393/2050 2045/2408/2049 2060/2417/2064 2061/2419/2065
f 2039/2395/2043 2038/2409/2042 2053/2418/2057 2054/2420/2058
f 2047/2394/2051 2046/2393/2050 2061/2419/2065 2062/2421/2066
f 2040/2396/2044 2039/2395/2043 2054/2420/2058 2055/2422/2059
f 2048/2397/2052 2047/2394/2051 2062/2421/2066 2063/2423/2067
f 2041/2398/2045 2040/2396/2044 2055/2422/2059 2056/2424/2060
f 2049/2399/2053 2048/2397/2052 2063/2423/2067 2064/2425/2068
f 2042/2400/2046 2041/2398/2045 2056/2424/2060 2057/2426/2061
f 2050/2401/2054 2049/2399/2053 2064/2425/2068 2065/2410/2069
f 2043/2402/2047 2042/2400/2046 2057/2426/2061 2058/2412/2062
f 2055/2422/2059 2054/2420/2058 2069/2427/2073 2070/2428/2074
f 2063/2423/2067 2062/2421/2066 2077/2429/2081 2078/2430/2082
f 2056/2424/2060 2055/2422/2059 2070/2428/2074 2071/2431/2075
f 2064/2425/2068 2063/2423/2067 2078/2430/2082 2079/2432/2083
f 2057/2426/2061 2056/2424/2060 2071/2431/2075 2072/2433/2076
f 2065/2410/2069 2064/2425/2068 2079/2432/2083 2080/2434/2084
f 2058/2412/2062 2057/2426/2061 2072/2433/2076 2073/2435/2077
f 2066/2411/2070 2065/2410/2069 2080/2434/2084 2081/2436/2085
f 2059/2413/2063 2058/2412/2062 2073/2435/2077 2074/2437/2078
f 2052/2415/2056 1759/2438/1763 2067/2439/2071
f 1766/2440/1770 2066/2411/2070 2081/2436/2085
f 2060/2417/2064 2059/2413/2063 2074/2437/2078 2075/2441/2079
f 2053/2418/2057 2052/2415/2056 2067/2439/2071 2068/2442/2072
f 2061/2419/2065 2060/2417/2064 2075/2441/2079 2076/2443/2080
f 2054/2420/2058 2053/2418/2057 2068/2442/2072 2069/2427/2073
f 2062/2421/2066 2061/2419/2065 2076/2443/2080 2077/2429/2081
f 2074/2437/2078 2073/2435/2077 2088/2444/2092 2089/2445/2093
f 2067/2439/2071 1759/2446/1763 2082/2447/2086
f 1766/2448/1770 2081/2436/2085 2096/2449/2100
f 2075/2441/2079 2074/2437/2078 2089/2445/2093 2090/2450/2094
f 2068/2442/2072 2067/2439/2071 2082/2447/2086 2083/2451/2087
f 2076/2443/2080 2075/2441/2079 2090/2450/2094 2091/2452/2095
f 2069/2427/2073 2068/2442/2072 2083/2451/2087 2084/2453/2088
f 2077/2429/2081 2076/2443/2080 2091/2452/2095 2092/2454/2096
f 2070/2428/2074 2069/2427/2073 2084/2453/2088 2085/2455/2089
f 2078/2430/2082 2077/2429/2081 2092/2454/2096 2093/2456/2097
f 2071/2431/2075 2070/2428/2074 2085/2455/2089 2086/2457/2090
f 2079/2432/2083 2078/2430/2082 2093/2456/2097 2094/2458/2098
f 2072/2433/2076 2071/2431/2075 2086/2457/2090 2087/2459/2091
f 2080/2434/2084 2079/2432/2083 2094/2458/2098 2095/2460/2099
f 2073/2435/2077 2072/2433/2076 2087/2459/2091 2088/2444/2092
f 2081/2436/2085 2080/2434/2084 2095/2460/2099 2096/2449/2100
f 2093/2456/2097 2092/2454/2096 2107/2461/2111 2108/2462/2112
f 2086/2457/2090 2085/2455/2089 2100/2463/2104 2101/2464/2105
f 2094/2458/2098 2093/2456/2097 2108/2462/2112 2109/2465/2113
f 2087/2459/2091 2086/2457/2090 2101/2464/2105 2102/2466/2106
f 2095/2460/2099 2094/2458/2098 2109/2465/2113 2110/2467/2114
f 2088/2444/2092 2087/2459/2091 2102/2466/2106 2103/2468/2107
f 2096/2449/2100 2095/2460/2099 2110/2467/2114 2111/2469/2115
f 2089/2445/2093 2088/2444/2092 2103/2468/2107 2104/2470/2108
f 2082/2447/2086 1759/2471/1763 2097/2472/2101
f 1766/2473/1770 2096/2449/2100 2111/2469/2115
f 2090/2450/2094 2089/2445/2093 2104/2470/2108 2105/2474/2109
f 2083/2451/2087 2082/2447/2086 2097/2472/2101 2098/2475/2102
f 2091/2452/2095 2090/2450/2094 2105/2474/2109 2106/2476/2110
f 2084/2453/2088 2083/2451/2087 2098/2475/2102 2099/2477/2103
f 2092/2454/2096 2091/2452/2095 2106/2476/2110 2107/2461/2111
f 2085/2455/2089 2084/2453/2088 2099/2477/2103 2100/2463/2104
f 2097/2472/2101 1759/2478/1763 2112/2479/2116
f 1766/2480/1770 2111/2469/2115 2126/2481/2130
f 2105/2474/2109 2104/2470/2108 2119/2482/2123 2120/2483/2124
f 2098/2475/2102 2097/2472/2101 2112/2479/2116 2113/2484/2117
f 2106/2476/2110 2105/2474/2109 2120/2483/2124 2121/2485/2125
f 2099/2477/2103 2098/2475/2102 2113/2484/2117 2114/2486/2118
f 2107/2461/2111 2106/2476/2110 2121/2485/2125 2122/2487/2126
f 2100/2463/2104 2099/2477/2103 2114/2486/2118 2115/2488/2119
f 2108/2462/2112 2107/2461/2111 2122/2487/2126 2123/2489/2127
f 2101/2464/2105 2100/2463/2104 2115/2488/2119 2116/2490/2120
f 2109/2465/2113 2108/2462/2112 2123/2489/2127 2124/2491/2128
f 2102/2466/2106 2101/2464/2105 2116/2490/2120 2117/2492/2121
f 2110/2467/2114 2109/2465/2113 2124/2491/2128 2125/2493/2129
f 2103/2468/2107 2102/2466/2106 2117/2492/2121 2118/2494/2122
f 2111/2469/2115 2110/2467/2114 2125/2493/2129 2126/2481/2130
f 2104/2470/2108 2103/2468/2107 2118/2494/2122 2119/2482/2123
f 2116/2495/2120 2115/2496/2119 2130/2497/2134 2131/2498/2135
f 2124/2499/2128 2123/2500/2127 2138/2501/2142 2139/2502/2143
f 2117/2503/2121 2116/2495/2120 2131/2498/2135 2132/2504/2136
f 2125/2505/2129 2124/2499/2128 2139/2502/2143 2140/2506/2144
f 2118/2507/2122 2117/2503/2121 2132/2504/2136 2133/2508/2137
f 2126/2509/2130 2125/2505/2129 2140/2506/2144 2141/2510/2145
f 2119/2511/2123 2118/2507/2122 2133/2508/2137 2134/2512/2138
f 2112/2513/2116 1759/2514/1763 2127/2515/2131
f 1766/2516/1770 2126/2509/2130 2141/2510/2145
f 2120/2517/2124 2119/2511/2123 2134/2512/2138 2135/2518/2139
f 2113/2519/2117 2112/2513/2116 2127/2515/2131 2128/2520/2132
f 2121/2521/2125 2120/2517/2124 2135/2518/2139 2136/2522/2140
f 2114/2523/2118 2113/2519/2117 2128/2520/2132 2129/2524/2133
f 2122/2525/2126 2121/2521/2125 2136/2522/2140 2137/2526/2141
f 2115/2496/2119 2114/2523/2118 2129/2524/2133 2130/2497/2134
f 2123/2500/2127 2122/2525/2126 2137/2526/2141 2138/2501/2142
f 2135/2518/2139 2134/2512/2138 2149/2527/2153 2150/2528/2154
f 2128/2520/2132 2127/2515/2131 2142/2529/2146 2143/2530/2147
f 2136/2522/2140 2135/2518/2139 2150/2528/2154 2151/2531/2155
f 2129/2524/2133 2128/2520/2132 2143/2530/2147 2144/2532/2148
f 2137/2526/2141 2136/2522/2140 2151/2531/2155 2152/2533/2156
f 2130/2497/2134 2129/2524/2133 2144/2532/2148 2145/2534/2149
f 2138/2501/2142 2137/2526/2141 2152/2533/2156 2153/2535/2157
f 2131/2498/2135 2130/2497/2134 2145/2534/2149 2146/2536/2150
f 2139/2502/2143 2138/2501/2142 2153/2535/2157 2154/2537/2158
f 2132/2504/2136 2131/2498/2135 2146/2536/2150 2147/2538/2151
f 2140/2506/2144 2139/2502/2143 2154/2537/2158 2155/2539/2159
f 2133/2508/2137 2132/2504/2136 2147/2538/2151 2148/2540/2152
f 2141/2510/2145 2140/2506/2144 2155/2539/2159 2156/2541/2160
f 2134/2512/2138 2133/2508/2137 2148/2540/2152 2149/2527/2153
f 2127/2515/2131 1759/2542/1763 2142/2529/2146
f 1766/2543/1770 2141/2510/2145 2156/2541/2160
f 2154/2537/2158 2153/2535/2157 2168/2544/2172 2169/2545/2173
f 2147/2538/2151 2146/2536/2150 2161/2546/2165 2162/2547/2166
f 2155/2539/2159 2154/2537/2158 2169/2545/2173 2170/2548/2174
f 2148/2540/2152 2147/2538/2151 2162/2547/2166 2163/2549/2167
f 2156/2541/2160 2155/2539/2159 2170/2548/2174 2171/2550/2175
f 2149/2527/2153 2148/2540/2152 2163/2549/2167 2164/2551/2168
f 2142/2529/2146 1759/2552/1763 2157/2553/2161
f 1766/2554/1770 2156/2541/2160 2171/2550/2175
f 2150/2528/2154 2149/2527/2153 2164/2551/2168 2165/2555/2169
f 2143/2530/2147 2142/2529/2146 2157/2553/2161 2158/2556/2162
f 2151/2531/2155 2150/2528/2154 2165/2555/2169 2166/2557/2170
f 2144/2532/2148 2143/2530/2147 2158/2556/2162 2159/2558/2163
f 2152/2533/2156 2151/2531/2155 2166/2557/2170 2167/2559/2171
f 2145/2534/2149 2144/2532/2148 2159/2558/2163 2160/2560/2164
f 2153/2535/2157 2152/2533/2156 2167/2559/2171 2168/2544/2172
f 2146/2536/2150 2145/2534/2149 2160/2560/2164 2161/2546/2165
f 2166/2557/2170 2165/2555/2169 2180/2561/2184 2181/2562/2185
f 2159/2558/2163 2158/2556/2162 2173/2563/2177 2174/2564/2178
f 2167/2559/2171 2166/2557/2170 2181/2562/2185 2182/2565/2186
f 2160/2560/2164 2159/2558/2163 2174/2564/2178 2175/2566/2179
f 2168/2544/2172 2167/2559/2171 2182/2565/2186 2183/2567/2187
f 2161/2546/2165 2160/2560/2164 2175/2566/2179 2176/2568/2180
f 2169/2545/2173 2168/2544/2172 2183/2567/2187 2184/2569/2188
f 2162/2547/2166 2161/2546/2165 2176/2568/2180 2177/2570/2181
f 2170/2548/2174 2169/2545/2173 2184/2569/2188 2185/2571/2189
f 2163/2549/2167 2162/2547/2166 2177/2570/2181 2178/2572/2182
f 2171/2550/2175 2170/2548/2174 2185/2571/2189 2186/2573/2190
f 2164/2551/2168 2163/2549/2167 2178/2572/2182 2179/2574/2183
f 2157/2553/2161 1759/2575/1763 2172/2576/2176
f 1766/2577/1770 2171/2550/2175 2186/2573/2190
f 2165/2555/2169 2164/2551/2168 2179/2574/2183 2180/2561/2184
f 2158/2556/2162 2157/2553/2161 2172/2576/2176 2173/2563/2177
f 2185/2571/2189 2184/2569/2188 2199/2578/2203 2200/2579/2204
f 2178/2572/2182 2177/2570/2181 2192/2580/2196 2193/2581/2197
f 2186/2573/2190 2185/2571/2189 2200/2579/2204 2201/2582/2205
f 2179/2574/2183 2178/2572/2182 2193/2581/2197 2194/2583/2198
f 2172/2576/2176 1759/2584/1763 2187/2585/2191
f 1766/2586/1770 2186/2573/2190 2201/2582/2205
f 2180/2561/2184 2179/2574/2183 2194/2583/2198 2195/2587/2199
f 2173/2563/2177 2172/2576/2176 2187/2585/2191 2188/2588/2192
f 2181/2562/2185 2180/2561/2184 2195/2587/2199 2196/2589/2200
f 2174/2564/2178 2173/2563/2177 2188/2588/2192 2189/2590/2193
f 2182/2565/2186 2181/2562/2185 2196/2589/2200 2197/2591/2201
f 2175/2566/2179 2174/2564/2178 2189/2590/2193 2190/2592/2194
f 2183/2567/2187 2182/2565/2186 2197/2591/2201 2198/2593/2202
f 2176/2568/2180 2175/2566/2179 2190/2592/2194 2191/2594/2195
f 2184/2569/2188 2183/2567/2187 2198/2593/2202 2199/2578/2203
f 2177/2570/2181 2176/2568/2180 2191/2594/2195 2192/2580/2196
f 2189/2590/2193 2188/2588/2192 2203/2595/2207 2204/2596/2208
f 2197/2591/2201 2196/2589/2200 2211/2597/2215 2212/2598/2216
f 2190/2592/2194 2189/2590/2193 2204/2596/2208 2205/2599/2209
f 2198/2593/2202 2197/2591/2201 2212/2598/2216 2213/2600/2217
f 2191/2594/2195 2190/2592/2194 2205/2599/2209 2206/2601/2210
f 2199/2578/2203 2198/2593/2202 2213/2600/2217 2214/2602/2218
f 2192/2580/2196 2191/2594/2195 2206/2601/2210 2207/2603/2211
f 2200/2579/2204 2199/2578/2203 2214/2602/2218 2215/2604/2219
f 2193/2581/2197 2192/2580/2196 2207/2603/2211 2208/2605/2212
f 2201/2582/2205 2200/2579/2204 2215/2604/2219 2216/2606/2220
f 2194/2583/2198 2193/2581/2197 2208/2605/2212 2209/2607/2213
f 2187/2585/2191 1759/2608/1763 2202/2609/2206
f 1766/2610/1770 2201/2582/2205 2216/2606/2220
f 2195/2587/2199 2194/2583/2198 2209/2607/2213 2210/2611/2214
f 2188/2588/2192 2187/2585/2191 2202/2609/2206 2203/2595/2207
f 2196/2589/2200 2195/2587/2199 2210/2611/2214 2211/2597/2215
f 2208/2605/2212 2207/2603/2211 2222/2612/2226 2223/2613/2227
f 2216/2606/2220 2215/2604/2219 2230/2614/2234 2231/2615/2235
f 2209/2607/2213 2208/2605/2212 2223/2613/2227 2224/2616/2228
f 2202/2609/2206 1759/2617/1763 2217/2618/2221
f 1766/2619/1770 2216/2606/2220 2231/2615/2235
f 2210/2611/2214 2209/2607/2213 2224/2616/2228 2225/2620/2229
f 2203/2595/2207 2202/2609/2206 2217/2618/2221 2218/2621/2222
f 2211/2597/2215 2210/2611/2214 2225/2620/2229 2226/2622/2230
f 2204/2596/2208 2203/2595/2207 2218/2621/2222 2219/2623/2223
f 2212/2598/2216 2211/2597/2215 2226/2622/2230 2227/2624/2231
f 2205/2599/2209 2204/2596/2208 2219/2623/2223 2220/2625/2224
f 2213/2600/2217 2212/2598/2216 2227/2624/2231 2228/2626/2232
f 2206/2601/2210 2205/2599/2209 2220/2625/2224 2221/2627/2225
f 2214/2602/2218 2213/2600/2217 2228/2626/2232 2229/2628/2233
f 2207/2603/2211 2206/2601/2210 2221/2627/2225 2222/2612/2226
f 2215/2604/2219 2214/2602/2218 2229/2628/2233 2230/2614/2234
f 2227/2624/2231 2226/2622/2230 2236/2077/2240 1765/2076/1769
f 2220/2625/2224 2219/2623/2223 1760/2072/1764 2234/2080/2238
f 2228/2626/2232 2227/2624/2231 1765/2076/1769 2237/2082/2241
f 2221/2627/2225 2220/2625/2224 2234/2080/2238 1761/2084/1765
f 2229/2628/2233 2228/2626/2232 2237/2082/2241 2238/2086/2242
f 2222/2612/2226 2221/2627/2225 1761/2084/1765 2235/2088/2239
f 2230/2614/2234 2229/2628/2233 2238/2086/2242 2239/2090/2243
f 2223/2613/2227 2222/2612/2226 2235/2088/2239 1762/2092/1766
f 2231/2615/2235 2230/2614/2234 2239/2090/2243 2240/2094/2244
f 2224/2616/2228 2223/2613/2227 1762/2092/1766 1763/2096/1767
f 2217/2618/2221 1759/2629/1763 2232/2098/2236
f 1766/2630/1770 2231/2615/2235 2240/2094/2244
f 2225/2620/2229 2224/2616/2228 1763/2096/1767 1764/2102/1768
f 2218/2621/2222 2217/2618/2221 2232/2098/2236 2233/2073/2237
f 2226/2622/2230 2225/2620/2229 1764/2102/1768 2236/2077/2240
f 2219/2623/2223 2218/2621/2222 2233/2073/2237 1760/2072/1764
o Brazo_derecho
v 1.181132 3.991936 -0.139252
v 1.168657 4.050624 -0.200000
v 1.177478 4.009125 -0.182207
v 0.858868 5.508064 -0.139252
v 0.871343 5.449376 -0.200000
v 0.862522 5.490875 -0.182207
v 1.223222 4.000882 -0.132437
v 1.229110 4.063474 -0.190211
v 1.232553 4.020832 -0.173289
v 0.900959 5.517011 -0.132437
v 0.931796 5.462225 -0.190211
v 0.917597 5.502582 -0.173289
v 1.261193 4.008953 -0.112657
v 1.283645 4.075066 -0.161803
v 1.282236 4.031392 -0.147409
v 0.938930 5.525082 -0.112657
v 0.986331 5.473817 -0.161803
v 0.967281 5.513142 -0.147409
v 1.291327 4.015358 -0.081850
v 1.326924 4.084265 -0.117557
v 1.321665 4.039773 -0.107099
v 0.969064 5.531487 -0.081850
v 1.029611 5.483016 -0.117557
v 1.006710 5.521523 -0.107099
v 1.310674 4.019471 -0.043031
v 1.354712 4.090172 -0.061803
v 1.346981 4.045154 -0.056305
v 0.988411 5.535600 -0.043031
v 1.057398 5.488923 -0.061803
v 1.032025 5.526904 -0.056305
v 1.317341 4.020888 0.000000
v 1.364286 4.092207 0.000000
v 1.355703 4.047008 0.000000
v 0.995078 5.537016 0.000000
v 1.066973 5.490958 0.000000
v 1.040748 5.528758 0.000000
v 1.310674 4.019471 0.043031
v 1.354712 4.090172 0.061803
v 1.346981 4.045154 0.056305
v 0.988411 5.535600 0.043031
v 1.057398 5.488923 0.061803
v 1.032025 5.526904 0.056305
v 1.291327 4.015358 0.081850
v 1.326924 4.084265 0.117557
v 1.321665 4.039773 0.107099
v 0.969064 5.531487 0.081850
v 1.029611 5.483016 0.117557
v 1.006710 5.521523 0.107099
v 1.261193 4.008953 0.112657
v 1.283645 4.075066 0.161803
v 1.282236 4.031392 0.147409
v 0.938930 5.525082 0.112657
v 0.986331 5.473817 0.161803
v 0.967281 5.513142 0.147409
v 1.223222 4.000882 0.132437
v 1.229110 4.063474 0.190211
v 1.232553 4.020832 0.173289
v 0.900959 5.517011 0.132437
v 0.931796 5.462225 0.190211
v 0.917597 5.502582 0.173289
v 1.181132 3.991936 0.139252
v 1.168657 4.050624 0.200000
v 1.177478 4.009125 0.182207
v 0.858868 5.508064 0.139252
v 0.871343 5.449376 0.200000
v 0.862522 5.490875 0.182207
v 1.139041 3.982989 0.132437
v 1.108204 4.037775 0.190211
v 1.122403 3.997419 0.173289
v 0.816777 5.499118 0.132437
v 0.810890 5.436526 0.190211
v 0.807447 5.479168 0.173289
v 1.101070 3.974918 0.112657
v 1.053669 4.026183 0.161803
v 1.072719 3.986858 0.147409
v 0.778807 5.491047 0.112657
v 0.756355 5.424934 0.161803
v 0.757764 5.468608 0.147409
v 1.070936 3.968513 0.081850
v 1.010389 4.016984 0.117557
v 1.033290 3.978477 0.107099
v 0.748673 5.484642 0.081850
v 0.713076 5.415735 0.117557
v 0.718335 5.460227 0.107099
v 1.051589 3.964401 0.043031
v 0.982602 4.011077 0.061803
v 1.007975 3.973096 0.056305
v 0.729326 5.480529 0.043031
v 0.685288 5.409828 0.061803
v 0.693019 5.454846 0.056305
v 1.044922 3.962984 0.000000
v 0.973027 4.009042 0.000000
v 0.999252 3.971242 0.000000
v 0.722659 5.479112 0.000000
v 0.675714 5.407793 0.000000
v 0.684296 5.452992 0.000000
v 1.051589 3.964401 -0.043031
v 0.982602 4.011077 -0.061803
v 1.007975 3.973096 -0.056305
v 0.729326 5.480529 -0.043031
v 0.685288 5.409828 -0.061803
v 0.693019 5.454846 -0.056305
v 1.070936 3.968513 -0.081850
v 1.010389 4.016984 -0.117557
v 1.033290 3.978477 -0.107099
v 0.748673 5.484642 -0.081850
v 0.713076 5.415735 -0.117557
v 0.718335 5.460227 -0.107099
v 1.101070 3.974918 -0.112657
v 1.053669 4.026183 -0.161803
v 1.072719 3.986858 -0.147409
v 0.778807 5.491047 -0.112657
v 0.756355 5.424934 -0.161803
v 0.757764 5.468608 -0.147409
v 1.139041 3.982989 -0.132437
v 1.108204 4.037775 -0.190211
v 1.122403 3.997419 -0.173289
v 0.816777 5.499118 -0.132437
v 0.810890 5.436526 -0.190211
v 0.807447 5.479168 -0.173289
vn 0.2032 -0.9560 -0.2114
vn 0.0402 -0.1893 -0.9811
vn 0.1438 -0.6765 -0.7223
vn -0.2032 0.9560 -0.2114
vn -0.0402 0.1893 -0.9811
vn -0.1438 0.6765 -0.7223
vn 0.2671 -0.9425 -0.2010
vn 0.3368 -0.1263 -0.9331
vn 0.3621 -0.6301 -0.6869
vn -0.1393 0.9696 -0.2010
vn 0.2563 0.2524 -0.9331
vn 0.0745 0.7229 -0.6869
vn 0.3247 -0.9302 -0.1710
vn 0.6043 -0.0694 -0.7937
vn 0.5591 -0.5882 -0.5843
vn -0.0817 0.9819 -0.1710
vn 0.5238 0.3092 -0.7937
vn 0.2715 0.7648 -0.5843
vn 0.3705 -0.9205 -0.1242
vn 0.8166 -0.0243 -0.5767
vn 0.7154 -0.5550 -0.4245
vn -0.0359 0.9916 -0.1242
vn 0.7361 0.3543 -0.5767
vn 0.4278 0.7980 -0.4245
vn 0.3999 -0.9142 -0.0653
vn 0.9529 0.0047 -0.3032
vn 0.8157 -0.5337 -0.2232
vn -0.0066 0.9978 -0.0653
vn 0.8724 0.3833 -0.3032
vn 0.5281 0.8193 -0.2232
vn 0.4100 -0.9121 -0.0000
vn 0.9999 0.0147 -0.0000
vn 0.8503 -0.5263 -0.0000
vn 0.0035 1.0000 -0.0000
vn 0.9194 0.3933 -0.0000
vn 0.5627 0.8267 -0.0000
vn 0.3999 -0.9142 0.0653
vn 0.9529 0.0047 0.3032
vn 0.8157 -0.5337 0.2232
vn -0.0066 0.9978 0.0653
vn 0.8724 0.3833 0.3032
vn 0.5281 0.8193 0.2232
vn 0.3705 -0.9205 0.1242
vn 0.8166 -0.0243 0.5767
vn 0.7154 -0.5550 0.4245
vn -0.0359 0.9916 0.1242
vn 0.7361 0.3543 0.5767
vn 0.4278 0.7980 0.4245
vn 0.3247 -0.9302 0.1710
vn 0.6043 -0.0694 0.7937
vn 0.5591 -0.5882 0.5843
vn -0.0817 0.9819 0.1710
vn 0.5238 0.3092 0.7937
vn 0.2715 0.7648 0.5843
vn 0.2671 -0.9425 0.2010
vn 0.3368 -0.1263 0.9331
vn 0.3621 -0.6301 0.6869
vn -0.1393 0.9696 0.2010
vn 0.2563 0.2524 0.9331
vn 0.0745 0.7229 0.6869
vn 0.2032 -0.9560 0.2114
vn 0.0402 -0.1893 0.9811
vn 0.1438 -0.6765 0.7223
vn -0.2032 0.9560 0.2114
vn -0.0402 0.1893 0.9811
vn -0.1438 0.6765 0.7223
vn 0.1393 -0.9696 0.2010
vn -0.2563 -0.2524 0.9331
vn -0.0745 -0.7229 0.6869
vn -0.2671 0.9425 0.2010
vn -0.3368 0.1263 0.9331
vn -0.3621 0.6301 0.6869
vn 0.0817 -0.9819 0.1710
vn -0.5238 -0.3092 0.7937
vn -0.2715 -0.7648 0.5843
vn -0.3247 0.9302 0.1710
vn -0.6043 0.0694 0.7937
vn -0.5591 0.5882 0.5843
vn 0.0359 -0.9916 0.1242
vn -0.7361 -0.3543 0.5767
vn -0.4278 -0.7980 0.4245
vn -0.3705 0.9205 0.1242
vn -0.8166 0.0243 0.5767
vn -0.7154 0.5550 0.4245
vn 0.0066 -0.9978 0.0653
vn -0.8724 -0.3833 0.3032
vn -0.5281 -0.8193 0.2232
vn -0.3999 0.9142 0.0653
vn -0.9529 -0.0047 0.3032
vn -0.8157 0.5337 0.2232
vn -0.0035 -1.0000 -0.0000
vn -0.9194 -0.3933 -0.0000
vn -0.5627 -0.8267 -0.0000
vn -0.4100 0.9121 -0.0000
vn -0.9999 -0.0147 -0.0000
vn -0.8503 0.5263 -0.0000
vn 0.0066 -0.9978 -0.0653
vn -0.8724 -0.3833 -0.3032
vn -0.5281 -0.8193 -0.2232
vn -0.3999 0.9142 -0.0653
vn -0.9529 -0.0047 -0.3032
vn -0.8157 0.5337 -0.2232
vn 0.0359 -0.9916 -0.1242
vn -0.7361 -0.3543 -0.5767
vn -0.4278 -0.7980 -0.4245
vn -0.3705 0.9205 -0.1242
vn -0.8166 0.0243 -0.5767
vn -0.7154 0.5550 -0.4245
vn 0.0817 -0.9819 -0.1710
vn -0.5238 -0.3092 -0.7937
vn -0.2715 -0.7648 -0.5843
vn -0.3247 0.9302 -0.1710
vn -0.6043 0.0694 -0.7937
vn -0.5591 0.5882 -0.5843
vn 0.1393 -0.9696 -0.2010
vn -0.2563 -0.2524 -0.9331
vn -0.0745 -0.7229 -0.6869
vn -0.2671 0.9425 -0.2010
vn -0.3368 0.1263 -0.9331
vn -0.3621 0.6301 -0.6869
vt 1.000000 0.519355
vt 0.950000 0.519355
vt 0.950000 0.500000
vt 0.997776 0.500000
vt 0.750000 0.489478
vt 0.824003 0.477757
vt 0.801638 0.408924
vt 0.750000 0.417102
vt 0.950000 0.980645
vt 1.000000 0.980645
vt 0.997776 1.000000
vt 0.950000 1.000000
vt 0.324003 0.477757
vt 0.250000 0.489478
vt 0.250000 0.417102
vt 0.301638 0.408924
vt 0.900000 0.519355
vt 0.900000 0.500000
vt 0.890761 0.443741
vt 0.848220 0.385189
vt 0.900000 0.980645
vt 0.900000 1.000000
vt 0.390761 0.443741
vt 0.348220 0.385189
vt 0.850000 0.519355
vt 0.850000 0.500000
vt 0.943741 0.390761
vt 0.885189 0.348220
vt 0.850000 0.980645
vt 0.850000 1.000000
vt 0.443741 0.390761
vt 0.385189 0.348220
vt 0.800000 0.519355
vt 0.800000 0.500000
vt 0.977757 0.324003
vt 0.908924 0.301638
vt 0.800000 0.980645
vt 0.800000 1.000000
vt 0.477757 0.324003
vt 0.408924 0.301638
vt 0.750000 0.519355
vt 0.750000 0.500000
vt 0.989478 0.250000
vt 0.917103 0.250000
vt 0.750000 0.980645
vt 0.750000 1.000000
vt 0.489478 0.250000
vt 0.417103 0.250000
vt 0.700000 0.519355
vt 0.700000 0.500000
vt 0.977757 0.175997
vt 0.908924 0.198363
vt 0.700000 0.980645
vt 0.700000 1.000000
vt 0.477757 0.175997
vt 0.408924 0.198363
vt 0.650000 0.519355
vt 0.650000 0.500000
vt 0.943741 0.109239
vt 0.885189 0.151780
vt 0.650000 0.980645
vt 0.650000 1.000000
vt 0.443741 0.109239
vt 0.385189 0.151780
vt 0.600000 0.519355
vt 0.600000 0.500000
vt 0.890761 0.056259
vt 0.848221 0.114811
vt 0.600000 0.980645
vt 0.600000 1.000000
vt 0.390761 0.056259
vt 0.348220 0.114811
vt 0.550000 0.519355
vt 0.550000 0.500000
vt 0.824003 0.022243
vt 0.801638 0.091076
vt 0.550000 0.980645
vt 0.550000 1.000000
vt 0.324003 0.022243
vt 0.301638 0.091076
vt 0.500000 0.519355
vt 0.500000 0.500000
vt 0.750000 0.010523
vt 0.750000 0.082897
vt 0.500000 0.980645
vt 0.500000 1.000000
vt 0.250000 0.010523
vt 0.250000 0.082897
vt 0.450000 0.519355
vt 0.450000 0.500000
vt 0.675997 0.022243
vt 0.698363 0.091076
vt 0.450000 0.980645
vt 0.450000 1.000000
vt 0.175997 0.022243
vt 0.198363 0.091076
vt 0.400000 0.519355
vt 0.400000 0.500000
vt 0.609239 0.056259
vt 0.651780 0.114811
vt 0.400000 0.980645
vt 0.400000 1.000000
vt 0.109239 0.056259
vt 0.151780 0.114811
vt 0.350000 0.519355
vt 0.350000 0.500000
vt 0.556259 0.109239
vt 0.614811 0.151780
vt 0.350000 0.980645
vt 0.350000 1.000000
vt 0.056259 0.109239
vt 0.114811 0.151780
vt 0.300000 0.519355
vt 0.300000 0.500000
vt 0.522243 0.175997
vt 0.591076 0.198363
vt 0.300000 0.980645
vt 0.300000 1.000000
vt 0.022243 0.175997
vt 0.091076 0.198363
vt 0.250000 0.519355
vt 0.250000 0.500000
vt 0.510522 0.250000
vt 0.582898 0.250000
vt 0.250000 0.980645
vt 0.250000 1.000000
vt 0.010523 0.250000
vt 0.082897 0.250000
vt 0.200000 0.519355
vt 0.200000 0.500000
vt 0.522243 0.324003
vt 0.591076 0.301638
vt 0.200000 0.980645
vt 0.200000 1.000000
vt 0.022243 0.324003
vt 0.091076 0.301637
vt 0.150000 0.519355
vt 0.150000 0.500000
vt 0.556259 0.390761
vt 0.614811 0.348220
vt 0.150000 0.980645
vt 0.150000 1.000000
vt 0.056259 0.390761
vt 0.114811 0.348220
vt 0.100000 0.519355
vt 0.100000 0.500000
vt 0.609239 0.443741
vt 0.651780 0.385189
vt 0.100000 0.980645
vt 0.100000 1.000000
vt 0.109239 0.443741
vt 0.151780 0.385189
vt 0.050000 0.519355
vt 0.050000 0.500000
vt 0.675997 0.477757
vt 0.698363 0.408924
vt 0.050000 0.980645
vt 0.050000 1.000000
vt 0.175997 0.477757
vt 0.198363 0.408924
vt -0.000000 0.519355
vt 0.002224 0.500000
vt -0.000000 0.980645
vt 0.002224 1.000000
s 1
usemtl Negro_enemigo.006
f 2242/2631/2246 2248/2632/2252 2249/2633/2253 2243/2634/2247
f 2243/2635/2247 2249/2636/2253 2247/2637/2251 2241/2638/2245
f 2251/2639/2255 2245/2640/2249 2246/2641/2250 2252/2642/2256
f 2252/2643/2256 2246/2644/2250 2244/2645/2248 2250/2646/2254
f 2248/2632/2252 2254/2647/2258 2255/2648/2259 2249/2633/2253
f 2249/2636/2253 2255/2649/2259 2253/2650/2257 2247/2637/2251
f 2257/2651/2261 2251/2639/2255 2252/2642/2256 2258/2652/2262
f 2258/2653/2262 2252/2643/2256 2250/2646/2254 2256/2654/2260
f 2254/2647/2258 2260/2655/2264 2261/2656/2265 2255/2648/2259
f 2255/2649/2259 2261/2657/2265 2259/2658/2263 2253/2650/2257
f 2263/2659/2267 2257/2651/2261 2258/2652/2262 2264/2660/2268
f 2264/2661/2268 2258/2653/2262 2256/2654/2260 2262/2662/2266
f 2260/2655/2264 2266/2663/2270 2267/2664/2271 2261/2656/2265
f 2261/2657/2265 2267/2665/2271 2265/2666/2269 2259/2658/2263
f 2269/2667/2273 2263/2659/2267 2264/2660/2268 2270/2668/2274
f 2270/2669/2274 2264/2661/2268 2262/2662/2266 2268/2670/2272
f 2266/2663/2270 2272/2671/2276 2273/2672/2277 2267/2664/2271
f 2267/2665/2271 2273/2673/2277 2271/2674/2275 2265/2666/2269
f 2275/2675/2279 2269/2667/2273 2270/2668/2274 2276/2676/2280
f 2276/2677/2280 2270/2669/2274 2268/2670/2272 2274/2678/2278
f 2272/2671/2276 2278/2679/2282 2279/2680/2283 2273/2672/2277
f 2273/2673/2277 2279/2681/2283 2277/2682/2281 2271/2674/2275
f 2281/2683/2285 2275/2675/2279 2276/2676/2280 2282/2684/2286
f 2282/2685/2286 2276/2677/2280 2274/2678/2278 2280/2686/2284
f 2278/2679/2282 2284/2687/2288 2285/2688/2289 2279/2680/2283
f 2279/2681/2283 2285/2689/2289 2283/2690/2287 2277/2682/2281
f 2287/2691/2291 2281/2683/2285 2282/2684/2286 2288/2692/2292
f 2288/2693/2292 2282/2685/2286 2280/2686/2284 2286/2694/2290
f 2284/2687/2288 2290/2695/2294 2291/2696/2295 2285/2688/2289
f 2285/2689/2289 2291/2697/2295 2289/2698/2293 2283/2690/2287
f 2293/2699/2297 2287/2691/2291 2288/2692/2292 2294/2700/2298
f 2294/2701/2298 2288/2693/2292 2286/2694/2290 2292/2702/2296
f 2290/2695/2294 2296/2703/2300 2297/2704/2301 2291/2696/2295
f 2291/2697/2295 2297/2705/2301 2295/2706/2299 2289/2698/2293
f 2299/2707/2303 2293/2699/2297 2294/2700/2298 2300/2708/2304
f 2300/2709/2304 2294/2701/2298 2292/2702/2296 2298/2710/2302
f 2296/2703/2300 2302/2711/2306 2303/2712/2307 2297/2704/2301
f 2297/2705/2301 2303/2713/2307 2301/2714/2305 2295/2706/2299
f 2305/2715/2309 2299/2707/2303 2300/2708/2304 2306/2716/2310
f 2306/2717/2310 2300/2709/2304 2298/2710/2302 2304/2718/2308
f 2302/2711/2306 2308/2719/2312 2309/2720/2313 2303/2712/2307
f 2303/2713/2307 2309/2721/2313 2307/2722/2311 2301/2714/2305
f 2311/2723/2315 2305/2715/2309 2306/2716/2310 2312/2724/2316
f 2312/2725/2316 2306/2717/2310 2304/2718/2308 2310/2726/2314
f 2308/2719/2312 2314/2727/2318 2315/2728/2319 2309/2720/2313
f 2309/2721/2313 2315/2729/2319 2313/2730/2317 2307/2722/2311
f 2317/2731/2321 2311/2723/2315 2312/2724/2316 2318/2732/2322
f 2318/2733/2322 2312/2725/2316 2310/2726/2314 2316/2734/2320
f 2314/2727/2318 2320/2735/2324 2321/2736/2325 2315/2728/2319
f 2315/2729/2319 2321/2737/2325 2319/2738/2323 2313/2730/2317
f 2323/2739/2327 2317/2731/2321 2318/2732/2322 2324/2740/2328
f 2324/2741/2328 2318/2733/2322 2316/2734/2320 2322/2742/2326
f 2320/2735/2324 2326/2743/2330 2327/2744/2331 2321/2736/2325
f 2321/2737/2325 2327/2745/2331 2325/2746/2329 2319/2738/2323
f 2329/2747/2333 2323/2739/2327 2324/2740/2328 2330/2748/2334
f 2330/2749/2334 2324/2741/2328 2322/2742/2326 2328/2750/2332
f 2326/2743/2330 2332/2751/2336 2333/2752/2337 2327/2744/2331
f 2327/2745/2331 2333/2753/2337 2331/2754/2335 2325/2746/2329
f 2335/2755/2339 2329/2747/2333 2330/2748/2334 2336/2756/2340
f 2336/2757/2340 2330/2749/2334 2328/2750/2332 2334/2758/2338
f 2332/2751/2336 2338/2759/2342 2339/2760/2343 2333/2752/2337
f 2333/2753/2337 2339/2761/2343 2337/2762/2341 2331/2754/2335
f 2341/2763/2345 2335/2755/2339 2336/2756/2340 2342/2764/2346
f 2342/2765/2346 2336/2757/2340 2334/2758/2338 2340/2766/2344
f 2338/2759/2342 2344/2767/2348 2345/2768/2349 2339/2760/2343
f 2339/2761/2343 2345/2769/2349 2343/2770/2347 2337/2762/2341
f 2347/2771/2351 2341/2763/2345 2342/2764/2346 2348/2772/2352
f 2348/2773/2352 2342/2765/2346 2340/2766/2344 2346/2774/2350
f 2344/2767/2348 2350/2775/2354 2351/2776/2355 2345/2768/2349
f 2345/2769/2349 2351/2777/2355 2349/2778/2353 2343/2770/2347
f 2353/2779/2357 2347/2771/2351 2348/2772/2352 2354/2780/2358
f 2354/2781/2358 2348/2773/2352 2346/2774/2350 2352/2782/2356
f 2350/2775/2354 2356/2783/2360 2357/2784/2361 2351/2776/2355
f 2351/2777/2355 2357/2785/2361 2355/2786/2359 2349/2778/2353
f 2359/2787/2363 2353/2779/2357 2354/2780/2358 2360/2788/2364
f 2360/2789/2364 2354/2781/2358 2352/2782/2356 2358/2790/2362
f 2356/2783/2360 2242/2791/2246 2243/2792/2247 2357/2784/2361
f 2357/2785/2361 2243/2635/2247 2241/2638/2245 2355/2786/2359
f 2245/2793/2249 2359/2787/2363 2360/2788/2364 2246/2794/2250
f 2246/2644/2250 2360/2789/2364 2358/2790/2362 2244/2645/2248
f 2241/2638/2245 2247/2637/2251 2253/2650/2257 2259/2658/2263 2265/2666/2269 2271/2674/2275 2277/2682/2281 2283/2690/2287 2289/2698/2293 2295/2706/2299 2301/2714/2305 2307/2722/2311 2313/2730/2317 2319/2738/2323 2325/2746/2329 2331/2754/2335 2337/2762/2341 2343/2770/2347 2349/2778/2353 2355/2786/2359
f 2242/2631/2246 2245/2640/2249 2251/2639/2255 2248/2632/2252
f 2356/2783/2360 2359/2787/2363 2245/2793/2249 2242/2791/2246
f 2250/2646/2254 2244/2645/2248 2358/2790/2362 2352/2782/2356 2346/2774/2350 2340/2766/2344 2334/2758/2338 2328/2750/2332 2322/2742/2326 2316/2734/2320 2310/2726/2314 2304/2718/2308 2298/2710/2302 2292/2702/2296 2286/2694/2290 2280/2686/2284 2274/2678/2278 2268/2670/2272 2262/2662/2266 2256/2654/2260
f 2248/2632/2252 2251/2639/2255 2257/2651/2261 2254/2647/2258
f 2254/2647/2258 2257/2651/2261 2263/2659/2267 2260/2655/2264
f 2260/2655/2264 2263/2659/2267 2269/2667/2273 2266/2663/2270
f 2266/2663/2270 2269/2667/2273 2275/2675/2279 2272/2671/2276
f 2272/2671/2276 2275/2675/2279 2281/2683/2285 2278/2679/2282
f 2278/2679/2282 2281/2683/2285 2287/2691/2291 2284/2687/2288
f 2284/2687/2288 2287/2691/2291 2293/2699/2297 2290/2695/2294
f 2290/2695/2294 2293/2699/2297 2299/2707/2303 2296/2703/2300
f 2296/2703/2300 2299/2707/2303 2305/2715/2309 2302/2711/2306
f 2302/2711/2306 2305/2715/2309 2311/2723/2315 2308/2719/2312
f 2308/2719/2312 2311/2723/2315 2317/2731/2321 2314/2727/2318
f 2314/2727/2318 2317/2731/2321 2323/2739/2327 2320/2735/2324
f 2320/2735/2324 2323/2739/2327 2329/2747/2333 2326/2743/2330
f 2326/2743/2330 2329/2747/2333 2335/2755/2339 2332/2751/2336
f 2332/2751/2336 2335/2755/2339 2341/2763/2345 2338/2759/2342
f 2338/2759/2342 2341/2763/2345 2347/2771/2351 2344/2767/2348
f 2344/2767/2348 2347/2771/2351 2353/2779/2357 2350/2775/2354
f 2350/2775/2354 2353/2779/2357 2359/2787/2363 2356/2783/2360
o Mano_derecha
v 1.200000 4.260000 0.020000
v 1.200000 4.212811 -0.102225
v 1.200000 4.135560 -0.162923
v 1.200000 4.034626 -0.195773
v 1.200000 3.980000 -0.200000
v 1.200000 3.925375 -0.195773
v 1.200000 3.824440 -0.162923
v 1.200000 3.700000 0.020000
v 1.209134 4.254620 -0.022095
v 1.217918 4.238686 -0.062573
v 1.226013 4.212811 -0.099877
v 1.233108 4.177990 -0.132574
v 1.238931 4.135560 -0.159408
v 1.243258 4.087152 -0.179348
v 1.245922 4.034626 -0.191627
v 1.246822 3.980000 -0.195773
v 1.245922 3.925375 -0.191627
v 1.243258 3.872849 -0.179348
v 1.238931 3.824440 -0.159408
v 1.233108 3.782010 -0.132574
v 1.226013 3.747189 -0.099877
v 1.217918 3.721314 -0.062573
v 1.209134 3.705380 -0.022095
v 1.217918 4.254620 -0.019653
v 1.235147 4.238686 -0.057782
v 1.251026 4.212811 -0.092922
v 1.264944 4.177990 -0.123722
v 1.276366 4.135560 -0.148999
v 1.284853 4.087152 -0.167782
v 1.290079 4.034626 -0.179348
v 1.291844 3.980000 -0.183253
v 1.290079 3.925375 -0.179348
v 1.284853 3.872849 -0.167782
v 1.276366 3.824440 -0.148999
v 1.264944 3.782010 -0.123722
v 1.251026 3.747189 -0.092922
v 1.235147 3.721314 -0.057782
v 1.217918 3.705380 -0.019653
v 1.226013 4.254620 -0.015687
v 1.251026 4.238686 -0.050002
v 1.274078 4.212811 -0.081627
v 1.294283 4.177990 -0.109346
v 1.310866 4.135560 -0.132095
v 1.323187 4.087152 -0.148999
v 1.330775 4.034626 -0.159408
v 1.333337 3.980000 -0.162923
v 1.330775 3.925375 -0.159408
v 1.323187 3.872849 -0.148999
v 1.310866 3.824440 -0.132095
v 1.294283 3.782010 -0.109346
v 1.274078 3.747189 -0.081627
v 1.251026 3.721314 -0.050002
v 1.226013 3.705380 -0.015687
v 1.233108 4.254620 -0.010349
v 1.264944 4.238686 -0.039532
v 1.294283 4.212811 -0.066426
v 1.320000 4.177990 -0.090000
v 1.341105 4.135560 -0.109346
v 1.356788 4.087152 -0.123722
v 1.366445 4.034626 -0.132574
v 1.369706 3.980000 -0.135563
v 1.366445 3.925375 -0.132574
v 1.356788 3.872849 -0.123722
v 1.341105 3.824440 -0.109346
v 1.320000 3.782010 -0.090000
v 1.294283 3.747189 -0.066426
v 1.264944 3.721314 -0.039532
v 1.233108 3.705380 -0.010349
v 1.238931 4.254620 -0.003845
v 1.276366 4.238686 -0.026774
v 1.310866 4.212811 -0.047905
v 1.341105 4.177990 -0.066426
v 1.365922 4.135560 -0.081627
v 1.384363 4.087152 -0.092922
v 1.395718 4.034626 -0.099877
v 1.399553 3.980000 -0.102225
v 1.395718 3.925375 -0.099877
v 1.384363 3.872849 -0.092922
v 1.365922 3.824440 -0.081627
v 1.341105 3.782010 -0.066426
v 1.310866 3.747189 -0.047905
v 1.276366 3.721314 -0.026774
v 1.238931 3.705380 -0.003845
v 1.243258 4.254620 0.003575
v 1.284853 4.238686 -0.012218
v 1.323187 4.212811 -0.026774
v 1.356788 4.177990 -0.039532
v 1.384363 4.135560 -0.050002
v 1.404853 4.087152 -0.057782
v 1.417471 4.034626 -0.062573
v 1.421731 3.980000 -0.064190
v 1.417471 3.925375 -0.062573
v 1.404853 3.872849 -0.057782
v 1.384363 3.824440 -0.050002
v 1.356788 3.782010 -0.039532
v 1.323187 3.747189 -0.026774
v 1.284853 3.721314 -0.012218
v 1.243258 3.705380 0.003575
v 1.245922 4.254620 0.011627
v 1.290079 4.238686 0.003575
v 1.330775 4.212811 -0.003845
v 1.366445 4.177990 -0.010349
v 1.395718 4.135560 -0.015687
v 1.417471 4.087152 -0.019653
v 1.430866 4.034626 -0.022095
v 1.435388 3.980000 -0.022920
v 1.430866 3.925375 -0.022095
v 1.417471 3.872849 -0.019653
v 1.395718 3.824440 -0.015687
v 1.366445 3.782010 -0.010349
v 1.330775 3.747189 -0.003845
v 1.290079 3.721314 0.003575
v 1.245922 3.705380 0.011627
v 1.246822 4.254620 0.020000
v 1.291844 4.238686 0.020000
v 1.333337 4.212811 0.020000
v 1.369706 4.177990 0.020000
v 1.399553 4.135560 0.020000
v 1.421731 4.087152 0.020000
v 1.435388 4.034626 0.020000
v 1.440000 3.980000 0.020000
v 1.435388 3.925375 0.020000
v 1.421731 3.872849 0.020000
v 1.399553 3.824440 0.020000
v 1.369706 3.782010 0.020000
v 1.333337 3.747189 0.020000
v 1.291844 3.721314 0.020000
v 1.246822 3.705380 0.020000
v 1.245922 4.254620 0.028373
v 1.290079 4.238686 0.036425
v 1.330775 4.212811 0.043845
v 1.366445 4.177990 0.050349
v 1.395718 4.135560 0.055687
v 1.417471 4.087152 0.059653
v 1.430866 4.034626 0.062095
v 1.435388 3.980000 0.062920
v 1.430866 3.925375 0.062095
v 1.417471 3.872849 0.059653
v 1.395718 3.824440 0.055687
v 1.366445 3.782010 0.050349
v 1.330775 3.747189 0.043845
v 1.290079 3.721314 0.036425
v 1.245922 3.705380 0.028373
v 1.243258 4.254620 0.036425
v 1.284853 4.238686 0.052218
v 1.323187 4.212811 0.066774
v 1.356788 4.177990 0.079532
v 1.384363 4.135560 0.090002
v 1.404853 4.087152 0.097782
v 1.417471 4.034626 0.102573
v 1.421731 3.980000 0.104190
v 1.417471 3.925375 0.102573
v 1.404853 3.872849 0.097782
v 1.384363 3.824440 0.090002
v 1.356788 3.782010 0.079532
v 1.323187 3.747189 0.066774
v 1.284853 3.721314 0.052218
v 1.243258 3.705380 0.036425
v 1.238931 4.254620 0.043845
v 1.276366 4.238686 0.066774
v 1.310866 4.212811 0.087905
v 1.341105 4.177990 0.106426
v 1.365922 4.135560 0.121627
v 1.384363 4.087152 0.132922
v 1.395718 4.034626 0.139877
v 1.399553 3.980000 0.142225
v 1.395718 3.925375 0.139877
v 1.384363 3.872849 0.132922
v 1.365922 3.824440 0.121627
v 1.341105 3.782010 0.106426
v 1.310866 3.747189 0.087905
v 1.276366 3.721314 0.066774
v 1.238931 3.705380 0.043845
v 1.233108 4.254620 0.050349
v 1.264944 4.238686 0.079532
v 1.294283 4.212811 0.106426
v 1.320000 4.177990 0.130000
v 1.341105 4.135560 0.149346
v 1.356788 4.087152 0.163722
v 1.366445 4.034626 0.172574
v 1.369706 3.980000 0.175563
v 1.366445 3.925375 0.172574
v 1.356788 3.872849 0.163722
v 1.341105 3.824440 0.149346
v 1.320000 3.782010 0.130000
v 1.294283 3.747189 0.106426
v 1.264944 3.721314 0.079532
v 1.233108 3.705380 0.050349
v 1.226013 4.254620 0.055687
v 1.251026 4.238686 0.090002
v 1.274078 4.212811 0.121627
v 1.294283 4.177990 0.149346
v 1.310866 4.135560 0.172095
v 1.323187 4.087152 0.188999
v 1.330775 4.034626 0.199408
v 1.333337 3.980000 0.202923
v 1.330775 3.925375 0.199408
v 1.323187 3.872849 0.188999
v 1.310866 3.824440 0.172095
v 1.294283 3.782010 0.149346
v 1.274078 3.747189 0.121627
v 1.251026 3.721314 0.090002
v 1.226013 3.705380 0.055687
v 1.217918 4.254620 0.059653
v 1.235147 4.238686 0.097782
v 1.251026 4.212811 0.132922
v 1.264944 4.177990 0.163722
v 1.276366 4.135560 0.188999
v 1.284853 4.087152 0.207782
v 1.290079 4.034626 0.219348
v 1.291844 3.980000 0.223253
v 1.290079 3.925375 0.219348
v 1.284853 3.872849 0.207782
v 1.276366 3.824440 0.188999
v 1.264944 3.782010 0.163722
v 1.251026 3.747189 0.132922
v 1.235147 3.721314 0.097782
v 1.217918 3.705380 0.059653
v 1.209134 4.254620 0.062095
v 1.217918 4.238686 0.102573
v 1.226013 4.212811 0.139877
v 1.233108 4.177990 0.172574
v 1.238931 4.135560 0.199408
v 1.243258 4.087152 0.219348
v 1.245922 4.034626 0.231627
v 1.246822 3.980000 0.235773
v 1.245922 3.925375 0.231627
v 1.243258 3.872849 0.219348
v 1.238931 3.824440 0.199408
v 1.233108 3.782010 0.172574
v 1.226013 3.747189 0.139877
v 1.217918 3.721314 0.102573
v 1.209134 3.705380 0.062095
v 1.200000 4.254620 0.062920
v 1.200000 4.238686 0.104190
v 1.200000 4.212811 0.142225
v 1.200000 4.177990 0.175563
v 1.200000 4.135560 0.202923
v 1.200000 4.087152 0.223253
v 1.200000 4.034626 0.235773
v 1.200000 3.980000 0.240000
v 1.200000 3.925375 0.235773
v 1.200000 3.872849 0.223253
v 1.200000 3.824440 0.202923
v 1.200000 3.782010 0.175563
v 1.200000 3.747189 0.142225
v 1.200000 3.721314 0.104190
v 1.200000 3.705380 0.062920
v 1.190866 4.254620 0.062095
v 1.182082 4.238686 0.102573
v 1.173987 4.212811 0.139877
v 1.166892 4.177990 0.172574
v 1.161069 4.135560 0.199408
v 1.156742 4.087152 0.219348
v 1.154078 4.034626 0.231627
v 1.153178 3.980000 0.235773
v 1.154078 3.925375 0.231627
v 1.156742 3.872849 0.219348
v 1.161069 3.824440 0.199408
v 1.166892 3.782010 0.172574
v 1.173987 3.747189 0.139877
v 1.182082 3.721314 0.102573
v 1.190866 3.705380 0.062095
v 1.182082 4.254620 0.059653
v 1.164853 4.238686 0.097782
v 1.148974 4.212811 0.132922
v 1.135056 4.177990 0.163722
v 1.123635 4.135560 0.188999
v 1.115147 4.087152 0.207782
v 1.109921 4.034626 0.219348
v 1.108156 3.980000 0.223253
v 1.109921 3.925375 0.219348
v 1.115147 3.872849 0.207782
v 1.123635 3.824440 0.188999
v 1.135056 3.782010 0.163722
v 1.148974 3.747189 0.132922
v 1.164853 3.721314 0.097782
v 1.182082 3.705380 0.059653
v 1.173987 4.254620 0.055687
v 1.148974 4.238686 0.090002
v 1.125922 4.212811 0.121627
v 1.105717 4.177990 0.149346
v 1.089135 4.135560 0.172095
v 1.076813 4.087152 0.188999
v 1.069225 4.034626 0.199408
v 1.066663 3.980000 0.202923
v 1.069225 3.925375 0.199408
v 1.076813 3.872849 0.188999
v 1.089135 3.824440 0.172095
v 1.105717 3.782010 0.149346
v 1.125922 3.747189 0.121627
v 1.148974 3.721314 0.090002
v 1.173987 3.705380 0.055687
v 1.166892 4.254620 0.050349
v 1.135056 4.238686 0.079532
v 1.105717 4.212811 0.106426
v 1.080000 4.177990 0.130000
v 1.058895 4.135560 0.149346
v 1.043213 4.087152 0.163722
v 1.033555 4.034626 0.172574
v 1.030295 3.980000 0.175563
v 1.033555 3.925375 0.172574
v 1.043213 3.872849 0.163722
v 1.058895 3.824440 0.149346
v 1.080000 3.782010 0.130000
v 1.105717 3.747189 0.106426
v 1.135056 3.721314 0.079532
v 1.166892 3.705380 0.050349
v 1.161069 4.254620 0.043845
v 1.123635 4.238686 0.066774
v 1.089135 4.212811 0.087905
v 1.058895 4.177990 0.106426
v 1.034078 4.135560 0.121627
v 1.015637 4.087152 0.132922
v 1.004282 4.034626 0.139877
v 1.000448 3.980000 0.142225
v 1.004282 3.925375 0.139877
v 1.015637 3.872849 0.132922
v 1.034078 3.824440 0.121627
v 1.058895 3.782010 0.106426
v 1.089135 3.747189 0.087905
v 1.123635 3.721314 0.066774
v 1.161069 3.705380 0.043845
v 1.156742 4.254620 0.036425
v 1.115147 4.238686 0.052218
v 1.076813 4.212811 0.066774
v 1.043213 4.177990 0.079532
v 1.015638 4.135560 0.090002
v 0.995147 4.087152 0.097782
v 0.982530 4.034626 0.102573
v 0.978269 3.980000 0.104190
v 0.982530 3.925375 0.102573
v 0.995147 3.872849 0.097782
v 1.015638 3.824440 0.090002
v 1.043213 3.782010 0.079532
v 1.076813 3.747189 0.066774
v 1.115147 3.721314 0.052218
v 1.156742 3.705380 0.036425
v 1.154078 4.254620 0.028373
v 1.109921 4.238686 0.036425
v 1.069225 4.212811 0.043845
v 1.033555 4.177990 0.050349
v 1.004282 4.135560 0.055687
v 0.982530 4.087152 0.059653
v 0.969135 4.034626 0.062095
v 0.964612 3.980000 0.062920
v 0.969135 3.925375 0.062095
v 0.982530 3.872849 0.059653
v 1.004282 3.824440 0.055687
v 1.033555 3.782010 0.050349
v 1.069225 3.747189 0.043845
v 1.109921 3.721314 0.036425
v 1.154078 3.705380 0.028373
v 1.153178 4.254620 0.020000
v 1.108156 4.238686 0.020000
v 1.066663 4.212811 0.020000
v 1.030294 4.177990 0.020000
v 1.000448 4.135560 0.020000
v 0.978269 4.087152 0.020000
v 0.964612 4.034626 0.020000
v 0.960000 3.980000 0.020000
v 0.964612 3.925375 0.020000
v 0.978269 3.872849 0.020000
v 1.000448 3.824440 0.020000
v 1.030294 3.782010 0.020000
v 1.066663 3.747189 0.020000
v 1.108156 3.721314 0.020000
v 1.153178 3.705380 0.020000
v 1.154078 4.254620 0.011627
v 1.109921 4.238686 0.003575
v 1.069225 4.212811 -0.003845
v 1.033555 4.177990 -0.010349
v 1.004282 4.135560 -0.015687
v 0.982530 4.087152 -0.019653
v 0.969135 4.034626 -0.022095
v 0.964612 3.980000 -0.022920
v 0.969135 3.925375 -0.022095
v 0.982530 3.872849 -0.019653
v 1.004282 3.824440 -0.015687
v 1.033555 3.782010 -0.010349
v 1.069225 3.747189 -0.003845
v 1.109921 3.721314 0.003575
v 1.154078 3.705380 0.011627
v 1.156742 4.254620 0.003575
v 1.115147 4.238686 -0.012218
v 1.076813 4.212811 -0.026774
v 1.043213 4.177990 -0.039532
v 1.015638 4.135560 -0.050002
v 0.995147 4.087152 -0.057782
v 0.982530 4.034626 -0.062573
v 0.978269 3.980000 -0.064190
v 0.982530 3.925375 -0.062573
v 0.995147 3.872849 -0.057782
v 1.015638 3.824440 -0.050002
v 1.043213 3.782010 -0.039532
v 1.076813 3.747189 -0.026774
v 1.115147 3.721314 -0.012218
v 1.156742 3.705380 0.003575
v 1.161069 4.254620 -0.003845
v 1.123635 4.238686 -0.026774
v 1.089135 4.212811 -0.047905
v 1.058895 4.177990 -0.066426
v 1.034078 4.135560 -0.081627
v 1.015638 4.087152 -0.092922
v 1.004282 4.034626 -0.099877
v 1.000448 3.980000 -0.102225
v 1.004282 3.925375 -0.099877
v 1.015638 3.872849 -0.092922
v 1.034078 3.824440 -0.081627
v 1.058895 3.782010 -0.066426
v 1.089135 3.747189 -0.047905
v 1.123635 3.721314 -0.026774
v 1.161069 3.705380 -0.003845
v 1.166892 4.254620 -0.010349
v 1.135057 4.238686 -0.039532
v 1.105717 4.212811 -0.066426
v 1.080000 4.177990 -0.090000
v 1.058895 4.135560 -0.109346
v 1.043213 4.087152 -0.123722
v 1.033555 4.034626 -0.132574
v 1.030295 3.980000 -0.135563
v 1.033555 3.925375 -0.132574
v 1.043213 3.872849 -0.123722
v 1.058895 3.824440 -0.109346
v 1.080000 3.782010 -0.090000
v 1.105717 3.747189 -0.066426
v 1.135057 3.721314 -0.039532
v 1.166892 3.705380 -0.010349
v 1.173987 4.254620 -0.015687
v 1.148974 4.238686 -0.050002
v 1.125922 4.212811 -0.081627
v 1.105717 4.177990 -0.109346
v 1.089135 4.135560 -0.132095
v 1.076813 4.087152 -0.148999
v 1.069225 4.034626 -0.159408
v 1.066663 3.980000 -0.162923
v 1.069225 3.925375 -0.159408
v 1.076813 3.872849 -0.148999
v 1.089135 3.824440 -0.132095
v 1.105717 3.782010 -0.109346
v 1.125922 3.747189 -0.081627
v 1.148974 3.721314 -0.050002
v 1.173987 3.705380 -0.015687
v 1.182082 4.254620 -0.019653
v 1.164853 4.238686 -0.057782
v 1.148974 4.212811 -0.092921
v 1.135056 4.177990 -0.123722
v 1.123635 4.135560 -0.148999
v 1.115147 4.087152 -0.167782
v 1.109921 4.034626 -0.179348
v 1.108156 3.980000 -0.183253
v 1.109921 3.925375 -0.179348
v 1.115147 3.872849 -0.167782
v 1.123635 3.824440 -0.148999
v 1.135056 3.782010 -0.123722
v 1.148974 3.747189 -0.092921
v 1.164853 3.721314 -0.057782
v 1.182082 3.705380 -0.019653
v 1.190866 4.254620 -0.022095
v 1.182082 4.238686 -0.062573
v 1.173987 4.212811 -0.099877
v 1.166892 4.177990 -0.132574
v 1.161069 4.135560 -0.159408
v 1.156742 4.087152 -0.179348
v 1.154078 4.034626 -0.191627
v 1.153179 3.980000 -0.195773
v 1.154078 3.925375 -0.191627
v 1.156742 3.872849 -0.179348
v 1.161069 3.824440 -0.159408
v 1.166892 3.782010 -0.132574
v 1.173987 3.747189 -0.099877
v 1.182082 3.721314 -0.062573
v 1.190866 3.705380 -0.022095
v 1.200000 4.254620 -0.022920
v 1.200000 4.238686 -0.064190
v 1.200000 4.177990 -0.135563
v 1.200000 4.087152 -0.183253
v 1.200000 3.872849 -0.183253
v 1.200000 3.782010 -0.135563
v 1.200000 3.747189 -0.102225
v 1.200000 3.721314 -0.064190
v 1.200000 3.705380 -0.022920
vn -0.0000 1.0000 -0.0000
vn -0.0000 0.7604 -0.6494
vn -0.0000 0.4643 -0.8857
vn -0.0000 0.1543 -0.9880
vn -0.0000 -0.0000 -1.0000
vn -0.0000 -0.1543 -0.9880
vn -0.0000 -0.4643 -0.8857
vn -0.0000 -1.0000 -0.0000
vn 0.0446 0.9683 -0.2459
vn 0.0839 0.8835 -0.4608
vn 0.1163 0.7614 -0.6378
vn 0.1412 0.6180 -0.7734
vn 0.1590 0.4654 -0.8707
vn 0.1709 0.3100 -0.9352
vn 0.1776 0.1547 -0.9719
vn 0.1798 -0.0000 -0.9837
vn 0.1776 -0.1547 -0.9719
vn 0.1709 -0.3100 -0.9352
vn 0.1590 -0.4654 -0.8707
vn 0.1412 -0.6180 -0.7734
vn 0.1163 -0.7614 -0.6378
vn 0.0839 -0.8835 -0.4608
vn 0.0446 -0.9683 -0.2459
vn 0.0877 0.9687 -0.2321
vn 0.1650 0.8851 -0.4351
vn 0.2291 0.7641 -0.6031
vn 0.2785 0.6213 -0.7324
vn 0.3141 0.4685 -0.8257
vn 0.3378 0.3124 -0.8878
vn 0.3513 0.1561 -0.9232
vn 0.3557 -0.0000 -0.9346
vn 0.3513 -0.1561 -0.9232
vn 0.3378 -0.3124 -0.8878
vn 0.3141 -0.4685 -0.8257
vn 0.2785 -0.6213 -0.7324
vn 0.2291 -0.7641 -0.6031
vn 0.1650 -0.8851 -0.4351
vn 0.0877 -0.9687 -0.2321
vn 0.1277 0.9695 -0.2094
vn 0.2405 0.8875 -0.3931
vn 0.3345 0.7681 -0.5460
vn 0.4076 0.6262 -0.6646
vn 0.4607 0.4733 -0.7508
vn 0.4963 0.3162 -0.8085
vn 0.5166 0.1581 -0.8415
vn 0.5232 -0.0000 -0.8522
vn 0.5166 -0.1581 -0.8415
vn 0.4963 -0.3162 -0.8085
vn 0.4607 -0.4733 -0.7508
vn 0.4076 -0.6262 -0.6646
vn 0.3345 -0.7681 -0.5460
vn 0.2405 -0.8875 -0.3931
vn 0.1277 -0.9695 -0.2094
vn 0.1630 0.9703 -0.1787
vn 0.3074 0.8904 -0.3357
vn 0.4288 0.7730 -0.4676
vn 0.5239 0.6322 -0.5708
vn 0.5937 0.4791 -0.6465
vn 0.6408 0.3207 -0.6975
vn 0.6679 0.1605 -0.7268
vn 0.6767 -0.0000 -0.7363
vn 0.6679 -0.1605 -0.7268
vn 0.6408 -0.3207 -0.6975
vn 0.5937 -0.4791 -0.6465
vn 0.5239 -0.6322 -0.5708
vn 0.4288 -0.7730 -0.4676
vn 0.3074 -0.8904 -0.3357
vn 0.1630 -0.9703 -0.1787
vn 0.1923 0.9712 -0.1408
vn 0.3631 0.8933 -0.2650
vn 0.5078 0.7780 -0.3700
vn 0.6223 0.6384 -0.4530
vn 0.7071 0.4852 -0.5144
vn 0.7647 0.3254 -0.5561
vn 0.7980 0.1631 -0.5802
vn 0.8088 -0.0000 -0.5880
vn 0.7980 -0.1631 -0.5802
vn 0.7647 -0.3254 -0.5561
vn 0.7071 -0.4852 -0.5144
vn 0.6223 -0.6384 -0.4530
vn 0.5078 -0.7780 -0.3700
vn 0.3631 -0.8933 -0.2650
vn 0.1923 -0.9712 -0.1408
vn 0.2143 0.9719 -0.0973
vn 0.4050 0.8958 -0.1832
vn 0.5677 0.7823 -0.2564
vn 0.6975 0.6437 -0.3148
vn 0.7944 0.4904 -0.3583
vn 0.8607 0.3296 -0.3880
vn 0.8991 0.1654 -0.4052
vn 0.9117 -0.0000 -0.4109
vn 0.8991 -0.1654 -0.4052
vn 0.8607 -0.3296 -0.3880
vn 0.7944 -0.4904 -0.3583
vn 0.6975 -0.6437 -0.3148
vn 0.5677 -0.7823 -0.2564
vn 0.4050 -0.8958 -0.1832
vn 0.2143 -0.9719 -0.0973
vn 0.2280 0.9724 -0.0497
vn 0.4311 0.8975 -0.0937
vn 0.6052 0.7852 -0.1313
vn 0.7449 0.6474 -0.1614
vn 0.8497 0.4941 -0.1840
vn 0.9218 0.3325 -0.1995
vn 0.9637 0.1670 -0.2086
vn 0.9774 -0.0000 -0.2115
vn 0.9637 -0.1670 -0.2086
vn 0.9218 -0.3325 -0.1995
vn 0.8497 -0.4941 -0.1840
vn 0.7449 -0.6474 -0.1614
vn 0.6052 -0.7852 -0.1313
vn 0.4311 -0.8975 -0.0937
vn 0.2280 -0.9724 -0.0497
vn 0.2326 0.9726 -0.0000
vn 0.4399 0.8980 -0.0000
vn 0.6179 0.7862 -0.0000
vn 0.7611 0.6487 -0.0000
vn 0.8687 0.4954 -0.0000
vn 0.9427 0.3335 -0.0000
vn 0.9859 0.1675 -0.0000
vn 1.0000 -0.0000 -0.0000
vn 0.9859 -0.1675 -0.0000
vn 0.9427 -0.3335 -0.0000
vn 0.8687 -0.4954 -0.0000
vn 0.7611 -0.6487 -0.0000
vn 0.6179 -0.7862 -0.0000
vn 0.4399 -0.8980 -0.0000
vn 0.2326 -0.9726 -0.0000
vn 0.2280 0.9724 0.0497
vn 0.4311 0.8975 0.0937
vn 0.6052 0.7852 0.1313
vn 0.7449 0.6474 0.1614
vn 0.8497 0.4941 0.1840
vn 0.9218 0.3325 0.1995
vn 0.9637 0.1670 0.2086
vn 0.9774 -0.0000 0.2115
vn 0.9637 -0.1670 0.2086
vn 0.9218 -0.3325 0.1995
vn 0.8497 -0.4941 0.1840
vn 0.7449 -0.6474 0.1614
vn 0.6052 -0.7852 0.1313
vn 0.4311 -0.8975 0.0937
vn 0.2280 -0.9724 0.0497
vn 0.2143 0.9719 0.0973
vn 0.4050 0.8958 0.1832
vn 0.5677 0.7823 0.2564
vn 0.6975 0.6437 0.3148
vn 0.7944 0.4904 0.3583
vn 0.8607 0.3296 0.3880
vn 0.8991 0.1654 0.4052
vn 0.9117 -0.0000 0.4109
vn 0.8991 -0.1654 0.4052
vn 0.8607 -0.3296 0.3880
vn 0.7944 -0.4904 0.3583
vn 0.6975 -0.6437 0.3148
vn 0.5677 -0.7823 0.2564
vn 0.4050 -0.8958 0.1832
vn 0.2143 -0.9719 0.0973
vn 0.1923 0.9712 0.1408
vn 0.3631 0.8933 0.2650
vn 0.5078 0.7780 0.3700
vn 0.6223 0.6384 0.4530
vn 0.7071 0.4852 0.5144
vn 0.7647 0.3254 0.5561
vn 0.7980 0.1631 0.5802
vn 0.8088 -0.0000 0.5880
vn 0.7980 -0.1631 0.5802
vn 0.7647 -0.3254 0.5561
vn 0.7071 -0.4852 0.5144
vn 0.6223 -0.6384 0.4530
vn 0.5078 -0.7780 0.3700
vn 0.3631 -0.8933 0.2650
vn 0.1923 -0.9712 0.1408
vn 0.1630 0.9703 0.1787
vn 0.3074 0.8904 0.3357
vn 0.4288 0.7730 0.4676
vn 0.5239 0.6322 0.5708
vn 0.5937 0.4791 0.6465
vn 0.6408 0.3207 0.6975
vn 0.6679 0.1605 0.7268
vn 0.6767 -0.0000 0.7363
vn 0.6679 -0.1605 0.7268
vn 0.6408 -0.3207 0.6975
vn 0.5937 -0.4791 0.6465
vn 0.5239 -0.6322 0.5708
vn 0.4288 -0.7730 0.4676
vn 0.3074 -0.8904 0.3357
vn 0.1630 -0.9703 0.1787
vn 0.1277 0.9695 0.2094
vn 0.2405 0.8875 0.3931
vn 0.3345 0.7681 0.5460
vn 0.4076 0.6262 0.6646
vn 0.4607 0.4733 0.7508
vn 0.4963 0.3162 0.8085
vn 0.5166 0.1581 0.8415
vn 0.5232 -0.0000 0.8522
vn 0.5166 -0.1581 0.8415
vn 0.4963 -0.3162 0.8085
vn 0.4607 -0.4733 0.7508
vn 0.4076 -0.6262 0.6646
vn 0.3345 -0.7681 0.5460
vn 0.2405 -0.8875 0.3931
vn 0.1277 -0.9695 0.2094
vn 0.0877 0.9687 0.2321
vn 0.1650 0.8851 0.4351
vn 0.2291 0.7641 0.6031
vn 0.2785 0.6213 0.7324
vn 0.3141 0.4685 0.8257
vn 0.3378 0.3124 0.8878
vn 0.3513 0.1561 0.9232
vn 0.3557 -0.0000 0.9346
vn 0.3513 -0.1561 0.9232
vn 0.3378 -0.3124 0.8878
vn 0.3141 -0.4685 0.8257
vn 0.2785 -0.6213 0.7324
vn 0.2291 -0.7641 0.6031
vn 0.1650 -0.8851 0.4351
vn 0.0877 -0.9687 0.2321
vn 0.0446 0.9683 0.2459
vn 0.0839 0.8835 0.4608
vn 0.1163 0.7614 0.6378
vn 0.1412 0.6180 0.7734
vn 0.1590 0.4654 0.8707
vn 0.1709 0.3100 0.9352
vn 0.1776 0.1547 0.9719
vn 0.1798 -0.0000 0.9837
vn 0.1776 -0.1547 0.9719
vn 0.1709 -0.3100 0.9352
vn 0.1590 -0.4654 0.8707
vn 0.1412 -0.6180 0.7734
vn 0.1163 -0.7614 0.6378
vn 0.0839 -0.8835 0.4608
vn 0.0446 -0.9683 0.2459
vn -0.0000 0.9681 0.2506
vn -0.0000 0.8830 0.4695
vn -0.0000 0.7604 0.6494
vn -0.0000 0.6169 0.7870
vn -0.0000 0.4643 0.8857
vn -0.0000 0.3092 0.9510
vn -0.0000 0.1543 0.9880
vn -0.0000 -0.0000 1.0000
vn -0.0000 -0.1543 0.9880
vn -0.0000 -0.3092 0.9510
vn -0.0000 -0.4643 0.8857
vn -0.0000 -0.6169 0.7870
vn -0.0000 -0.7604 0.6494
vn -0.0000 -0.8830 0.4695
vn -0.0000 -0.9681 0.2506
vn -0.0446 0.9683 0.2459
vn -0.0839 0.8835 0.4608
vn -0.1163 0.7614 0.6378
vn -0.1412 0.6180 0.7734
vn -0.1590 0.4654 0.8707
vn -0.1709 0.3100 0.9352
vn -0.1776 0.1547 0.9719
vn -0.1798 -0.0000 0.9837
vn -0.1776 -0.1547 0.9719
vn -0.1709 -0.3100 0.9352
vn -0.1590 -0.4654 0.8707
vn -0.1412 -0.6180 0.7734
vn -0.1163 -0.7614 0.6378
vn -0.0839 -0.8835 0.4608
vn -0.0446 -0.9683 0.2459
vn -0.0877 0.9687 0.2321
vn -0.1650 0.8851 0.4351
vn -0.2291 0.7641 0.6031
vn -0.2785 0.6213 0.7324
vn -0.3141 0.4685 0.8257
vn -0.3378 0.3124 0.8878
vn -0.3513 0.1561 0.9232
vn -0.3557 -0.0000 0.9346
vn -0.3513 -0.1561 0.9232
vn -0.3378 -0.3124 0.8878
vn -0.3141 -0.4685 0.8257
vn -0.2785 -0.6213 0.7324
vn -0.2291 -0.7641 0.6031
vn -0.1650 -0.8851 0.4351
vn -0.0877 -0.9687 0.2321
vn -0.1277 0.9695 0.2094
vn -0.2405 0.8875 0.3931
vn -0.3345 0.7681 0.5460
vn -0.4076 0.6262 0.6646
vn -0.4607 0.4733 0.7508
vn -0.4963 0.3162 0.8085
vn -0.5166 0.1581 0.8415
vn -0.5232 -0.0000 0.8522
vn -0.5166 -0.1581 0.8415
vn -0.4963 -0.3162 0.8085
vn -0.4607 -0.4733 0.7508
vn -0.4076 -0.6262 0.6646
vn -0.3345 -0.7681 0.5460
vn -0.2405 -0.8875 0.3931
vn -0.1277 -0.9695 0.2094
vn -0.1630 0.9703 0.1787
vn -0.3074 0.8904 0.3357
vn -0.4288 0.7730 0.4676
vn -0.5239 0.6322 0.5708
vn -0.5937 0.4791 0.6465
vn -0.6408 0.3207 0.6975
vn -0.6679 0.1605 0.7268
vn -0.6767 -0.0000 0.7363
vn -0.6679 -0.1605 0.7268
vn -0.6408 -0.3207 0.6975
vn -0.5937 -0.4791 0.6465
vn -0.5239 -0.6322 0.5708
vn -0.4288 -0.7730 0.4676
vn -0.3074 -0.8904 0.3357
vn -0.1630 -0.9703 0.1787
vn -0.1923 0.9712 0.1408
vn -0.3631 0.8933 0.2650
vn -0.5078 0.7780 0.3700
vn -0.6223 0.6384 0.4530
vn -0.7071 0.4852 0.5144
vn -0.7647 0.3254 0.5561
vn -0.7980 0.1631 0.5802
vn -0.8088 -0.0000 0.5880
vn -0.7980 -0.1631 0.5802
vn -0.7647 -0.3254 0.5561
vn -0.7071 -0.4852 0.5144
vn -0.6223 -0.6384 0.4530
vn -0.5078 -0.7780 0.3700
vn -0.3631 -0.8933 0.2650
vn -0.1923 -0.9712 0.1408
vn -0.2143 0.9719 0.0973
vn -0.4050 0.8958 0.1832
vn -0.5677 0.7823 0.2564
vn -0.6975 0.6437 0.3148
vn -0.7944 0.4904 0.3583
vn -0.8607 0.3296 0.3880
vn -0.8991 0.1654 0.4052
vn -0.9117 -0.0000 0.4109
vn -0.8991 -0.1654 0.4052
vn -0.8607 -0.3296 0.3880
vn -0.7944 -0.4904 0.3583
vn -0.6975 -0.6437 0.3148
vn -0.5677 -0.7823 0.2564
vn -0.4050 -0.8958 0.1832
vn -0.2143 -0.9719 0.0973
vn -0.2280 0.9724 0.0497
vn -0.4311 0.8975 0.0937
vn -0.6052 0.7852 0.1313
vn -0.7449 0.6474 0.1614
vn -0.8497 0.4941 0.1840
vn -0.9218 0.3325 0.1995
vn -0.9637 0.1670 0.2086
vn -0.9774 -0.0000 0.2115
vn -0.9637 -0.1670 0.2086
vn -0.9218 -0.3325 0.1995
vn -0.8497 -0.4941 0.1840
vn -0.7449 -0.6474 0.1614
vn -0.6052 -0.7852 0.1313
vn -0.4311 -0.8975 0.0937
vn -0.2280 -0.9724 0.0497
vn -0.2326 0.9726 -0.0000
vn -0.4399 0.8980 -0.0000
vn -0.6179 0.7862 -0.0000
vn -0.7611 0.6487 -0.0000
vn -0.8687 0.4954 -0.0000
vn -0.9427 0.3335 -0.0000
vn -0.9859 0.1675 -0.0000
vn -1.0000 -0.0000 -0.0000
vn -0.9859 -0.1675 -0.0000
vn -0.9427 -0.3335 -0.0000
vn -0.8687 -0.4954 -0.0000
vn -0.7611 -0.6487 -0.0000
vn -0.6179 -0.7862 -0.0000
vn -0.4399 -0.8980 -0.0000
vn -0.2326 -0.9726 -0.0000
vn -0.2280 0.9724 -0.0497
vn -0.4311 0.8975 -0.0937
vn -0.6052 0.7852 -0.1313
vn -0.7449 0.6474 -0.1614
vn -0.8497 0.4941 -0.1840
vn -0.9218 0.3325 -0.1995
vn -0.9637 0.1670 -0.2086
vn -0.9774 -0.0000 -0.2115
vn -0.9637 -0.1670 -0.2086
vn -0.9218 -0.3325 -0.1995
vn -0.8497 -0.4941 -0.1840
vn -0.7449 -0.6474 -0.1614
vn -0.6052 -0.7852 -0.1313
vn -0.4311 -0.8975 -0.0937
vn -0.2280 -0.9724 -0.0497
vn -0.2143 0.9719 -0.0973
vn -0.4050 0.8958 -0.1832
vn -0.5677 0.7823 -0.2564
vn -0.6975 0.6437 -0.3148
vn -0.7944 0.4904 -0.3583
vn -0.8607 0.3296 -0.3880
vn -0.8991 0.1654 -0.4052
vn -0.9117 -0.0000 -0.4109
vn -0.8991 -0.1654 -0.4052
vn -0.8607 -0.3296 -0.3880
vn -0.7944 -0.4904 -0.3583
vn -0.6975 -0.6437 -0.3148
vn -0.5677 -0.7823 -0.2564
vn -0.4050 -0.8958 -0.1832
vn -0.2143 -0.9719 -0.0973
vn -0.1923 0.9712 -0.1408
vn -0.3631 0.8933 -0.2650
vn -0.5078 0.7780 -0.3700
vn -0.6223 0.6384 -0.4530
vn -0.7071 0.4852 -0.5144
vn -0.7647 0.3254 -0.5561
vn -0.7980 0.1631 -0.5802
vn -0.8088 -0.0000 -0.5880
vn -0.7980 -0.1631 -0.5802
vn -0.7647 -0.3254 -0.5561
vn -0.7071 -0.4852 -0.5144
vn -0.6223 -0.6384 -0.4530
vn -0.5078 -0.7780 -0.3700
vn -0.3631 -0.8933 -0.2650
vn -0.1923 -0.9712 -0.1408
vn -0.1630 0.9703 -0.1787
vn -0.3074 0.8904 -0.3357
vn -0.4288 0.7730 -0.4676
vn -0.5239 0.6322 -0.5708
vn -0.5937 0.4791 -0.6465
vn -0.6408 0.3207 -0.6975
vn -0.6679 0.1605 -0.7268
vn -0.6767 -0.0000 -0.7363
vn -0.6679 -0.1605 -0.7268
vn -0.6408 -0.3207 -0.6975
vn -0.5937 -0.4791 -0.6465
vn -0.5239 -0.6322 -0.5708
vn -0.4288 -0.7730 -0.4676
vn -0.3074 -0.8904 -0.3357
vn -0.1630 -0.9703 -0.1787
vn -0.1277 0.9695 -0.2094
vn -0.2405 0.8875 -0.3931
vn -0.3345 0.7681 -0.5460
vn -0.4076 0.6262 -0.6646
vn -0.4607 0.4733 -0.7508
vn -0.4963 0.3162 -0.8085
vn -0.5166 0.1581 -0.8415
vn -0.5232 -0.0000 -0.8522
vn -0.5166 -0.1581 -0.8415
vn -0.4963 -0.3162 -0.8085
vn -0.4607 -0.4733 -0.7508
vn -0.4076 -0.6262 -0.6646
vn -0.3345 -0.7681 -0.5460
vn -0.2405 -0.8875 -0.3931
vn -0.1277 -0.9695 -0.2094
vn -0.0877 0.9687 -0.2321
vn -0.1650 0.8851 -0.4351
vn -0.2291 0.7641 -0.6031
vn -0.2785 0.6213 -0.7324
vn -0.3141 0.4685 -0.8257
vn -0.3378 0.3124 -0.8878
vn -0.3513 0.1561 -0.9232
vn -0.3557 -0.0000 -0.9346
vn -0.3513 -0.1561 -0.9232
vn -0.3378 -0.3124 -0.8878
vn -0.3141 -0.4685 -0.8257
vn -0.2785 -0.6213 -0.7324
vn -0.2291 -0.7641 -0.6031
vn -0.1650 -0.8851 -0.4351
vn -0.0877 -0.9687 -0.2321
vn -0.0446 0.9683 -0.2459
vn -0.0839 0.8835 -0.4608
vn -0.1163 0.7614 -0.6378
vn -0.1412 0.6180 -0.7734
vn -0.1590 0.4654 -0.8707
vn -0.1709 0.3100 -0.9352
vn -0.1776 0.1547 -0.9719
vn -0.1798 -0.0000 -0.9837
vn -0.1776 -0.1547 -0.9719
vn -0.1709 -0.3100 -0.9352
vn -0.1590 -0.4654 -0.8707
vn -0.1412 -0.6180 -0.7734
vn -0.1163 -0.7614 -0.6378
vn -0.0839 -0.8835 -0.4608
vn -0.0446 -0.9683 -0.2459
vn -0.0000 0.9681 -0.2506
vn -0.0000 0.8830 -0.4695
vn -0.0000 0.6169 -0.7870
vn -0.0000 0.3092 -0.9510
vn -0.0000 -0.3092 -0.9510
vn -0.0000 -0.6169 -0.7870
vn -0.0000 -0.7604 -0.6494
vn -0.0000 -0.8830 -0.4695
vn -0.0000 -0.9681 -0.2506
vt 0.750000 0.937500
vt 0.734375 1.000000
vt 0.718750 0.937500
vt 0.734375 0.000000
vt 0.750000 0.062500
vt 0.718750 0.062500
vt 0.750000 0.437500
vt 0.750000 0.500000
vt 0.718750 0.500000
vt 0.718750 0.437500
vt 0.750000 0.875000
vt 0.718750 0.875000
vt 0.750000 0.375000
vt 0.718750 0.375000
vt 0.750000 0.812500
vt 0.718750 0.812500
vt 0.750000 0.312500
vt 0.718750 0.312500
vt 0.750000 0.750000
vt 0.718750 0.750000
vt 0.750000 0.250000
vt 0.718750 0.250000
vt 0.750000 0.687500
vt 0.718750 0.687500
vt 0.750000 0.187500
vt 0.718750 0.187500
vt 0.750000 0.625000
vt 0.718750 0.625000
vt 0.750000 0.125000
vt 0.718750 0.125000
vt 0.750000 0.562500
vt 0.718750 0.562500
vt 0.687500 0.125000
vt 0.687500 0.062500
vt 0.687500 0.562500
vt 0.687500 0.500000
vt 0.703125 1.000000
vt 0.687500 0.937500
vt 0.703125 0.000000
vt 0.687500 0.437500
vt 0.687500 0.875000
vt 0.687500 0.375000
vt 0.687500 0.812500
vt 0.687500 0.312500
vt 0.687500 0.750000
vt 0.687500 0.250000
vt 0.687500 0.687500
vt 0.687500 0.187500
vt 0.687500 0.625000
vt 0.656250 0.812500
vt 0.656250 0.750000
vt 0.656250 0.312500
vt 0.656250 0.250000
vt 0.656250 0.687500
vt 0.656250 0.187500
vt 0.656250 0.625000
vt 0.656250 0.125000
vt 0.656250 0.562500
vt 0.656250 0.062500
vt 0.656250 0.500000
vt 0.671875 1.000000
vt 0.656250 0.937500
vt 0.671875 0.000000
vt 0.656250 0.437500
vt 0.656250 0.875000
vt 0.656250 0.375000
vt 0.625000 0.562500
vt 0.625000 0.500000
vt 0.640625 1.000000
vt 0.625000 0.937500
vt 0.640625 0.000000
vt 0.625000 0.062500
vt 0.625000 0.437500
vt 0.625000 0.875000
vt 0.625000 0.375000
vt 0.625000 0.812500
vt 0.625000 0.312500
vt 0.625000 0.750000
vt 0.625000 0.250000
vt 0.625000 0.687500
vt 0.625000 0.187500
vt 0.625000 0.625000
vt 0.625000 0.125000
vt 0.593750 0.312500
vt 0.593750 0.250000
vt 0.593750 0.750000
vt 0.593750 0.687500
vt 0.593750 0.187500
vt 0.593750 0.625000
vt 0.593750 0.125000
vt 0.593750 0.562500
vt 0.593750 0.062500
vt 0.593750 0.500000
vt 0.609375 1.000000
vt 0.593750 0.937500
vt 0.609375 0.000000
vt 0.593750 0.437500
vt 0.593750 0.875000
vt 0.593750 0.375000
vt 0.593750 0.812500
vt 0.578125 1.000000
vt 0.562500 0.937500
vt 0.578125 0.000000
vt 0.562500 0.062500
vt 0.562500 0.500000
vt 0.562500 0.437500
vt 0.562500 0.875000
vt 0.562500 0.375000
vt 0.562500 0.812500
vt 0.562500 0.312500
vt 0.562500 0.750000
vt 0.562500 0.250000
vt 0.562500 0.687500
vt 0.562500 0.187500
vt 0.562500 0.625000
vt 0.562500 0.125000
vt 0.562500 0.562500
vt 0.531250 0.750000
vt 0.531250 0.687500
vt 0.531250 0.250000
vt 0.531250 0.187500
vt 0.531250 0.625000
vt 0.531250 0.125000
vt 0.531250 0.562500
vt 0.531250 0.062500
vt 0.531250 0.500000
vt 0.546875 1.000000
vt 0.531250 0.937500
vt 0.546875 0.000000
vt 0.531250 0.437500
vt 0.531250 0.875000
vt 0.531250 0.375000
vt 0.531250 0.812500
vt 0.531250 0.312500
vt 0.500000 0.500000
vt 0.500000 0.437500
vt 0.500000 0.937500
vt 0.500000 0.875000
vt 0.500000 0.375000
vt 0.500000 0.812500
vt 0.500000 0.312500
vt 0.500000 0.750000
vt 0.500000 0.250000
vt 0.500000 0.687500
vt 0.500000 0.187500
vt 0.500000 0.625000
vt 0.500000 0.125000
vt 0.500000 0.562500
vt 0.500000 0.062500
vt 0.515625 1.000000
vt 0.515625 0.000000
vt 0.468750 0.250000
vt 0.468750 0.187500
vt 0.468750 0.687500
vt 0.468750 0.625000
vt 0.468750 0.125000
vt 0.468750 0.562500
vt 0.468750 0.062500
vt 0.468750 0.500000
vt 0.484375 1.000000
vt 0.468750 0.937500
vt 0.484375 0.000000
vt 0.468750 0.437500
vt 0.468750 0.875000
vt 0.468750 0.375000
vt 0.468750 0.812500
vt 0.468750 0.312500
vt 0.468750 0.750000
vt 0.437500 0.437500
vt 0.437500 0.375000
vt 0.437500 0.875000
vt 0.437500 0.812500
vt 0.437500 0.312500
vt 0.437500 0.750000
vt 0.437500 0.250000
vt 0.437500 0.687500
vt 0.437500 0.187500
vt 0.437500 0.625000
vt 0.437500 0.125000
vt 0.437500 0.562500
vt 0.437500 0.062500
vt 0.437500 0.500000
vt 0.453125 1.000000
vt 0.437500 0.937500
vt 0.453125 0.000000
vt 0.406250 0.187500
vt 0.406250 0.125000
vt 0.406250 0.625000
vt 0.406250 0.562500
vt 0.406250 0.062500
vt 0.406250 0.500000
vt 0.421875 1.000000
vt 0.406250 0.937500
vt 0.421875 0.000000
vt 0.406250 0.437500
vt 0.406250 0.875000
vt 0.406250 0.375000
vt 0.406250 0.812500
vt 0.406250 0.312500
vt 0.406250 0.750000
vt 0.406250 0.250000
vt 0.406250 0.687500
vt 0.375000 0.875000
vt 0.375000 0.812500
vt 0.375000 0.375000
vt 0.375000 0.312500
vt 0.375000 0.750000
vt 0.375000 0.250000
vt 0.375000 0.687500
vt 0.375000 0.187500
vt 0.375000 0.625000
vt 0.375000 0.125000
vt 0.375000 0.562500
vt 0.375000 0.062500
vt 0.375000 0.500000
vt 0.390625 1.000000
vt 0.375000 0.937500
vt 0.390625 0.000000
vt 0.375000 0.437500
vt 0.343750 0.625000
vt 0.343750 0.562500
vt 0.343750 0.125000
vt 0.343750 0.062500
vt 0.343750 0.500000
vt 0.359375 1.000000
vt 0.343750 0.937500
vt 0.359375 0.000000
vt 0.343750 0.437500
vt 0.343750 0.875000
vt 0.343750 0.375000
vt 0.343750 0.812500
vt 0.343750 0.312500
vt 0.343750 0.750000
vt 0.343750 0.250000
vt 0.343750 0.687500
vt 0.343750 0.187500
vt 0.312500 0.375000
vt 0.312500 0.312500
vt 0.312500 0.812500
vt 0.312500 0.750000
vt 0.312500 0.250000
vt 0.312500 0.687500
vt 0.312500 0.187500
vt 0.312500 0.625000
vt 0.312500 0.125000
vt 0.312500 0.562500
vt 0.312500 0.062500
vt 0.312500 0.500000
vt 0.328125 1.000000
vt 0.312500 0.937500
vt 0.328125 0.000000
vt 0.312500 0.437500
vt 0.312500 0.875000
vt 0.281250 0.125000
vt 0.281250 0.062500
vt 0.281250 0.562500
vt 0.281250 0.500000
vt 0.296875 1.000000
vt 0.281250 0.937500
vt 0.296875 0.000000
vt 0.281250 0.437500
vt 0.281250 0.875000
vt 0.281250 0.375000
vt 0.281250 0.812500
vt 0.281250 0.312500
vt 0.281250 0.750000
vt 0.281250 0.250000
vt 0.281250 0.687500
vt 0.281250 0.187500
vt 0.281250 0.625000
vt 0.250000 0.812500
vt 0.250000 0.750000
vt 0.250000 0.312500
vt 0.250000 0.250000
vt 0.250000 0.687500
vt 0.250000 0.187500
vt 0.250000 0.625000
vt 0.250000 0.125000
vt 0.250000 0.562500
vt 0.250000 0.062500
vt 0.250000 0.500000
vt 0.265625 1.000000
vt 0.250000 0.937500
vt 0.265625 0.000000
vt 0.250000 0.437500
vt 0.250000 0.875000
vt 0.250000 0.375000
vt 0.218750 0.562500
vt 0.218750 0.500000
vt 0.234375 1.000000
vt 0.218750 0.937500
vt 0.234375 0.000000
vt 0.218750 0.062500
vt 0.218750 0.437500
vt 0.218750 0.875000
vt 0.218750 0.375000
vt 0.218750 0.812500
vt 0.218750 0.312500
vt 0.218750 0.750000
vt 0.218750 0.250000
vt 0.218750 0.687500
vt 0.218750 0.187500
vt 0.218750 0.625000
vt 0.218750 0.125000
vt 0.187500 0.312500
vt 0.187500 0.250000
vt 0.187500 0.750000
vt 0.187500 0.687500
vt 0.187500 0.187500
vt 0.187500 0.625000
vt 0.187500 0.125000
vt 0.187500 0.562500
vt 0.187500 0.062500
vt 0.187500 0.500000
vt 0.203125 1.000000
vt 0.187500 0.937500
vt 0.203125 0.000000
vt 0.187500 0.437500
vt 0.187500 0.875000
vt 0.187500 0.375000
vt 0.187500 0.812500
vt 0.171875 0.000000
vt 0.156250 0.062500
vt 0.156250 0.500000
vt 0.156250 0.437500
vt 0.156250 0.937500
vt 0.156250 0.875000
vt 0.156250 0.375000
vt 0.156250 0.812500
vt 0.156250 0.312500
vt 0.156250 0.750000
vt 0.156250 0.250000
vt 0.156250 0.687500
vt 0.156250 0.187500
vt 0.156250 0.625000
vt 0.156250 0.125000
vt 0.156250 0.562500
vt 0.171875 1.000000
vt 0.125000 0.250000
vt 0.125000 0.187500
vt 0.125000 0.687500
vt 0.125000 0.625000
vt 0.125000 0.125000
vt 0.125000 0.562500
vt 0.125000 0.062500
vt 0.125000 0.500000
vt 0.140625 1.000000
vt 0.125000 0.937500
vt 0.140625 0.000000
vt 0.125000 0.437500
vt 0.125000 0.875000
vt 0.125000 0.375000
vt 0.125000 0.812500
vt 0.125000 0.312500
vt 0.125000 0.750000
vt 0.093750 0.937500
vt 0.093750 0.875000
vt 0.093750 0.437500
vt 0.093750 0.375000
vt 0.093750 0.812500
vt 0.093750 0.312500
vt 0.093750 0.750000
vt 0.093750 0.250000
vt 0.093750 0.687500
vt 0.093750 0.187500
vt 0.093750 0.625000
vt 0.093750 0.125000
vt 0.093750 0.562500
vt 0.093750 0.062500
vt 0.093750 0.500000
vt 0.109375 1.000000
vt 0.109375 0.000000
vt 0.062500 0.687500
vt 0.062500 0.625000
vt 0.062500 0.187500
vt 0.062500 0.125000
vt 0.062500 0.562500
vt 0.062500 0.062500
vt 0.062500 0.500000
vt 0.078125 1.000000
vt 0.062500 0.937500
vt 0.078125 0.000000
vt 0.062500 0.437500
vt 0.062500 0.875000
vt 0.062500 0.375000
vt 0.062500 0.812500
vt 0.062500 0.312500
vt 0.062500 0.750000
vt 0.062500 0.250000
vt 0.031250 0.437500
vt 0.031250 0.375000
vt 0.031250 0.875000
vt 0.031250 0.812500
vt 0.031250 0.312500
vt 0.031250 0.750000
vt 0.031250 0.250000
vt 0.031250 0.687500
vt 0.031250 0.187500
vt 0.031250 0.625000
vt 0.031250 0.125000
vt 0.031250 0.562500
vt 0.031250 0.062500
vt 0.031250 0.500000
vt 0.046875 1.000000
vt 0.031250 0.937500
vt 0.046875 0.000000
vt 0.000000 0.187500
vt 0.000000 0.125000
vt 0.000000 0.625000
vt 0.000000 0.562500
vt 0.000000 0.062500
vt 0.000000 0.500000
vt 0.015625 1.000000
vt 0.000000 0.937500
vt 0.015625 0.000000
vt 0.000000 0.437500
vt 0.000000 0.875000
vt 0.000000 0.375000
vt 0.000000 0.812500
vt 0.000000 0.312500
vt 0.000000 0.750000
vt 0.000000 0.250000
vt 0.000000 0.687500
vt 1.000000 0.812500
vt 1.000000 0.875000
vt 0.968750 0.875000
vt 0.968750 0.812500
vt 1.000000 0.312500
vt 1.000000 0.375000
vt 0.968750 0.375000
vt 0.968750 0.312500
vt 1.000000 0.750000
vt 0.968750 0.750000
vt 1.000000 0.250000
vt 0.968750 0.250000
vt 1.000000 0.687500
vt 0.968750 0.687500
vt 1.000000 0.187500
vt 0.968750 0.187500
vt 1.000000 0.625000
vt 0.968750 0.625000
vt 1.000000 0.125000
vt 0.968750 0.125000
vt 1.000000 0.562500
vt 0.968750 0.562500
vt 1.000000 0.062500
vt 0.968750 0.062500
vt 1.000000 0.500000
vt 0.968750 0.500000
vt 1.000000 0.937500
vt 0.984375 1.000000
vt 0.968750 0.937500
vt 0.984375 0.000000
vt 1.000000 0.437500
vt 0.968750 0.437500
vt 0.937500 0.625000
vt 0.937500 0.562500
vt 0.937500 0.125000
vt 0.937500 0.062500
vt 0.937500 0.500000
vt 0.953125 1.000000
vt 0.937500 0.937500
vt 0.953125 0.000000
vt 0.937500 0.437500
vt 0.937500 0.875000
vt 0.937500 0.375000
vt 0.937500 0.812500
vt 0.937500 0.312500
vt 0.937500 0.750000
vt 0.937500 0.250000
vt 0.937500 0.687500
vt 0.937500 0.187500
vt 0.906250 0.375000
vt 0.906250 0.312500
vt 0.906250 0.812500
vt 0.906250 0.750000
vt 0.906250 0.250000
vt 0.906250 0.687500
vt 0.906250 0.187500
vt 0.906250 0.625000
vt 0.906250 0.125000
vt 0.906250 0.562500
vt 0.906250 0.062500
vt 0.906250 0.500000
vt 0.921875 1.000000
vt 0.906250 0.937500
vt 0.921875 0.000000
vt 0.906250 0.437500
vt 0.906250 0.875000
vt 0.875000 0.125000
vt 0.875000 0.062500
vt 0.875000 0.562500
vt 0.875000 0.500000
vt 0.890625 1.000000
vt 0.875000 0.937500
vt 0.890625 0.000000
vt 0.875000 0.437500
vt 0.875000 0.875000
vt 0.875000 0.375000
vt 0.875000 0.812500
vt 0.875000 0.312500
vt 0.875000 0.750000
vt 0.875000 0.250000
vt 0.875000 0.687500
vt 0.875000 0.187500
vt 0.875000 0.625000
vt 0.843750 0.312500
vt 0.843750 0.250000
vt 0.843750 0.750000
vt 0.843750 0.687500
vt 0.843750 0.187500
vt 0.843750 0.625000
vt 0.843750 0.125000
vt 0.843750 0.562500
vt 0.843750 0.062500
vt 0.843750 0.500000
vt 0.859375 1.000000
vt 0.843750 0.937500
vt 0.859375 0.000000
vt 0.843750 0.437500
vt 0.843750 0.875000
vt 0.843750 0.375000
vt 0.843750 0.812500
vt 0.828125 1.000000
vt 0.812500 0.937500
vt 0.828125 0.000000
vt 0.812500 0.062500
vt 0.812500 0.500000
vt 0.812500 0.437500
vt 0.812500 0.875000
vt 0.812500 0.375000
vt 0.812500 0.812500
vt 0.812500 0.312500
vt 0.812500 0.750000
vt 0.812500 0.250000
vt 0.812500 0.687500
vt 0.812500 0.187500
vt 0.812500 0.625000
vt 0.812500 0.125000
vt 0.812500 0.562500
vt 0.781250 0.750000
vt 0.781250 0.687500
vt 0.781250 0.250000
vt 0.781250 0.187500
vt 0.781250 0.625000
vt 0.781250 0.125000
vt 0.781250 0.562500
vt 0.781250 0.062500
vt 0.781250 0.500000
vt 0.796875 1.000000
vt 0.781250 0.937500
vt 0.796875 0.000000
vt 0.781250 0.437500
vt 0.781250 0.875000
vt 0.781250 0.375000
vt 0.781250 0.812500
vt 0.781250 0.312500
vt 0.765625 1.000000
vt 0.765625 0.000000
s 1
usemtl Negro_enemigo.006
f 2834/2795/2838 2361/2796/2365 2369/2797/2373
f 2368/2798/2372 2842/2799/2846 2383/2800/2387
f 2366/2801/2370 2365/2802/2369 2376/2803/2380 2377/2804/2381
f 2835/2805/2839 2834/2795/2838 2369/2797/2373 2370/2806/2374
f 2838/2807/2842 2366/2801/2370 2377/2804/2381 2378/2808/2382
f 2362/2809/2366 2835/2805/2839 2370/2806/2374 2371/2810/2375
f 2367/2811/2371 2838/2807/2842 2378/2808/2382 2379/2812/2383
f 2836/2813/2840 2362/2809/2366 2371/2810/2375 2372/2814/2376
f 2839/2815/2843 2367/2811/2371 2379/2812/2383 2380/2816/2384
f 2363/2817/2367 2836/2813/2840 2372/2814/2376 2373/2818/2377
f 2840/2819/2844 2839/2815/2843 2380/2816/2384 2381/2820/2385
f 2837/2821/2841 2363/2817/2367 2373/2818/2377 2374/2822/2378
f 2841/2823/2845 2840/2819/2844 2381/2820/2385 2382/2824/2386
f 2364/2825/2368 2837/2821/2841 2374/2822/2378 2375/2826/2379
f 2842/2799/2846 2841/2823/2845 2382/2824/2386 2383/2800/2387
f 2365/2802/2369 2364/2825/2368 2375/2826/2379 2376/2803/2380
f 2383/2800/2387 2382/2824/2386 2397/2827/2401 2398/2828/2402
f 2376/2803/2380 2375/2826/2379 2390/2829/2394 2391/2830/2395
f 2369/2797/2373 2361/2831/2365 2384/2832/2388
f 2368/2833/2372 2383/2800/2387 2398/2828/2402
f 2377/2804/2381 2376/2803/2380 2391/2830/2395 2392/2834/2396
f 2370/2806/2374 2369/2797/2373 2384/2832/2388 2385/2835/2389
f 2378/2808/2382 2377/2804/2381 2392/2834/2396 2393/2836/2397
f 2371/2810/2375 2370/2806/2374 2385/2835/2389 2386/2837/2390
f 2379/2812/2383 2378/2808/2382 2393/2836/2397 2394/2838/2398
f 2372/2814/2376 2371/2810/2375 2386/2837/2390 2387/2839/2391
f 2380/2816/2384 2379/2812/2383 2394/2838/2398 2395/2840/2399
f 2373/2818/2377 2372/2814/2376 2387/2839/2391 2388/2841/2392
f 2381/2820/2385 2380/2816/2384 2395/2840/2399 2396/2842/2400
f 2374/2822/2378 2373/2818/2377 2388/2841/2392 2389/2843/2393
f 2382/2824/2386 2381/2820/2385 2396/2842/2400 2397/2827/2401
f 2375/2826/2379 2374/2822/2378 2389/2843/2393 2390/2829/2394
f 2387/2839/2391 2386/2837/2390 2401/2844/2405 2402/2845/2406
f 2395/2840/2399 2394/2838/2398 2409/2846/2413 2410/2847/2414
f 2388/2841/2392 2387/2839/2391 2402/2845/2406 2403/2848/2407
f 2396/2842/2400 2395/2840/2399 2410/2847/2414 2411/2849/2415
f 2389/2843/2393 2388/2841/2392 2403/2848/2407 2404/2850/2408
f 2397/2827/2401 2396/2842/2400 2411/2849/2415 2412/2851/2416
f 2390/2829/2394 2389/2843/2393 2404/2850/2408 2405/2852/2409
f 2398/2828/2402 2397/2827/2401 2412/2851/2416 2413/2853/2417
f 2391/2830/2395 2390/2829/2394 2405/2852/2409 2406/2854/2410
f 2384/2832/2388 2361/2855/2365 2399/2856/2403
f 2368/2857/2372 2398/2828/2402 2413/2853/2417
f 2392/2834/2396 2391/2830/2395 2406/2854/2410 2407/2858/2411
f 2385/2835/2389 2384/2832/2388 2399/2856/2403 2400/2859/2404
f 2393/2836/2397 2392/2834/2396 2407/2858/2411 2408/2860/2412
f 2386/2837/2390 2385/2835/2389 2400/2859/2404 2401/2844/2405
f 2394/2838/2398 2393/2836/2397 2408/2860/2412 2409/2846/2413
f 2406/2854/2410 2405/2852/2409 2420/2861/2424 2421/2862/2425
f 2399/2856/2403 2361/2863/2365 2414/2864/2418
f 2368/2865/2372 2413/2853/2417 2428/2866/2432
f 2407/2858/2411 2406/2854/2410 2421/2862/2425 2422/2867/2426
f 2400/2859/2404 2399/2856/2403 2414/2864/2418 2415/2868/2419
f 2408/2860/2412 2407/2858/2411 2422/2867/2426 2423/2869/2427
f 2401/2844/2405 2400/2859/2404 2415/2868/2419 2416/2870/2420
f 2409/2846/2413 2408/2860/2412 2423/2869/2427 2424/2871/2428
f 2402/2845/2406 2401/2844/2405 2416/2870/2420 2417/2872/2421
f 2410/2847/2414 2409/2846/2413 2424/2871/2428 2425/2873/2429
f 2403/2848/2407 2402/2845/2406 2417/2872/2421 2418/2874/2422
f 2411/2849/2415 2410/2847/2414 2425/2873/2429 2426/2875/2430
f 2404/2850/2408 2403/2848/2407 2418/2874/2422 2419/2876/2423
f 2412/2851/2416 2411/2849/2415 2426/2875/2430 2427/2877/2431
f 2405/2852/2409 2404/2850/2408 2419/2876/2423 2420/2861/2424
f 2413/2853/2417 2412/2851/2416 2427/2877/2431 2428/2866/2432
f 2425/2873/2429 2424/2871/2428 2439/2878/2443 2440/2879/2444
f 2418/2874/2422 2417/2872/2421 2432/2880/2436 2433/2881/2437
f 2426/2875/2430 2425/2873/2429 2440/2879/2444 2441/2882/2445
f 2419/2876/2423 2418/2874/2422 2433/2881/2437 2434/2883/2438
f 2427/2877/2431 2426/2875/2430 2441/2882/2445 2442/2884/2446
f 2420/2861/2424 2419/2876/2423 2434/2883/2438 2435/2885/2439
f 2428/2866/2432 2427/2877/2431 2442/2884/2446 2443/2886/2447
f 2421/2862/2425 2420/2861/2424 2435/2885/2439 2436/2887/2440
f 2414/2864/2418 2361/2888/2365 2429/2889/2433
f 2368/2890/2372 2428/2866/2432 2443/2886/2447
f 2422/2867/2426 2421/2862/2425 2436/2887/2440 2437/2891/2441
f 2415/2868/2419 2414/2864/2418 2429/2889/2433 2430/2892/2434
f 2423/2869/2427 2422/2867/2426 2437/2891/2441 2438/2893/2442
f 2416/2870/2420 2415/2868/2419 2430/2892/2434 2431/2894/2435
f 2424/2871/2428 2423/2869/2427 2438/2893/2442 2439/2878/2443
f 2417/2872/2421 2416/2870/2420 2431/2894/2435 2432/2880/2436
f 2429/2889/2433 2361/2895/2365 2444/2896/2448
f 2368/2897/2372 2443/2886/2447 2458/2898/2462
f 2437/2891/2441 2436/2887/2440 2451/2899/2455 2452/2900/2456
f 2430/2892/2434 2429/2889/2433 2444/2896/2448 2445/2901/2449
f 2438/2893/2442 2437/2891/2441 2452/2900/2456 2453/2902/2457
f 2431/2894/2435 2430/2892/2434 2445/2901/2449 2446/2903/2450
f 2439/2878/2443 2438/2893/2442 2453/2902/2457 2454/2904/2458
f 2432/2880/2436 2431/2894/2435 2446/2903/2450 2447/2905/2451
f 2440/2879/2444 2439/2878/2443 2454/2904/2458 2455/2906/2459
f 2433/2881/2437 2432/2880/2436 2447/2905/2451 2448/2907/2452
f 2441/2882/2445 2440/2879/2444 2455/2906/2459 2456/2908/2460
f 2434/2883/2438 2433/2881/2437 2448/2907/2452 2449/2909/2453
f 2442/2884/2446 2441/2882/2445 2456/2908/2460 2457/2910/2461
f 2435/2885/2439 2434/2883/2438 2449/2909/2453 2450/2911/2454
f 2443/2886/2447 2442/2884/2446 2457/2910/2461 2458/2898/2462
f 2436/2887/2440 2435/2885/2439 2450/2911/2454 2451/2899/2455
f 2448/2907/2452 2447/2905/2451 2462/2912/2466 2463/2913/2467
f 2456/2908/2460 2455/2906/2459 2470/2914/2474 2471/2915/2475
f 2449/2909/2453 2448/2907/2452 2463/2913/2467 2464/2916/2468
f 2457/2910/2461 2456/2908/2460 2471/2915/2475 2472/2917/2476
f 2450/2911/2454 2449/2909/2453 2464/2916/2468 2465/2918/2469
f 2458/2898/2462 2457/2910/2461 2472/2917/2476 2473/2919/2477
f 2451/2899/2455 2450/2911/2454 2465/2918/2469 2466/2920/2470
f 2444/2896/2448 2361/2921/2365 2459/2922/2463
f 2368/2923/2372 2458/2898/2462 2473/2919/2477
f 2452/2900/2456 2451/2899/2455 2466/2920/2470 2467/2924/2471
f 2445/2901/2449 2444/2896/2448 2459/2922/2463 2460/2925/2464
f 2453/2902/2457 2452/2900/2456 2467/2924/2471 2468/2926/2472
f 2446/2903/2450 2445/2901/2449 2460/2925/2464 2461/2927/2465
f 2454/2904/2458 2453/2902/2457 2468/2926/2472 2469/2928/2473
f 2447/2905/2451 2446/2903/2450 2461/2927/2465 2462/2912/2466
f 2455/2906/2459 2454/2904/2458 2469/2928/2473 2470/2914/2474
f 2467/2924/2471 2466/2920/2470 2481/2929/2485 2482/2930/2486
f 2460/2925/2464 2459/2922/2463 2474/2931/2478 2475/2932/2479
f 2468/2926/2472 2467/2924/2471 2482/2930/2486 2483/2933/2487
f 2461/2927/2465 2460/2925/2464 2475/2932/2479 2476/2934/2480
f 2469/2928/2473 2468/2926/2472 2483/2933/2487 2484/2935/2488
f 2462/2912/2466 2461/2927/2465 2476/2934/2480 2477/2936/2481
f 2470/2914/2474 2469/2928/2473 2484/2935/2488 2485/2937/2489
f 2463/2913/2467 2462/2912/2466 2477/2936/2481 2478/2938/2482
f 2471/2915/2475 2470/2914/2474 2485/2937/2489 2486/2939/2490
f 2464/2916/2468 2463/2913/2467 2478/2938/2482 2479/2940/2483
f 2472/2917/2476 2471/2915/2475 2486/2939/2490 2487/2941/2491
f 2465/2918/2469 2464/2916/2468 2479/2940/2483 2480/2942/2484
f 2473/2919/2477 2472/2917/2476 2487/2941/2491 2488/2943/2492
f 2466/2920/2470 2465/2918/2469 2480/2942/2484 2481/2929/2485
f 2459/2922/2463 2361/2944/2365 2474/2931/2478
f 2368/2945/2372 2473/2919/2477 2488/2943/2492
f 2486/2939/2490 2485/2937/2489 2500/2946/2504 2501/2947/2505
f 2479/2940/2483 2478/2938/2482 2493/2948/2497 2494/2949/2498
f 2487/2941/2491 2486/2939/2490 2501/2947/2505 2502/2950/2506
f 2480/2942/2484 2479/2940/2483 2494/2949/2498 2495/2951/2499
f 2488/2943/2492 2487/2941/2491 2502/2950/2506 2503/2952/2507
f 2481/2929/2485 2480/2942/2484 2495/2951/2499 2496/2953/2500
f 2474/2931/2478 2361/2954/2365 2489/2955/2493
f 2368/2956/2372 2488/2943/2492 2503/2952/2507
f 2482/2930/2486 2481/2929/2485 2496/2953/2500 2497/2957/2501
f 2475/2932/2479 2474/2931/2478 2489/2955/2493 2490/2958/2494
f 2483/2933/2487 2482/2930/2486 2497/2957/2501 2498/2959/2502
f 2476/2934/2480 2475/2932/2479 2490/2958/2494 2491/2960/2495
f 2484/2935/2488 2483/2933/2487 2498/2959/2502 2499/2961/2503
f 2477/2936/2481 2476/2934/2480 2491/2960/2495 2492/2962/2496
f 2485/2937/2489 2484/2935/2488 2499/2961/2503 2500/2946/2504
f 2478/2938/2482 2477/2936/2481 2492/2962/2496 2493/2948/2497
f 2498/2959/2502 2497/2957/2501 2512/2963/2516 2513/2964/2517
f 2491/2960/2495 2490/2958/2494 2505/2965/2509 2506/2966/2510
f 2499/2961/2503 2498/2959/2502 2513/2964/2517 2514/2967/2518
f 2492/2962/2496 2491/2960/2495 2506/2966/2510 2507/2968/2511
f 2500/2946/2504 2499/2961/2503 2514/2967/2518 2515/2969/2519
f 2493/2948/2497 2492/2962/2496 2507/2968/2511 2508/2970/2512
f 2501/2947/2505 2500/2946/2504 2515/2969/2519 2516/2971/2520
f 2494/2949/2498 2493/2948/2497 2508/2970/2512 2509/2972/2513
f 2502/2950/2506 2501/2947/2505 2516/2971/2520 2517/2973/2521
f 2495/2951/2499 2494/2949/2498 2509/2972/2513 2510/2974/2514
f 2503/2952/2507 2502/2950/2506 2517/2973/2521 2518/2975/2522
f 2496/2953/2500 2495/2951/2499 2510/2974/2514 2511/2976/2515
f 2489/2955/2493 2361/2977/2365 2504/2978/2508
f 2368/2979/2372 2503/2952/2507 2518/2975/2522
f 2497/2957/2501 2496/2953/2500 2511/2976/2515 2512/2963/2516
f 2490/2958/2494 2489/2955/2493 2504/2978/2508 2505/2965/2509
f 2517/2973/2521 2516/2971/2520 2531/2980/2535 2532/2981/2536
f 2510/2974/2514 2509/2972/2513 2524/2982/2528 2525/2983/2529
f 2518/2975/2522 2517/2973/2521 2532/2981/2536 2533/2984/2537
f 2511/2976/2515 2510/2974/2514 2525/2983/2529 2526/2985/2530
f 2504/2978/2508 2361/2986/2365 2519/2987/2523
f 2368/2988/2372 2518/2975/2522 2533/2984/2537
f 2512/2963/2516 2511/2976/2515 2526/2985/2530 2527/2989/2531
f 2505/2965/2509 2504/2978/2508 2519/2987/2523 2520/2990/2524
f 2513/2964/2517 2512/2963/2516 2527/2989/2531 2528/2991/2532
f 2506/2966/2510 2505/2965/2509 2520/2990/2524 2521/2992/2525
f 2514/2967/2518 2513/2964/2517 2528/2991/2532 2529/2993/2533
f 2507/2968/2511 2506/2966/2510 2521/2992/2525 2522/2994/2526
f 2515/2969/2519 2514/2967/2518 2529/2993/2533 2530/2995/2534
f 2508/2970/2512 2507/2968/2511 2522/2994/2526 2523/2996/2527
f 2516/2971/2520 2515/2969/2519 2530/2995/2534 2531/2980/2535
f 2509/2972/2513 2508/2970/2512 2523/2996/2527 2524/2982/2528
f 2521/2992/2525 2520/2990/2524 2535/2997/2539 2536/2998/2540
f 2529/2993/2533 2528/2991/2532 2543/2999/2547 2544/3000/2548
f 2522/2994/2526 2521/2992/2525 2536/2998/2540 2537/3001/2541
f 2530/2995/2534 2529/2993/2533 2544/3000/2548 2545/3002/2549
f 2523/2996/2527 2522/2994/2526 2537/3001/2541 2538/3003/2542
f 2531/2980/2535 2530/2995/2534 2545/3002/2549 2546/3004/2550
f 2524/2982/2528 2523/2996/2527 2538/3003/2542 2539/3005/2543
f 2532/2981/2536 2531/2980/2535 2546/3004/2550 2547/3006/2551
f 2525/2983/2529 2524/2982/2528 2539/3005/2543 2540/3007/2544
f 2533/2984/2537 2532/2981/2536 2547/3006/2551 2548/3008/2552
f 2526/2985/2530 2525/2983/2529 2540/3007/2544 2541/3009/2545
f 2519/2987/2523 2361/3010/2365 2534/3011/2538
f 2368/3012/2372 2533/2984/2537 2548/3008/2552
f 2527/2989/2531 2526/2985/2530 2541/3009/2545 2542/3013/2546
f 2520/2990/2524 2519/2987/2523 2534/3011/2538 2535/2997/2539
f 2528/2991/2532 2527/2989/2531 2542/3013/2546 2543/2999/2547
f 2540/3007/2544 2539/3005/2543 2554/3014/2558 2555/3015/2559
f 2548/3008/2552 2547/3006/2551 2562/3016/2566 2563/3017/2567
f 2541/3009/2545 2540/3007/2544 2555/3015/2559 2556/3018/2560
f 2534/3011/2538 2361/3019/2365 2549/3020/2553
f 2368/3021/2372 2548/3008/2552 2563/3017/2567
f 2542/3013/2546 2541/3009/2545 2556/3018/2560 2557/3022/2561
f 2535/2997/2539 2534/3011/2538 2549/3020/2553 2550/3023/2554
f 2543/2999/2547 2542/3013/2546 2557/3022/2561 2558/3024/2562
f 2536/2998/2540 2535/2997/2539 2550/3023/2554 2551/3025/2555
f 2544/3000/2548 2543/2999/2547 2558/3024/2562 2559/3026/2563
f 2537/3001/2541 2536/2998/2540 2551/3025/2555 2552/3027/2556
f 2545/3002/2549 2544/3000/2548 2559/3026/2563 2560/3028/2564
f 2538/3003/2542 2537/3001/2541 2552/3027/2556 2553/3029/2557
f 2546/3004/2550 2545/3002/2549 2560/3028/2564 2561/3030/2565
f 2539/3005/2543 2538/3003/2542 2553/3029/2557 2554/3014/2558
f 2547/3006/2551 2546/3004/2550 2561/3030/2565 2562/3016/2566
f 2559/3026/2563 2558/3024/2562 2573/3031/2577 2574/3032/2578
f 2552/3027/2556 2551/3025/2555 2566/3033/2570 2567/3034/2571
f 2560/3028/2564 2559/3026/2563 2574/3032/2578 2575/3035/2579
f 2553/3029/2557 2552/3027/2556 2567/3034/2571 2568/3036/2572
f 2561/3030/2565 2560/3028/2564 2575/3035/2579 2576/3037/2580
f 2554/3014/2558 2553/3029/2557 2568/3036/2572 2569/3038/2573
f 2562/3016/2566 2561/3030/2565 2576/3037/2580 2577/3039/2581
f 2555/3015/2559 2554/3014/2558 2569/3038/2573 2570/3040/2574
f 2563/3017/2567 2562/3016/2566 2577/3039/2581 2578/3041/2582
f 2556/3018/2560 2555/3015/2559 2570/3040/2574 2571/3042/2575
f 2549/3020/2553 2361/3043/2365 2564/3044/2568
f 2368/3045/2372 2563/3017/2567 2578/3041/2582
f 2557/3022/2561 2556/3018/2560 2571/3042/2575 2572/3046/2576
f 2550/3023/2554 2549/3020/2553 2564/3044/2568 2565/3047/2569
f 2558/3024/2562 2557/3022/2561 2572/3046/2576 2573/3031/2577
f 2551/3025/2555 2550/3023/2554 2565/3047/2569 2566/3033/2570
f 2578/3041/2582 2577/3039/2581 2592/3048/2596 2593/3049/2597
f 2571/3042/2575 2570/3040/2574 2585/3050/2589 2586/3051/2590
f 2564/3044/2568 2361/3052/2365 2579/3053/2583
f 2368/3054/2372 2578/3041/2582 2593/3049/2597
f 2572/3046/2576 2571/3042/2575 2586/3051/2590 2587/3055/2591
f 2565/3047/2569 2564/3044/2568 2579/3053/2583 2580/3056/2584
f 2573/3031/2577 2572/3046/2576 2587/3055/2591 2588/3057/2592
f 2566/3033/2570 2565/3047/2569 2580/3056/2584 2581/3058/2585
f 2574/3032/2578 2573/3031/2577 2588/3057/2592 2589/3059/2593
f 2567/3034/2571 2566/3033/2570 2581/3058/2585 2582/3060/2586
f 2575/3035/2579 2574/3032/2578 2589/3059/2593 2590/3061/2594
f 2568/3036/2572 2567/3034/2571 2582/3060/2586 2583/3062/2587
f 2576/3037/2580 2575/3035/2579 2590/3061/2594 2591/3063/2595
f 2569/3038/2573 2568/3036/2572 2583/3062/2587 2584/3064/2588
f 2577/3039/2581 2576/3037/2580 2591/3063/2595 2592/3048/2596
f 2570/3040/2574 2569/3038/2573 2584/3064/2588 2585/3050/2589
f 2582/3060/2586 2581/3058/2585 2596/3065/2600 2597/3066/2601
f 2590/3061/2594 2589/3059/2593 2604/3067/2608 2605/3068/2609
f 2583/3062/2587 2582/3060/2586 2597/3066/2601 2598/3069/2602
f 2591/3063/2595 2590/3061/2594 2605/3068/2609 2606/3070/2610
f 2584/3064/2588 2583/3062/2587 2598/3069/2602 2599/3071/2603
f 2592/3048/2596 2591/3063/2595 2606/3070/2610 2607/3072/2611
f 2585/3050/2589 2584/3064/2588 2599/3071/2603 2600/3073/2604
f 2593/3049/2597 2592/3048/2596 2607/3072/2611 2608/3074/2612
f 2586/3051/2590 2585/3050/2589 2600/3073/2604 2601/3075/2605
f 2579/3053/2583 2361/3076/2365 2594/3077/2598
f 2368/3078/2372 2593/3049/2597 2608/3074/2612
f 2587/3055/2591 2586/3051/2590 2601/3075/2605 2602/3079/2606
f 2580/3056/2584 2579/3053/2583 2594/3077/2598 2595/3080/2599
f 2588/3057/2592 2587/3055/2591 2602/3079/2606 2603/3081/2607
f 2581/3058/2585 2580/3056/2584 2595/3080/2599 2596/3065/2600
f 2589/3059/2593 2588/3057/2592 2603/3081/2607 2604/3067/2608
f 2601/3075/2605 2600/3073/2604 2615/3082/2619 2616/3083/2620
f 2594/3077/2598 2361/3084/2365 2609/3085/2613
f 2368/3086/2372 2608/3074/2612 2623/3087/2627
f 2602/3079/2606 2601/3075/2605 2616/3083/2620 2617/3088/2621
f 2595/3080/2599 2594/3077/2598 2609/3085/2613 2610/3089/2614
f 2603/3081/2607 2602/3079/2606 2617/3088/2621 2618/3090/2622
f 2596/3065/2600 2595/3080/2599 2610/3089/2614 2611/3091/2615
f 2604/3067/2608 2603/3081/2607 2618/3090/2622 2619/3092/2623
f 2597/3066/2601 2596/3065/2600 2611/3091/2615 2612/3093/2616
f 2605/3068/2609 2604/3067/2608 2619/3092/2623 2620/3094/2624
f 2598/3069/2602 2597/3066/2601 2612/3093/2616 2613/3095/2617
f 2606/3070/2610 2605/3068/2609 2620/3094/2624 2621/3096/2625
f 2599/3071/2603 2598/3069/2602 2613/3095/2617 2614/3097/2618
f 2607/3072/2611 2606/3070/2610 2621/3096/2625 2622/3098/2626
f 2600/3073/2604 2599/3071/2603 2614/3097/2618 2615/3082/2619
f 2608/3074/2612 2607/3072/2611 2622/3098/2626 2623/3087/2627
f 2620/3094/2624 2619/3092/2623 2634/3099/2638 2635/3100/2639
f 2613/3095/2617 2612/3093/2616 2627/3101/2631 2628/3102/2632
f 2621/3096/2625 2620/3094/2624 2635/3100/2639 2636/3103/2640
f 2614/3097/2618 2613/3095/2617 2628/3102/2632 2629/3104/2633
f 2622/3098/2626 2621/3096/2625 2636/3103/2640 2637/3105/2641
f 2615/3082/2619 2614/3097/2618 2629/3104/2633 2630/3106/2634
f 2623/3087/2627 2622/3098/2626 2637/3105/2641 2638/3107/2642
f 2616/3083/2620 2615/3082/2619 2630/3106/2634 2631/3108/2635
f 2609/3085/2613 2361/3109/2365 2624/3110/2628
f 2368/3111/2372 2623/3087/2627 2638/3107/2642
f 2617/3088/2621 2616/3083/2620 2631/3108/2635 2632/3112/2636
f 2610/3089/2614 2609/3085/2613 2624/3110/2628 2625/3113/2629
f 2618/3090/2622 2617/3088/2621 2632/3112/2636 2633/3114/2637
f 2611/3091/2615 2610/3089/2614 2625/3113/2629 2626/3115/2630
f 2619/3092/2623 2618/3090/2622 2633/3114/2637 2634/3099/2638
f 2612/3093/2616 2611/3091/2615 2626/3115/2630 2627/3101/2631
f 2368/3116/2372 2638/3107/2642 2653/3117/2657
f 2632/3112/2636 2631/3108/2635 2646/3118/2650 2647/3119/2651
f 2625/3113/2629 2624/3110/2628 2639/3120/2643 2640/3121/2644
f 2633/3114/2637 2632/3112/2636 2647/3119/2651 2648/3122/2652
f 2626/3115/2630 2625/3113/2629 2640/3121/2644 2641/3123/2645
f 2634/3099/2638 2633/3114/2637 2648/3122/2652 2649/3124/2653
f 2627/3101/2631 2626/3115/2630 2641/3123/2645 2642/3125/2646
f 2635/3100/2639 2634/3099/2638 2649/3124/2653 2650/3126/2654
f 2628/3102/2632 2627/3101/2631 2642/3125/2646 2643/3127/2647
f 2636/3103/2640 2635/3100/2639 2650/3126/2654 2651/3128/2655
f 2629/3104/2633 2628/3102/2632 2643/3127/2647 2644/3129/2648
f 2637/3105/2641 2636/3103/2640 2651/3128/2655 2652/3130/2656
f 2630/3106/2634 2629/3104/2633 2644/3129/2648 2645/3131/2649
f 2638/3107/2642 2637/3105/2641 2652/3130/2656 2653/3117/2657
f 2631/3108/2635 2630/3106/2634 2645/3131/2649 2646/3118/2650
f 2624/3110/2628 2361/3132/2365 2639/3120/2643
f 2651/3128/2655 2650/3126/2654 2665/3133/2669 2666/3134/2670
f 2644/3129/2648 2643/3127/2647 2658/3135/2662 2659/3136/2663
f 2652/3130/2656 2651/3128/2655 2666/3134/2670 2667/3137/2671
f 2645/3131/2649 2644/3129/2648 2659/3136/2663 2660/3138/2664
f 2653/3117/2657 2652/3130/2656 2667/3137/2671 2668/3139/2672
f 2646/3118/2650 2645/3131/2649 2660/3138/2664 2661/3140/2665
f 2639/3120/2643 2361/3141/2365 2654/3142/2658
f 2368/3143/2372 2653/3117/2657 2668/3139/2672
f 2647/3119/2651 2646/3118/2650 2661/3140/2665 2662/3144/2666
f 2640/3121/2644 2639/3120/2643 2654/3142/2658 2655/3145/2659
f 2648/3122/2652 2647/3119/2651 2662/3144/2666 2663/3146/2667
f 2641/3123/2645 2640/3121/2644 2655/3145/2659 2656/3147/2660
f 2649/3124/2653 2648/3122/2652 2663/3146/2667 2664/3148/2668
f 2642/3125/2646 2641/3123/2645 2656/3147/2660 2657/3149/2661
f 2650/3126/2654 2649/3124/2653 2664/3148/2668 2665/3133/2669
f 2643/3127/2647 2642/3125/2646 2657/3149/2661 2658/3135/2662
f 2655/3145/2659 2654/3142/2658 2669/3150/2673 2670/3151/2674
f 2663/3146/2667 2662/3144/2666 2677/3152/2681 2678/3153/2682
f 2656/3147/2660 2655/3145/2659 2670/3151/2674 2671/3154/2675
f 2664/3148/2668 2663/3146/2667 2678/3153/2682 2679/3155/2683
f 2657/3149/2661 2656/3147/2660 2671/3154/2675 2672/3156/2676
f 2665/3133/2669 2664/3148/2668 2679/3155/2683 2680/3157/2684
f 2658/3135/2662 2657/3149/2661 2672/3156/2676 2673/3158/2677
f 2666/3134/2670 2665/3133/2669 2680/3157/2684 2681/3159/2685
f 2659/3136/2663 2658/3135/2662 2673/3158/2677 2674/3160/2678
f 2667/3137/2671 2666/3134/2670 2681/3159/2685 2682/3161/2686
f 2660/3138/2664 2659/3136/2663 2674/3160/2678 2675/3162/2679
f 2668/3139/2672 2667/3137/2671 2682/3161/2686 2683/3163/2687
f 2661/3140/2665 2660/3138/2664 2675/3162/2679 2676/3164/2680
f 2654/3142/2658 2361/3165/2365 2669/3150/2673
f 2368/3166/2372 2668/3139/2672 2683/3163/2687
f 2662/3144/2666 2661/3140/2665 2676/3164/2680 2677/3152/2681
f 2674/3160/2678 2673/3158/2677 2688/3167/2692 2689/3168/2693
f 2682/3161/2686 2681/3159/2685 2696/3169/2700 2697/3170/2701
f 2675/3162/2679 2674/3160/2678 2689/3168/2693 2690/3171/2694
f 2683/3163/2687 2682/3161/2686 2697/3170/2701 2698/3172/2702
f 2676/3164/2680 2675/3162/2679 2690/3171/2694 2691/3173/2695
f 2669/3150/2673 2361/3174/2365 2684/3175/2688
f 2368/3176/2372 2683/3163/2687 2698/3172/2702
f 2677/3152/2681 2676/3164/2680 2691/3173/2695 2692/3177/2696
f 2670/3151/2674 2669/3150/2673 2684/3175/2688 2685/3178/2689
f 2678/3153/2682 2677/3152/2681 2692/3177/2696 2693/3179/2697
f 2671/3154/2675 2670/3151/2674 2685/3178/2689 2686/3180/2690
f 2679/3155/2683 2678/3153/2682 2693/3179/2697 2694/3181/2698
f 2672/3156/2676 2671/3154/2675 2686/3180/2690 2687/3182/2691
f 2680/3157/2684 2679/3155/2683 2694/3181/2698 2695/3183/2699
f 2673/3158/2677 2672/3156/2676 2687/3182/2691 2688/3167/2692
f 2681/3159/2685 2680/3157/2684 2695/3183/2699 2696/3169/2700
f 2693/3179/2697 2692/3177/2696 2707/3184/2711 2708/3185/2712
f 2686/3180/2690 2685/3178/2689 2700/3186/2704 2701/3187/2705
f 2694/3181/2698 2693/3179/2697 2708/3185/2712 2709/3188/2713
f 2687/3182/2691 2686/3180/2690 2701/3187/2705 2702/3189/2706
f 2695/3183/2699 2694/3181/2698 2709/3188/2713 2710/3190/2714
f 2688/3167/2692 2687/3182/2691 2702/3189/2706 2703/3191/2707
f 2696/3169/2700 2695/3183/2699 2710/3190/2714 2711/3192/2715
f 2689/3168/2693 2688/3167/2692 2703/3191/2707 2704/3193/2708
f 2697/3170/2701 2696/3169/2700 2711/3192/2715 2712/3194/2716
f 2690/3171/2694 2689/3168/2693 2704/3193/2708 2705/3195/2709
f 2698/3172/2702 2697/3170/2701 2712/3194/2716 2713/3196/2717
f 2691/3173/2695 2690/3171/2694 2705/3195/2709 2706/3197/2710
f 2684/3175/2688 2361/3198/2365 2699/3199/2703
f 2368/3200/2372 2698/3172/2702 2713/3196/2717
f 2692/3177/2696 2691/3173/2695 2706/3197/2710 2707/3184/2711
f 2685/3178/2689 2684/3175/2688 2699/3199/2703 2700/3186/2704
f 2712/3194/2716 2711/3192/2715 2726/3201/2730 2727/3202/2731
f 2705/3195/2709 2704/3193/2708 2719/3203/2723 2720/3204/2724
f 2713/3196/2717 2712/3194/2716 2727/3202/2731 2728/3205/2732
f 2706/3197/2710 2705/3195/2709 2720/3204/2724 2721/3206/2725
f 2699/3199/2703 2361/3207/2365 2714/3208/2718
f 2368/3209/2372 2713/3196/2717 2728/3205/2732
f 2707/3184/2711 2706/3197/2710 2721/3206/2725 2722/3210/2726
f 2700/3186/2704 2699/3199/2703 2714/3208/2718 2715/3211/2719
f 2708/3185/2712 2707/3184/2711 2722/3210/2726 2723/3212/2727
f 2701/3187/2705 2700/3186/2704 2715/3211/2719 2716/3213/2720
f 2709/3188/2713 2708/3185/2712 2723/3212/2727 2724/3214/2728
f 2702/3189/2706 2701/3187/2705 2716/3213/2720 2717/3215/2721
f 2710/3190/2714 2709/3188/2713 2724/3214/2728 2725/3216/2729
f 2703/3191/2707 2702/3189/2706 2717/3215/2721 2718/3217/2722
f 2711/3192/2715 2710/3190/2714 2725/3216/2729 2726/3201/2730
f 2704/3193/2708 2703/3191/2707 2718/3217/2722 2719/3203/2723
f 2716/3218/2720 2715/3219/2719 2730/3220/2734 2731/3221/2735
f 2724/3222/2728 2723/3223/2727 2738/3224/2742 2739/3225/2743
f 2717/3226/2721 2716/3218/2720 2731/3221/2735 2732/3227/2736
f 2725/3228/2729 2724/3222/2728 2739/3225/2743 2740/3229/2744
f 2718/3230/2722 2717/3226/2721 2732/3227/2736 2733/3231/2737
f 2726/3232/2730 2725/3228/2729 2740/3229/2744 2741/3233/2745
f 2719/3234/2723 2718/3230/2722 2733/3231/2737 2734/3235/2738
f 2727/3236/2731 2726/3232/2730 2741/3233/2745 2742/3237/2746
f 2720/3238/2724 2719/3234/2723 2734/3235/2738 2735/3239/2739
f 2728/3240/2732 2727/3236/2731 2742/3237/2746 2743/3241/2747
f 2721/3242/2725 2720/3238/2724 2735/3239/2739 2736/3243/2740
f 2714/3244/2718 2361/3245/2365 2729/3246/2733
f 2368/3247/2372 2728/3240/2732 2743/3241/2747
f 2722/3248/2726 2721/3242/2725 2736/3243/2740 2737/3249/2741
f 2715/3219/2719 2714/3244/2718 2729/3246/2733 2730/3220/2734
f 2723/3223/2727 2722/3248/2726 2737/3249/2741 2738/3224/2742
f 2735/3239/2739 2734/3235/2738 2749/3250/2753 2750/3251/2754
f 2743/3241/2747 2742/3237/2746 2757/3252/2761 2758/3253/2762
f 2736/3243/2740 2735/3239/2739 2750/3251/2754 2751/3254/2755
f 2729/3246/2733 2361/3255/2365 2744/3256/2748
f 2368/3257/2372 2743/3241/2747 2758/3253/2762
f 2737/3249/2741 2736/3243/2740 2751/3254/2755 2752/3258/2756
f 2730/3220/2734 2729/3246/2733 2744/3256/2748 2745/3259/2749
f 2738/3224/2742 2737/3249/2741 2752/3258/2756 2753/3260/2757
f 2731/3221/2735 2730/3220/2734 2745/3259/2749 2746/3261/2750
f 2739/3225/2743 2738/3224/2742 2753/3260/2757 2754/3262/2758
f 2732/3227/2736 2731/3221/2735 2746/3261/2750 2747/3263/2751
f 2740/3229/2744 2739/3225/2743 2754/3262/2758 2755/3264/2759
f 2733/3231/2737 2732/3227/2736 2747/3263/2751 2748/3265/2752
f 2741/3233/2745 2740/3229/2744 2755/3264/2759 2756/3266/2760
f 2734/3235/2738 2733/3231/2737 2748/3265/2752 2749/3250/2753
f 2742/3237/2746 2741/3233/2745 2756/3266/2760 2757/3252/2761
f 2754/3262/2758 2753/3260/2757 2768/3267/2772 2769/3268/2773
f 2747/3263/2751 2746/3261/2750 2761/3269/2765 2762/3270/2766
f 2755/3264/2759 2754/3262/2758 2769/3268/2773 2770/3271/2774
f 2748/3265/2752 2747/3263/2751 2762/3270/2766 2763/3272/2767
f 2756/3266/2760 2755/3264/2759 2770/3271/2774 2771/3273/2775
f 2749/3250/2753 2748/3265/2752 2763/3272/2767 2764/3274/2768
f 2757/3252/2761 2756/3266/2760 2771/3273/2775 2772/3275/2776
f 2750/3251/2754 2749/3250/2753 2764/3274/2768 2765/3276/2769
f 2758/3253/2762 2757/3252/2761 2772/3275/2776 2773/3277/2777
f 2751/3254/2755 2750/3251/2754 2765/3276/2769 2766/3278/2770
f 2744/3256/2748 2361/3279/2365 2759/3280/2763
f 2368/3281/2372 2758/3253/2762 2773/3277/2777
f 2752/3258/2756 2751/3254/2755 2766/3278/2770 2767/3282/2771
f 2745/3259/2749 2744/3256/2748 2759/3280/2763 2760/3283/2764
f 2753/3260/2757 2752/3258/2756 2767/3282/2771 2768/3267/2772
f 2746/3261/2750 2745/3259/2749 2760/3283/2764 2761/3269/2765
f 2773/3277/2777 2772/3275/2776 2787/3284/2791 2788/3285/2792
f 2766/3278/2770 2765/3276/2769 2780/3286/2784 2781/3287/2785
f 2759/3280/2763 2361/3288/2365 2774/3289/2778
f 2368/3290/2372 2773/3277/2777 2788/3285/2792
f 2767/3282/2771 2766/3278/2770 2781/3287/2785 2782/3291/2786
f 2760/3283/2764 2759/3280/2763 2774/3289/2778 2775/3292/2779
f 2768/3267/2772 2767/3282/2771 2782/3291/2786 2783/3293/2787
f 2761/3269/2765 2760/3283/2764 2775/3292/2779 2776/3294/2780
f 2769/3268/2773 2768/3267/2772 2783/3293/2787 2784/3295/2788
f 2762/3270/2766 2761/3269/2765 2776/3294/2780 2777/3296/2781
f 2770/3271/2774 2769/3268/2773 2784/3295/2788 2785/3297/2789
f 2763/3272/2767 2762/3270/2766 2777/3296/2781 2778/3298/2782
f 2771/3273/2775 2770/3271/2774 2785/3297/2789 2786/3299/2790
f 2764/3274/2768 2763/3272/2767 2778/3298/2782 2779/3300/2783
f 2772/3275/2776 2771/3273/2775 2786/3299/2790 2787/3284/2791
f 2765/3276/2769 2764/3274/2768 2779/3300/2783 2780/3286/2784
f 2785/3297/2789 2784/3295/2788 2799/3301/2803 2800/3302/2804
f 2778/3298/2782 2777/3296/2781 2792/3303/2796 2793/3304/2797
f 2786/3299/2790 2785/3297/2789 2800/3302/2804 2801/3305/2805
f 2779/3300/2783 2778/3298/2782 2793/3304/2797 2794/3306/2798
f 2787/3284/2791 2786/3299/2790 2801/3305/2805 2802/3307/2806
f 2780/3286/2784 2779/3300/2783 2794/3306/2798 2795/3308/2799
f 2788/3285/2792 2787/3284/2791 2802/3307/2806 2803/3309/2807
f 2781/3287/2785 2780/3286/2784 2795/3308/2799 2796/3310/2800
f 2774/3289/2778 2361/3311/2365 2789/3312/2793
f 2368/3313/2372 2788/3285/2792 2803/3309/2807
f 2782/3291/2786 2781/3287/2785 2796/3310/2800 2797/3314/2801
f 2775/3292/2779 2774/3289/2778 2789/3312/2793 2790/3315/2794
f 2783/3293/2787 2782/3291/2786 2797/3314/2801 2798/3316/2802
f 2776/3294/2780 2775/3292/2779 2790/3315/2794 2791/3317/2795
f 2784/3295/2788 2783/3293/2787 2798/3316/2802 2799/3301/2803
f 2777/3296/2781 2776/3294/2780 2791/3317/2795 2792/3303/2796
f 2789/3312/2793 2361/3318/2365 2804/3319/2808
f 2368/3320/2372 2803/3309/2807 2818/3321/2822
f 2797/3314/2801 2796/3310/2800 2811/3322/2815 2812/3323/2816
f 2790/3315/2794 2789/3312/2793 2804/3319/2808 2805/3324/2809
f 2798/3316/2802 2797/3314/2801 2812/3323/2816 2813/3325/2817
f 2791/3317/2795 2790/3315/2794 2805/3324/2809 2806/3326/2810
f 2799/3301/2803 2798/3316/2802 2813/3325/2817 2814/3327/2818
f 2792/3303/2796 2791/3317/2795 2806/3326/2810 2807/3328/2811
f 2800/3302/2804 2799/3301/2803 2814/3327/2818 2815/3329/2819
f 2793/3304/2797 2792/3303/2796 2807/3328/2811 2808/3330/2812
f 2801/3305/2805 2800/3302/2804 2815/3329/2819 2816/3331/2820
f 2794/3306/2798 2793/3304/2797 2808/3330/2812 2809/3332/2813
f 2802/3307/2806 2801/3305/2805 2816/3331/2820 2817/3333/2821
f 2795/3308/2799 2794/3306/2798 2809/3332/2813 2810/3334/2814
f 2803/3309/2807 2802/3307/2806 2817/3333/2821 2818/3321/2822
f 2796/3310/2800 2795/3308/2799 2810/3334/2814 2811/3322/2815
f 2808/3330/2812 2807/3328/2811 2822/3335/2826 2823/3336/2827
f 2816/3331/2820 2815/3329/2819 2830/3337/2834 2831/3338/2835
f 2809/3332/2813 2808/3330/2812 2823/3336/2827 2824/3339/2828
f 2817/3333/2821 2816/3331/2820 2831/3338/2835 2832/3340/2836
f 2810/3334/2814 2809/3332/2813 2824/3339/2828 2825/3341/2829
f 2818/3321/2822 2817/3333/2821 2832/3340/2836 2833/3342/2837
f 2811/3322/2815 2810/3334/2814 2825/3341/2829 2826/3343/2830
f 2804/3319/2808 2361/3344/2365 2819/3345/2823
f 2368/3346/2372 2818/3321/2822 2833/3342/2837
f 2812/3323/2816 2811/3322/2815 2826/3343/2830 2827/3347/2831
f 2805/3324/2809 2804/3319/2808 2819/3345/2823 2820/3348/2824
f 2813/3325/2817 2812/3323/2816 2827/3347/2831 2828/3349/2832
f 2806/3326/2810 2805/3324/2809 2820/3348/2824 2821/3350/2825
f 2814/3327/2818 2813/3325/2817 2828/3349/2832 2829/3351/2833
f 2807/3328/2811 2806/3326/2810 2821/3350/2825 2822/3335/2826
f 2815/3329/2819 2814/3327/2818 2829/3351/2833 2830/3337/2834
f 2827/3347/2831 2826/3343/2830 2365/2802/2369 2366/2801/2370
f 2820/3348/2824 2819/3345/2823 2834/2795/2838 2835/2805/2839
f 2828/3349/2832 2827/3347/2831 2366/2801/2370 2838/2807/2842
f 2821/3350/2825 2820/3348/2824 2835/2805/2839 2362/2809/2366
f 2829/3351/2833 2828/3349/2832 2838/2807/2842 2367/2811/2371
f 2822/3335/2826 2821/3350/2825 2362/2809/2366 2836/2813/2840
f 2830/3337/2834 2829/3351/2833 2367/2811/2371 2839/2815/2843
f 2823/3336/2827 2822/3335/2826 2836/2813/2840 2363/2817/2367
f 2831/3338/2835 2830/3337/2834 2839/2815/2843 2840/2819/2844
f 2824/3339/2828 2823/3336/2827 2363/2817/2367 2837/2821/2841
f 2832/3340/2836 2831/3338/2835 2840/2819/2844 2841/2823/2845
f 2825/3341/2829 2824/3339/2828 2837/2821/2841 2364/2825/2368
f 2833/3342/2837 2832/3340/2836 2841/2823/2845 2842/2799/2846
f 2826/3343/2830 2825/3341/2829 2364/2825/2368 2365/2802/2369
f 2819/3345/2823 2361/3352/2365 2834/2795/2838
f 2368/3353/2372 2833/3342/2837 2842/2799/2846
o Cadera
v -0.580000 3.220000 0.260000
v -0.580000 3.340000 0.380000
v -0.700000 3.340000 0.260000
v -0.580000 3.236032 0.319921
v -0.639921 3.236032 0.260000
v -0.637385 3.251604 0.317385
v -0.639921 3.340000 0.363968
v -0.580000 3.280079 0.363968
v -0.637385 3.282615 0.348396
v -0.683968 3.280079 0.260000
v -0.683968 3.340000 0.319921
v -0.668396 3.282615 0.317385
v -0.580000 3.660000 0.380000
v -0.580000 3.780000 0.260000
v -0.700000 3.660000 0.260000
v -0.580000 3.719921 0.363968
v -0.639921 3.660000 0.363968
v -0.637385 3.717385 0.348396
v -0.639921 3.763968 0.260000
v -0.580000 3.763968 0.319921
v -0.637385 3.748396 0.317385
v -0.683968 3.660000 0.319921
v -0.683968 3.719921 0.260000
v -0.668396 3.717385 0.317385
v -0.580000 3.220000 -0.260000
v -0.700000 3.340000 -0.260000
v -0.580000 3.340000 -0.380000
v -0.639921 3.236032 -0.260000
v -0.580000 3.236032 -0.319921
v -0.637385 3.251604 -0.317385
v -0.683968 3.340000 -0.319921
v -0.683968 3.280079 -0.260000
v -0.668396 3.282615 -0.317385
v -0.580000 3.280079 -0.363968
v -0.639921 3.340000 -0.363968
v -0.637385 3.282615 -0.348396
v -0.580000 3.780000 -0.260000
v -0.580000 3.660000 -0.380000
v -0.700000 3.660000 -0.260000
v -0.580000 3.763968 -0.319921
v -0.639921 3.763968 -0.260000
v -0.637385 3.748396 -0.317385
v -0.639921 3.660000 -0.363968
v -0.580000 3.719921 -0.363968
v -0.637385 3.717385 -0.348396
v -0.683968 3.719921 -0.260000
v -0.683968 3.660000 -0.319921
v -0.668396 3.717385 -0.317385
v 0.580000 3.220000 0.260000
v 0.700000 3.340000 0.260000
v 0.580000 3.340000 0.380000
v 0.639921 3.236032 0.260000
v 0.580000 3.236032 0.319921
v 0.637385 3.251604 0.317385
v 0.683968 3.340000 0.319921
v 0.683968 3.280079 0.260000
v 0.668396 3.282615 0.317385
v 0.580000 3.280079 0.363968
v 0.639921 3.340000 0.363968
v 0.637385 3.282615 0.348396
v 0.580000 3.780000 0.260000
v 0.580000 3.660000 0.380000
v 0.700000 3.660000 0.260000
v 0.580000 3.763968 0.319921
v 0.639921 3.763968 0.260000
v 0.637385 3.748396 0.317385
v 0.639921 3.660000 0.363968
v 0.580000 3.719921 0.363968
v 0.637385 3.717385 0.348396
v 0.683968 3.719921 0.260000
v 0.683968 3.660000 0.319921
v 0.668396 3.717385 0.317385
v 0.580000 3.220000 -0.260000
v 0.580000 3.340000 -0.380000
v 0.700000 3.340000 -0.260000
v 0.580000 3.236032 -0.319921
v 0.639921 3.236032 -0.260000
v 0.637385 3.251604 -0.317385
v 0.639921 3.340000 -0.363968
v 0.580000 3.280079 -0.363968
v 0.637385 3.282615 -0.348396
v 0.683968 3.280079 -0.260000
v 0.683968 3.340000 -0.319921
v 0.668396 3.282615 -0.317385
v 0.580000 3.780000 -0.260000
v 0.700000 3.660000 -0.260000
v 0.580000 3.660000 -0.380000
v 0.639921 3.763968 -0.260000
v 0.580000 3.763968 -0.319921
v 0.637385 3.748396 -0.317385
v 0.683968 3.660000 -0.319921
v 0.683968 3.719921 -0.260000
v 0.668396 3.717385 -0.317385
v 0.580000 3.719921 -0.363968
v 0.639921 3.660000 -0.363968
v 0.637385 3.717385 -0.348396
vn -0.2566 -0.9318 0.2566
vn -0.2178 -0.6901 0.6901
vn -0.2566 -0.2566 0.9318
vn -0.6901 -0.2178 0.6901
vn -0.9318 -0.2566 0.2566
vn -0.6901 -0.6901 0.2178
vn -0.5774 -0.5774 0.5773
vn -0.2566 0.2566 0.9318
vn -0.2178 0.6901 0.6901
vn -0.2566 0.9318 0.2566
vn -0.6901 0.6901 0.2178
vn -0.9318 0.2566 0.2566
vn -0.6901 0.2178 0.6901
vn -0.5774 0.5774 0.5773
vn -0.2566 -0.9318 -0.2566
vn -0.6901 -0.6901 -0.2178
vn -0.9318 -0.2566 -0.2566
vn -0.6901 -0.2178 -0.6901
vn -0.2566 -0.2566 -0.9318
vn -0.2178 -0.6901 -0.6901
vn -0.5774 -0.5774 -0.5773
vn -0.2566 0.9318 -0.2566
vn -0.2178 0.6901 -0.6901
vn -0.2566 0.2566 -0.9318
vn -0.6901 0.2178 -0.6901
vn -0.9318 0.2566 -0.2566
vn -0.6901 0.6901 -0.2178
vn -0.5774 0.5774 -0.5773
vn 0.2566 -0.9318 0.2566
vn 0.6901 -0.6901 0.2178
vn 0.9318 -0.2566 0.2566
vn 0.6901 -0.2178 0.6901
vn 0.2566 -0.2566 0.9318
vn 0.2178 -0.6901 0.6901
vn 0.5774 -0.5774 0.5773
vn 0.2566 0.9318 0.2566
vn 0.2178 0.6901 0.6901
vn 0.2566 0.2566 0.9318
vn 0.6901 0.2178 0.6901
vn 0.9318 0.2566 0.2566
vn 0.6901 0.6901 0.2178
vn 0.5774 0.5774 0.5773
vn 0.2566 -0.9318 -0.2566
vn 0.2178 -0.6901 -0.6901
vn 0.2566 -0.2566 -0.9318
vn 0.6901 -0.2178 -0.6901
vn 0.9318 -0.2566 -0.2566
vn 0.6901 -0.6901 -0.2178
vn 0.5774 -0.5774 -0.5773
vn 0.2566 0.9318 -0.2566
vn 0.6901 0.6901 -0.2178
vn 0.9318 0.2566 -0.2566
vn 0.6901 0.2178 -0.6901
vn 0.2566 0.2566 -0.9318
vn 0.2178 0.6901 -0.6901
vn 0.5774 0.5774 -0.5773
vn -0.2585 -0.9660 -0.0000
vn -0.7071 -0.7071 -0.0000
vn -0.9660 -0.2585 -0.0000
vn -0.2585 -0.0000 0.9660
vn -0.7071 -0.0000 0.7071
vn -0.9660 -0.0000 0.2585
vn -0.2585 0.9660 -0.0000
vn -0.7071 0.7071 -0.0000
vn -0.9660 0.2585 -0.0000
vn -0.2585 -0.0000 -0.9660
vn -0.7071 -0.0000 -0.7071
vn -0.9660 -0.0000 -0.2585
vn -0.0000 -0.9660 -0.2585
vn -0.0000 -0.7071 -0.7071
vn -0.0000 -0.2585 -0.9660
vn -0.0000 0.9660 -0.2585
vn -0.0000 0.7071 -0.7071
vn -0.0000 0.2585 -0.9660
vn 0.9660 -0.0000 -0.2585
vn 0.7071 -0.0000 -0.7071
vn 0.2585 -0.0000 -0.9660
vn 0.2585 -0.9660 -0.0000
vn 0.7071 -0.7071 -0.0000
vn 0.9660 -0.2585 -0.0000
vn 0.2585 0.9660 -0.0000
vn 0.7071 0.7071 -0.0000
vn 0.9660 0.2585 -0.0000
vn 0.2585 -0.0000 0.9660
vn 0.7071 -0.0000 0.7071
vn 0.9660 -0.0000 0.2585
vn -0.0000 -0.9660 0.2585
vn -0.0000 -0.7071 0.7071
vn -0.0000 -0.2585 0.9660
vn -0.0000 0.9660 0.2585
vn -0.0000 0.7071 0.7071
vn -0.0000 0.2585 0.9660
vn -0.0000 -1.0000 -0.0000
vn -1.0000 -0.0000 -0.0000
vn -0.0000 -0.0000 1.0000
vn -0.0000 1.0000 -0.0000
vn -0.0000 -0.0000 -1.0000
vn 1.0000 -0.0000 -0.0000
vt 0.146429 0.710526
vt 0.146429 0.730237
vt 0.136181 0.729403
vt 0.135728 0.710526
vt 0.146429 0.750000
vt 0.136181 0.750000
vt 0.428571 0.978571
vt 0.428571 1.000000
vt 0.375000 0.988819
vt 0.375000 0.978571
vt 0.428571 0.000000
vt 0.428571 0.019763
vt 0.375000 0.020597
vt 0.375000 0.000000
vt 0.428571 0.039474
vt 0.375000 0.039474
vt 0.125000 0.710526
vt 0.125000 0.729403
vt 0.571429 0.978571
vt 0.598179 0.978571
vt 0.597047 1.000000
vt 0.571429 1.000000
vt 0.625000 0.978571
vt 0.625000 1.000000
vt 0.853571 0.710526
vt 0.875000 0.710526
vt 0.875000 0.729403
vt 0.853571 0.750000
vt 0.625000 0.039474
vt 0.598179 0.039474
vt 0.597047 0.020597
vt 0.625000 0.020597
vt 0.571429 0.039474
vt 0.571429 0.019763
vt 0.571429 0.000000
vt 0.597047 0.000000
vt 0.146429 0.539474
vt 0.135728 0.539474
vt 0.136181 0.520597
vt 0.146429 0.519763
vt 0.125000 0.539474
vt 0.125000 0.520597
vt 0.428571 0.210526
vt 0.428571 0.230237
vt 0.375000 0.229403
vt 0.375000 0.210526
vt 0.428571 0.260728
vt 0.375000 0.261181
vt 0.428571 0.271429
vt 0.375000 0.271429
vt 0.146429 0.500000
vt 0.136181 0.500000
vt 0.853571 0.539474
vt 0.853571 0.500000
vt 0.875000 0.520597
vt 0.875000 0.539474
vt 0.625000 0.271429
vt 0.598179 0.271429
vt 0.597047 0.255787
vt 0.625000 0.236269
vt 0.571429 0.271429
vt 0.571429 0.260728
vt 0.571429 0.230237
vt 0.597047 0.229403
vt 0.571429 0.210526
vt 0.598179 0.210526
vt 0.625000 0.210526
vt 0.353571 0.710526
vt 0.364272 0.710526
vt 0.363819 0.729403
vt 0.353571 0.730237
vt 0.401821 0.710526
vt 0.394554 0.729403
vt 0.428571 0.710526
vt 0.428571 0.730237
vt 0.428571 0.760728
vt 0.369409 0.755591
vt 0.428571 0.771429
vt 0.364286 0.760714
vt 0.646429 0.710526
vt 0.635714 0.760714
vt 0.630591 0.755591
vt 0.635728 0.710526
vt 0.598179 0.771429
vt 0.597047 0.761181
vt 0.571429 0.771429
vt 0.571429 0.760728
vt 0.571429 0.730237
vt 0.597047 0.735963
vt 0.571429 0.710526
vt 0.598179 0.710526
vt 0.353571 0.539474
vt 0.353571 0.519763
vt 0.363819 0.520597
vt 0.364272 0.539474
vt 0.364286 0.489286
vt 0.369409 0.494409
vt 0.428571 0.478571
vt 0.428571 0.489272
vt 0.428571 0.519763
vt 0.394554 0.520597
vt 0.428571 0.539474
vt 0.401821 0.539474
vt 0.646429 0.539474
vt 0.635728 0.539474
vt 0.630591 0.494409
vt 0.635714 0.489286
vt 0.598179 0.539474
vt 0.597047 0.514037
vt 0.571429 0.539474
vt 0.571429 0.519763
vt 0.571429 0.489272
vt 0.597047 0.488819
vt 0.571429 0.478571
vt 0.598179 0.478571
s 0
usemtl Negro_enemigo.006
f 2843/3354/2847 2846/3355/2847 2848/3356/2847 2847/3357/2847
f 2846/3355/2848 2850/3358/2848 2851/3359/2848 2848/3356/2848
f 2844/3360/2849 2849/3361/2849 2851/3362/2849 2850/3363/2849
f 2849/3364/2850 2853/3365/2850 2854/3366/2850 2851/3367/2850
f 2845/3368/2851 2852/3369/2851 2854/3366/2851 2853/3365/2851
f 2852/3370/2852 2847/3357/2852 2848/3356/2852 2854/3371/2852
f 2848/3356/2853 2851/3359/2853 2854/3371/2853
f 2855/3372/2854 2858/3373/2854 2860/3374/2854 2859/3375/2854
f 2858/3373/2855 2862/3376/2855 2863/3377/2855 2860/3374/2855
f 2856/3378/2856 2861/3379/2856 2863/3380/2856 2862/3381/2856
f 2861/3382/2857 2865/3383/2857 2866/3384/2857 2863/3385/2857
f 2857/3386/2858 2864/3387/2858 2866/3384/2858 2865/3383/2858
f 2864/3387/2859 2859/3388/2859 2860/3389/2859 2866/3384/2859
f 2860/3389/2860 2863/3385/2860 2866/3384/2860
f 2867/3390/2861 2870/3391/2861 2872/3392/2861 2871/3393/2861
f 2870/3391/2862 2874/3394/2862 2875/3395/2862 2872/3392/2862
f 2868/3396/2863 2873/3397/2863 2875/3398/2863 2874/3399/2863
f 2873/3397/2864 2877/3400/2864 2878/3401/2864 2875/3398/2864
f 2869/3402/2865 2876/3403/2865 2878/3401/2865 2877/3400/2865
f 2876/3404/2866 2871/3393/2866 2872/3392/2866 2878/3405/2866
f 2872/3392/2867 2875/3395/2867 2878/3405/2867
f 2879/3406/2868 2882/3407/2868 2884/3408/2868 2883/3409/2868
f 2882/3410/2869 2886/3411/2869 2887/3412/2869 2884/3413/2869
f 2880/3414/2870 2885/3415/2870 2887/3412/2870 2886/3411/2870
f 2885/3415/2871 2889/3416/2871 2890/3417/2871 2887/3412/2871
f 2881/3418/2872 2888/3419/2872 2890/3417/2872 2889/3416/2872
f 2888/3419/2873 2883/3420/2873 2884/3413/2873 2890/3417/2873
f 2884/3413/2874 2887/3412/2874 2890/3417/2874
f 2891/3421/2875 2894/3422/2875 2896/3423/2875 2895/3424/2875
f 2894/3422/2876 2898/3425/2876 2899/3426/2876 2896/3423/2876
f 2892/3427/2877 2897/3428/2877 2899/3426/2877 2898/3425/2877
f 2897/3428/2878 2901/3429/2878 2902/3430/2878 2899/3426/2878
f 2893/3431/2879 2900/3432/2879 2902/3430/2879 2901/3429/2879
f 2900/3432/2880 2895/3424/2880 2896/3423/2880 2902/3430/2880
f 2896/3423/2881 2899/3426/2881 2902/3430/2881
f 2903/3433/2882 2906/3434/2882 2908/3435/2882 2907/3436/2882
f 2906/3434/2883 2910/3437/2883 2911/3438/2883 2908/3435/2883
f 2904/3439/2884 2909/3440/2884 2911/3438/2884 2910/3437/2884
f 2909/3440/2885 2913/3441/2885 2914/3442/2885 2911/3438/2885
f 2905/3443/2886 2912/3444/2886 2914/3442/2886 2913/3441/2886
f 2912/3444/2887 2907/3436/2887 2908/3435/2887 2914/3442/2887
f 2908/3435/2888 2911/3438/2888 2914/3442/2888
f 2915/3445/2889 2918/3446/2889 2920/3447/2889 2919/3448/2889
f 2918/3446/2890 2922/3449/2890 2923/3450/2890 2920/3447/2890
f 2916/3451/2891 2921/3452/2891 2923/3450/2891 2922/3449/2891
f 2921/3452/2892 2925/3453/2892 2926/3454/2892 2923/3450/2892
f 2917/3455/2893 2924/3456/2893 2926/3454/2893 2925/3453/2893
f 2924/3456/2894 2919/3448/2894 2920/3447/2894 2926/3454/2894
f 2920/3447/2895 2923/3450/2895 2926/3454/2895
f 2927/3457/2896 2930/3458/2896 2932/3459/2896 2931/3460/2896
f 2930/3458/2897 2934/3461/2897 2935/3462/2897 2932/3459/2897
f 2928/3463/2898 2933/3464/2898 2935/3462/2898 2934/3461/2898
f 2933/3464/2899 2937/3465/2899 2938/3466/2899 2935/3462/2899
f 2929/3467/2900 2936/3468/2900 2938/3466/2900 2937/3465/2900
f 2936/3468/2901 2931/3460/2901 2932/3459/2901 2938/3466/2901
f 2932/3459/2902 2935/3462/2902 2938/3466/2902
f 2867/3390/2903 2843/3354/2903 2847/3357/2903 2870/3391/2903
f 2870/3391/2904 2847/3357/2904 2852/3370/2904 2874/3394/2904
f 2874/3399/2905 2852/3369/2905 2845/3368/2905 2868/3396/2905
f 2844/3360/2906 2855/3372/2906 2859/3375/2906 2849/3361/2906
f 2849/3364/2907 2859/3388/2907 2864/3387/2907 2853/3365/2907
f 2853/3365/2908 2864/3387/2908 2857/3386/2908 2845/3368/2908
f 2856/3378/2909 2879/3406/2909 2883/3409/2909 2861/3379/2909
f 2861/3382/2910 2883/3420/2910 2888/3419/2910 2865/3383/2910
f 2865/3383/2911 2888/3419/2911 2881/3418/2911 2857/3386/2911
f 2880/3414/2912 2869/3402/2912 2877/3400/2912 2885/3415/2912
f 2885/3415/2913 2877/3400/2913 2873/3397/2913 2889/3416/2913
f 2889/3416/2914 2873/3397/2914 2868/3396/2914 2881/3418/2914
f 2915/3445/2915 2867/3390/2915 2871/3393/2915 2918/3446/2915
f 2918/3446/2916 2871/3393/2916 2876/3404/2916 2922/3449/2916
f 2922/3449/2917 2876/3403/2917 2869/3402/2917 2916/3451/2917
f 2879/3406/2918 2927/3457/2918 2931/3460/2918 2882/3407/2918
f 2882/3410/2919 2931/3460/2919 2936/3468/2919 2886/3411/2919
f 2886/3411/2920 2936/3468/2920 2929/3467/2920 2880/3414/2920
f 2928/3463/2921 2917/3455/2921 2925/3453/2921 2933/3464/2921
f 2933/3464/2922 2925/3453/2922 2921/3452/2922 2937/3465/2922
f 2937/3465/2923 2921/3452/2923 2916/3451/2923 2929/3467/2923
f 2891/3421/2924 2915/3445/2924 2919/3448/2924 2894/3422/2924
f 2894/3422/2925 2919/3448/2925 2924/3456/2925 2898/3425/2925
f 2898/3425/2926 2924/3456/2926 2917/3455/2926 2892/3427/2926
f 2927/3457/2927 2903/3433/2927 2907/3436/2927 2930/3458/2927
f 2930/3458/2928 2907/3436/2928 2912/3444/2928 2934/3461/2928
f 2934/3461/2929 2912/3444/2929 2905/3443/2929 2928/3463/2929
f 2904/3439/2930 2893/3431/2930 2901/3429/2930 2909/3440/2930
f 2909/3440/2931 2901/3429/2931 2897/3428/2931 2913/3441/2931
f 2913/3441/2932 2897/3428/2932 2892/3427/2932 2905/3443/2932
f 2843/3354/2933 2891/3421/2933 2895/3424/2933 2846/3355/2933
f 2846/3355/2934 2895/3424/2934 2900/3432/2934 2850/3358/2934
f 2850/3363/2935 2900/3432/2935 2893/3431/2935 2844/3360/2935
f 2903/3433/2936 2856/3378/2936 2862/3381/2936 2906/3434/2936
f 2906/3434/2937 2862/3376/2937 2858/3373/2937 2910/3437/2937
f 2910/3437/2938 2858/3373/2938 2855/3372/2938 2904/3439/2938
f 2867/3390/2939 2915/3445/2939 2891/3421/2939 2843/3354/2939
f 2845/3368/2940 2857/3386/2940 2881/3418/2940 2868/3396/2940
f 2893/3431/2941 2904/3439/2941 2855/3372/2941 2844/3360/2941
f 2927/3457/2942 2879/3406/2942 2856/3378/2942 2903/3433/2942
f 2869/3402/2943 2880/3414/2943 2929/3467/2943 2916/3451/2943
f 2917/3455/2944 2928/3463/2944 2905/3443/2944 2892/3427/2944
o Pierna_izquierda
v -0.380000 1.125000 -0.209252
v -0.380000 1.185000 -0.270000
v -0.380000 1.142574 -0.252207
v -0.380000 3.375000 -0.209252
v -0.380000 3.315000 -0.270000
v -0.380000 3.357426 -0.252207
v -0.315338 1.125000 -0.199011
v -0.296565 1.185000 -0.256785
v -0.302064 1.142574 -0.239863
v -0.315338 3.375000 -0.199011
v -0.296565 3.315000 -0.256785
v -0.302064 3.357426 -0.239863
v -0.257005 1.125000 -0.169289
v -0.221298 1.185000 -0.218435
v -0.231756 1.142574 -0.204040
v -0.257005 3.375000 -0.169289
v -0.221298 3.315000 -0.218435
v -0.231756 3.357426 -0.204040
v -0.210711 1.125000 -0.122995
v -0.161565 1.185000 -0.158702
v -0.175960 1.142574 -0.148244
v -0.210711 3.375000 -0.122995
v -0.161565 3.315000 -0.158702
v -0.175960 3.357426 -0.148244
v -0.180989 1.125000 -0.064662
v -0.123215 1.185000 -0.083435
v -0.140137 1.142574 -0.077936
v -0.180989 3.375000 -0.064662
v -0.123215 3.315000 -0.083435
v -0.140137 3.357426 -0.077936
v -0.170748 1.125000 0.000000
v -0.110000 1.185000 0.000000
v -0.127793 1.142574 0.000000
v -0.170748 3.375000 0.000000
v -0.110000 3.315000 0.000000
v -0.127793 3.357426 -0.000000
v -0.180989 1.125000 0.064662
v -0.123215 1.185000 0.083435
v -0.140137 1.142574 0.077936
v -0.180989 3.375000 0.064662
v -0.123215 3.315000 0.083435
v -0.140137 3.357426 0.077936
v -0.210711 1.125000 0.122995
v -0.161565 1.185000 0.158702
v -0.175960 1.142574 0.148244
v -0.210711 3.375000 0.122995
v -0.161565 3.315000 0.158702
v -0.175960 3.357426 0.148244
v -0.257005 1.125000 0.169289
v -0.221298 1.185000 0.218435
v -0.231756 1.142574 0.204040
v -0.257005 3.375000 0.169289
v -0.221298 3.315000 0.218435
v -0.231756 3.357426 0.204040
v -0.315338 1.125000 0.199011
v -0.296565 1.185000 0.256785
v -0.302064 1.142574 0.239863
v -0.315338 3.375000 0.199011
v -0.296565 3.315000 0.256785
v -0.302064 3.357426 0.239863
v -0.380000 1.125000 0.209252
v -0.380000 1.185000 0.270000
v -0.380000 1.142574 0.252207
v -0.380000 3.375000 0.209252
v -0.380000 3.315000 0.270000
v -0.380000 3.357426 0.252207
v -0.444662 1.125000 0.199011
v -0.463435 1.185000 0.256785
v -0.457936 1.142574 0.239863
v -0.444662 3.375000 0.199011
v -0.463435 3.315000 0.256785
v -0.457936 3.357426 0.239863
v -0.502995 1.125000 0.169289
v -0.538702 1.185000 0.218435
v -0.528244 1.142574 0.204040
v -0.502995 3.375000 0.169289
v -0.538702 3.315000 0.218435
v -0.528244 3.357426 0.204040
v -0.549289 1.125000 0.122995
v -0.598435 1.185000 0.158702
v -0.584040 1.142574 0.148244
v -0.549289 3.375000 0.122995
v -0.598435 3.315000 0.158702
v -0.584040 3.357426 0.148244
v -0.579011 1.125000 0.064662
v -0.636785 1.185000 0.083435
v -0.619863 1.142574 0.077936
v -0.579011 3.375000 0.064662
v -0.636785 3.315000 0.083435
v -0.619863 3.357426 0.077936
v -0.589252 1.125000 0.000000
v -0.650000 1.185000 0.000000
v -0.632207 1.142574 -0.000000
v -0.589252 3.375000 0.000000
v -0.650000 3.315000 0.000000
v -0.632207 3.357426 0.000000
v -0.579011 1.125000 -0.064662
v -0.636785 1.185000 -0.083435
v -0.619863 1.142574 -0.077936
v -0.579011 3.375000 -0.064662
v -0.636785 3.315000 -0.083435
v -0.619863 3.357426 -0.077936
v -0.549289 1.125000 -0.122995
v -0.598435 1.185000 -0.158702
v -0.584040 1.142574 -0.148244
v -0.549289 3.375000 -0.122995
v -0.598435 3.315000 -0.158702
v -0.584040 3.357426 -0.148244
v -0.502995 1.125000 -0.169289
v -0.538702 1.185000 -0.218435
v -0.528244 1.142574 -0.204040
v -0.502995 3.375000 -0.169289
v -0.538702 3.315000 -0.218435
v -0.528244 3.357426 -0.204040
v -0.444662 1.125000 -0.199011
v -0.463435 1.185000 -0.256785
v -0.457936 1.142574 -0.239863
v -0.444662 3.375000 -0.199011
v -0.463435 3.315000 -0.256785
v -0.457936 3.357426 -0.239863
vn -0.0000 -0.9774 -0.2114
vn -0.0000 -0.1936 -0.9811
vn -0.0000 -0.6916 -0.7223
vn -0.0000 0.9774 -0.2114
vn -0.0000 0.1936 -0.9811
vn -0.0000 0.6916 -0.7223
vn 0.0653 -0.9774 -0.2010
vn 0.3032 -0.1936 -0.9331
vn 0.2232 -0.6916 -0.6869
vn 0.0653 0.9774 -0.2010
vn 0.3032 0.1936 -0.9331
vn 0.2232 0.6916 -0.6869
vn 0.1242 -0.9774 -0.1710
vn 0.5767 -0.1936 -0.7937
vn 0.4245 -0.6916 -0.5843
vn 0.1242 0.9774 -0.1710
vn 0.5767 0.1936 -0.7937
vn 0.4245 0.6916 -0.5843
vn 0.1710 -0.9774 -0.1242
vn 0.7937 -0.1936 -0.5767
vn 0.5843 -0.6916 -0.4245
vn 0.1710 0.9774 -0.1242
vn 0.7937 0.1936 -0.5767
vn 0.5843 0.6916 -0.4245
vn 0.2010 -0.9774 -0.0653
vn 0.9331 -0.1936 -0.3032
vn 0.6869 -0.6916 -0.2232
vn 0.2010 0.9774 -0.0653
vn 0.9331 0.1936 -0.3032
vn 0.6869 0.6916 -0.2232
vn 0.2114 -0.9774 -0.0000
vn 0.9811 -0.1936 -0.0000
vn 0.7223 -0.6916 -0.0000
vn 0.2114 0.9774 -0.0000
vn 0.9811 0.1936 -0.0000
vn 0.7223 0.6916 -0.0000
vn 0.2010 -0.9774 0.0653
vn 0.9331 -0.1936 0.3032
vn 0.6869 -0.6916 0.2232
vn 0.2010 0.9774 0.0653
vn 0.9331 0.1936 0.3032
vn 0.6869 0.6916 0.2232
vn 0.1710 -0.9774 0.1242
vn 0.7937 -0.1936 0.5767
vn 0.5843 -0.6916 0.4245
vn 0.1710 0.9774 0.1242
vn 0.7937 0.1936 0.5767
vn 0.5843 0.6916 0.4245
vn 0.1242 -0.9774 0.1710
vn 0.5767 -0.1936 0.7937
vn 0.4245 -0.6916 0.5843
vn 0.1242 0.9774 0.1710
vn 0.5767 0.1936 0.7937
vn 0.4245 0.6916 0.5843
vn 0.0653 -0.9774 0.2010
vn 0.3032 -0.1936 0.9331
vn 0.2232 -0.6916 0.6869
vn 0.0653 0.9774 0.2010
vn 0.3032 0.1936 0.9331
vn 0.2232 0.6916 0.6869
vn -0.0000 -0.9774 0.2114
vn -0.0000 -0.1936 0.9811
vn -0.0000 -0.6916 0.7223
vn -0.0000 0.9774 0.2114
vn -0.0000 0.1936 0.9811
vn -0.0000 0.6916 0.7223
vn -0.0653 -0.9774 0.2010
vn -0.3032 -0.1936 0.9331
vn -0.2232 -0.6916 0.6869
vn -0.0653 0.9774 0.2010
vn -0.3032 0.1936 0.9331
vn -0.2232 0.6916 0.6869
vn -0.1242 -0.9774 0.1710
vn -0.5767 -0.1936 0.7937
vn -0.4245 -0.6916 0.5843
vn -0.1242 0.9774 0.1710
vn -0.5767 0.1936 0.7937
vn -0.4245 0.6916 0.5843
vn -0.1710 -0.9774 0.1242
vn -0.7937 -0.1936 0.5767
vn -0.5843 -0.6916 0.4245
vn -0.1710 0.9774 0.1242
vn -0.7937 0.1936 0.5767
vn -0.5843 0.6916 0.4245
vn -0.2010 -0.9774 0.0653
vn -0.9331 -0.1936 0.3032
vn -0.6869 -0.6916 0.2232
vn -0.2010 0.9774 0.0653
vn -0.9331 0.1936 0.3032
vn -0.6869 0.6916 0.2232
vn -0.2114 -0.9774 -0.0000
vn -0.9811 -0.1936 -0.0000
vn -0.7223 -0.6916 -0.0000
vn -0.2114 0.9774 -0.0000
vn -0.9811 0.1936 -0.0000
vn -0.7223 0.6916 -0.0000
vn -0.2010 -0.9774 -0.0653
vn -0.9331 -0.1936 -0.3032
vn -0.6869 -0.6916 -0.2232
vn -0.2010 0.9774 -0.0653
vn -0.9331 0.1936 -0.3032
vn -0.6869 0.6916 -0.2232
vn -0.1710 -0.9774 -0.1242
vn -0.7937 -0.1936 -0.5767
vn -0.5843 -0.6916 -0.4245
vn -0.1710 0.9774 -0.1242
vn -0.7937 0.1936 -0.5767
vn -0.5843 0.6916 -0.4245
vn -0.1242 -0.9774 -0.1710
vn -0.5767 -0.1936 -0.7937
vn -0.4245 -0.6916 -0.5843
vn -0.1242 0.9774 -0.1710
vn -0.5767 0.1936 -0.7937
vn -0.4245 0.6916 -0.5843
vn -0.0653 -0.9774 -0.2010
vn -0.3032 -0.1936 -0.9331
vn -0.2232 -0.6916 -0.6869
vn -0.0653 0.9774 -0.2010
vn -0.3032 0.1936 -0.9331
vn -0.2232 0.6916 -0.6869
vt 1.000000 0.513333
vt 0.950000 0.513333
vt 0.950000 0.500000
vt 0.998353 0.500000
vt 0.750000 0.489613
vt 0.824044 0.477885
vt 0.807478 0.426898
vt 0.750000 0.436002
vt 0.950000 0.986667
vt 1.000000 0.986667
vt 0.998353 1.000000
vt 0.950000 1.000000
vt 0.324044 0.477885
vt 0.250000 0.489613
vt 0.250000 0.436002
vt 0.307478 0.426898
vt 0.900000 0.513333
vt 0.900000 0.500000
vt 0.890841 0.443851
vt 0.859329 0.400479
vt 0.900000 0.986667
vt 0.900000 1.000000
vt 0.390841 0.443851
vt 0.359329 0.400479
vt 0.850000 0.513333
vt 0.850000 0.500000
vt 0.943851 0.390841
vt 0.900479 0.359329
vt 0.850000 0.986667
vt 0.850000 1.000000
vt 0.443851 0.390841
vt 0.400479 0.359329
vt 0.800000 0.513333
vt 0.800000 0.500000
vt 0.977885 0.324044
vt 0.926898 0.307478
vt 0.800000 0.986667
vt 0.800000 1.000000
vt 0.477885 0.324044
vt 0.426898 0.307478
vt 0.750000 0.513333
vt 0.750000 0.500000
vt 0.989613 0.250000
vt 0.936002 0.250000
vt 0.750000 0.986667
vt 0.750000 1.000000
vt 0.489613 0.250000
vt 0.436002 0.250000
vt 0.700000 0.513333
vt 0.700000 0.500000
vt 0.977885 0.175956
vt 0.926898 0.192522
vt 0.700000 0.986667
vt 0.700000 1.000000
vt 0.477885 0.175956
vt 0.426898 0.192522
vt 0.650000 0.513333
vt 0.650000 0.500000
vt 0.943851 0.109159
vt 0.900479 0.140671
vt 0.650000 0.986667
vt 0.650000 1.000000
vt 0.443851 0.109159
vt 0.400479 0.140671
vt 0.600000 0.513333
vt 0.600000 0.500000
vt 0.890841 0.056149
vt 0.859329 0.099521
vt 0.600000 0.986667
vt 0.600000 1.000000
vt 0.390841 0.056149
vt 0.359329 0.099521
vt 0.550000 0.513333
vt 0.550000 0.500000
vt 0.824044 0.022115
vt 0.807478 0.073102
vt 0.550000 0.986667
vt 0.550000 1.000000
vt 0.324044 0.022115
vt 0.307478 0.073102
vt 0.500000 0.513333
vt 0.500000 0.500000
vt 0.750000 0.010387
vt 0.750000 0.063998
vt 0.500000 0.986667
vt 0.500000 1.000000
vt 0.250000 0.010387
vt 0.250000 0.063998
vt 0.450000 0.513333
vt 0.450000 0.500000
vt 0.675956 0.022115
vt 0.692522 0.073102
vt 0.450000 0.986667
vt 0.450000 1.000000
vt 0.175956 0.022115
vt 0.192522 0.073102
vt 0.400000 0.513333
vt 0.400000 0.500000
vt 0.609159 0.056149
vt 0.640671 0.099521
vt 0.400000 0.986667
vt 0.400000 1.000000
vt 0.109159 0.056149
vt 0.140671 0.099521
vt 0.350000 0.513333
vt 0.350000 0.500000
vt 0.556149 0.109159
vt 0.599521 0.140671
vt 0.350000 0.986667
vt 0.350000 1.000000
vt 0.056149 0.109159
vt 0.099521 0.140671
vt 0.300000 0.513333
vt 0.300000 0.500000
vt 0.522115 0.175956
vt 0.573102 0.192522
vt 0.300000 0.986667
vt 0.300000 1.000000
vt 0.022115 0.175956
vt 0.073102 0.192522
vt 0.250000 0.513333
vt 0.250000 0.500000
vt 0.510387 0.250000
vt 0.563998 0.250000
vt 0.250000 0.986667
vt 0.250000 1.000000
vt 0.010387 0.250000
vt 0.063998 0.250000
vt 0.200000 0.513333
vt 0.200000 0.500000
vt 0.522115 0.324044
vt 0.573102 0.307478
vt 0.200000 0.986667
vt 0.200000 1.000000
vt 0.022115 0.324044
vt 0.073102 0.307478
vt 0.150000 0.513333
vt 0.150000 0.500000
vt 0.556149 0.390841
vt 0.599521 0.359329
vt 0.150000 0.986667
vt 0.150000 1.000000
vt 0.056149 0.390841
vt 0.099521 0.359329
vt 0.100000 0.513333
vt 0.100000 0.500000
vt 0.609159 0.443851
vt 0.640671 0.400479
vt 0.100000 0.986667
vt 0.100000 1.000000
vt 0.109159 0.443851
vt 0.140671 0.400479
vt 0.050000 0.513333
vt 0.050000 0.500000
vt 0.675956 0.477885
vt 0.692522 0.426898
vt 0.050000 0.986667
vt 0.050000 1.000000
vt 0.175956 0.477885
vt 0.192522 0.426898
vt -0.000000 0.513333
vt 0.001647 0.500000
vt -0.000000 0.986667
vt 0.001647 1.000000
s 1
usemtl Negro_enemigo.006
f 2940/3469/2946 2946/3470/2952 2947/3471/2953 2941/3472/2947
f 2941/3473/2947 2947/3474/2953 2945/3475/2951 2939/3476/2945
f 2949/3477/2955 2943/3478/2949 2944/3479/2950 2950/3480/2956
f 2950/3481/2956 2944/3482/2950 2942/3483/2948 2948/3484/2954
f 2946/3470/2952 2952/3485/2958 2953/3486/2959 2947/3471/2953
f 2947/3474/2953 2953/3487/2959 2951/3488/2957 2945/3475/2951
f 2955/3489/2961 2949/3477/2955 2950/3480/2956 2956/3490/2962
f 2956/3491/2962 2950/3481/2956 2948/3484/2954 2954/3492/2960
f 2952/3485/2958 2958/3493/2964 2959/3494/2965 2953/3486/2959
f 2953/3487/2959 2959/3495/2965 2957/3496/2963 2951/3488/2957
f 2961/3497/2967 2955/3489/2961 2956/3490/2962 2962/3498/2968
f 2962/3499/2968 2956/3491/2962 2954/3492/2960 2960/3500/2966
f 2958/3493/2964 2964/3501/2970 2965/3502/2971 2959/3494/2965
f 2959/3495/2965 2965/3503/2971 2963/3504/2969 2957/3496/2963
f 2967/3505/2973 2961/3497/2967 2962/3498/2968 2968/3506/2974
f 2968/3507/2974 2962/3499/2968 2960/3500/2966 2966/3508/2972
f 2964/3501/2970 2970/3509/2976 2971/3510/2977 2965/3502/2971
f 2965/3503/2971 2971/3511/2977 2969/3512/2975 2963/3504/2969
f 2973/3513/2979 2967/3505/2973 2968/3506/2974 2974/3514/2980
f 2974/3515/2980 2968/3507/2974 2966/3508/2972 2972/3516/2978
f 2970/3509/2976 2976/3517/2982 2977/3518/2983 2971/3510/2977
f 2971/3511/2977 2977/3519/2983 2975/3520/2981 2969/3512/2975
f 2979/3521/2985 2973/3513/2979 2974/3514/2980 2980/3522/2986
f 2980/3523/2986 2974/3515/2980 2972/3516/2978 2978/3524/2984
f 2976/3517/2982 2982/3525/2988 2983/3526/2989 2977/3518/2983
f 2977/3519/2983 2983/3527/2989 2981/3528/2987 2975/3520/2981
f 2985/3529/2991 2979/3521/2985 2980/3522/2986 2986/3530/2992
f 2986/3531/2992 2980/3523/2986 2978/3524/2984 2984/3532/2990
f 2982/3525/2988 2988/3533/2994 2989/3534/2995 2983/3526/2989
f 2983/3527/2989 2989/3535/2995 2987/3536/2993 2981/3528/2987
f 2991/3537/2997 2985/3529/2991 2986/3530/2992 2992/3538/2998
f 2992/3539/2998 2986/3531/2992 2984/3532/2990 2990/3540/2996
f 2988/3533/2994 2994/3541/3000 2995/3542/3001 2989/3534/2995
f 2989/3535/2995 2995/3543/3001 2993/3544/2999 2987/3536/2993
f 2997/3545/3003 2991/3537/2997 2992/3538/2998 2998/3546/3004
f 2998/3547/3004 2992/3539/2998 2990/3540/2996 2996/3548/3002
f 2994/3541/3000 3000/3549/3006 3001/3550/3007 2995/3542/3001
f 2995/3543/3001 3001/3551/3007 2999/3552/3005 2993/3544/2999
f 3003/3553/3009 2997/3545/3003 2998/3546/3004 3004/3554/3010
f 3004/3555/3010 2998/3547/3004 2996/3548/3002 3002/3556/3008
f 3000/3549/3006 3006/3557/3012 3007/3558/3013 3001/3550/3007
f 3001/3551/3007 3007/3559/3013 3005/3560/3011 2999/3552/3005
f 3009/3561/3015 3003/3553/3009 3004/3554/3010 3010/3562/3016
f 3010/3563/3016 3004/3555/3010 3002/3556/3008 3008/3564/3014
f 3006/3557/3012 3012/3565/3018 3013/3566/3019 3007/3558/3013
f 3007/3559/3013 3013/3567/3019 3011/3568/3017 3005/3560/3011
f 3015/3569/3021 3009/3561/3015 3010/3562/3016 3016/3570/3022
f 3016/3571/3022 3010/3563/3016 3008/3564/3014 3014/3572/3020
f 3012/3565/3018 3018/3573/3024 3019/3574/3025 3013/3566/3019
f 3013/3567/3019 3019/3575/3025 3017/3576/3023 3011/3568/3017
f 3021/3577/3027 3015/3569/3021 3016/3570/3022 3022/3578/3028
f 3022/3579/3028 3016/3571/3022 3014/3572/3020 3020/3580/3026
f 3018/3573/3024 3024/3581/3030 3025/3582/3031 3019/3574/3025
f 3019/3575/3025 3025/3583/3031 3023/3584/3029 3017/3576/3023
f 3027/3585/3033 3021/3577/3027 3022/3578/3028 3028/3586/3034
f 3028/3587/3034 3022/3579/3028 3020/3580/3026 3026/3588/3032
f 3024/3581/3030 3030/3589/3036 3031/3590/3037 3025/3582/3031
f 3025/3583/3031 3031/3591/3037 3029/3592/3035 3023/3584/3029
f 3033/3593/3039 3027/3585/3033 3028/3586/3034 3034/3594/3040
f 3034/3595/3040 3028/3587/3034 3026/3588/3032 3032/3596/3038
f 3030/3589/3036 3036/3597/3042 3037/3598/3043 3031/3590/3037
f 3031/3591/3037 3037/3599/3043 3035/3600/3041 3029/3592/3035
f 3039/3601/3045 3033/3593/3039 3034/3594/3040 3040/3602/3046
f 3040/3603/3046 3034/3595/3040 3032/3596/3038 3038/3604/3044
f 3036/3597/3042 3042/3605/3048 3043/3606/3049 3037/3598/3043
f 3037/3599/3043 3043/3607/3049 3041/3608/3047 3035/3600/3041
f 3045/3609/3051 3039/3601/3045 3040/3602/3046 3046/3610/3052
f 3046/3611/3052 3040/3603/3046 3038/3604/3044 3044/3612/3050
f 3042/3605/3048 3048/3613/3054 3049/3614/3055 3043/3606/3049
f 3043/3607/3049 3049/3615/3055 3047/3616/3053 3041/3608/3047
f 3051/3617/3057 3045/3609/3051 3046/3610/3052 3052/3618/3058
f 3052/3619/3058 3046/3611/3052 3044/3612/3050 3050/3620/3056
f 3048/3613/3054 3054/3621/3060 3055/3622/3061 3049/3614/3055
f 3049/3615/3055 3055/3623/3061 3053/3624/3059 3047/3616/3053
f 3057/3625/3063 3051/3617/3057 3052/3618/3058 3058/3626/3064
f 3058/3627/3064 3052/3619/3058 3050/3620/3056 3056/3628/3062
f 3054/3621/3060 2940/3629/2946 2941/3630/2947 3055/3622/3061
f 3055/3623/3061 2941/3473/2947 2939/3476/2945 3053/3624/3059
f 2943/3631/2949 3057/3625/3063 3058/3626/3064 2944/3632/2950
f 2944/3482/2950 3058/3627/3064 3056/3628/3062 2942/3483/2948
f 2939/3476/2945 2945/3475/2951 2951/3488/2957 2957/3496/2963 2963/3504/2969 2969/3512/2975 2975/3520/2981 2981/3528/2987 2987/3536/2993 2993/3544/2999 2999/3552/3005 3005/3560/3011 3011/3568/3017 3017/3576/3023 3023/3584/3029 3029/3592/3035 3035/3600/3041 3041/3608/3047 3047/3616/3053 3053/3624/3059
f 2940/3469/2946 2943/3478/2949 2949/3477/2955 2946/3470/2952
f 3054/3621/3060 3057/3625/3063 2943/3631/2949 2940/3629/2946
f 2948/3484/2954 2942/3483/2948 3056/3628/3062 3050/3620/3056 3044/3612/3050 3038/3604/3044 3032/3596/3038 3026/3588/3032 3020/3580/3026 3014/3572/3020 3008/3564/3014 3002/3556/3008 2996/3548/3002 2990/3540/2996 2984/3532/2990 2978/3524/2984 2972/3516/2978 2966/3508/2972 2960/3500/2966 2954/3492/2960
f 2946/3470/2952 2949/3477/2955 2955/3489/2961 2952/3485/2958
f 2952/3485/2958 2955/3489/2961 2961/3497/2967 2958/3493/2964
f 2958/3493/2964 2961/3497/2967 2967/3505/2973 2964/3501/2970
f 2964/3501/2970 2967/3505/2973 2973/3513/2979 2970/3509/2976
f 2970/3509/2976 2973/3513/2979 2979/3521/2985 2976/3517/2982
f 2976/3517/2982 2979/3521/2985 2985/3529/2991 2982/3525/2988
f 2982/3525/2988 2985/3529/2991 2991/3537/2997 2988/3533/2994
f 2988/3533/2994 2991/3537/2997 2997/3545/3003 2994/3541/3000
f 2994/3541/3000 2997/3545/3003 3003/3553/3009 3000/3549/3006
f 3000/3549/3006 3003/3553/3009 3009/3561/3015 3006/3557/3012
f 3006/3557/3012 3009/3561/3015 3015/3569/3021 3012/3565/3018
f 3012/3565/3018 3015/3569/3021 3021/3577/3027 3018/3573/3024
f 3018/3573/3024 3021/3577/3027 3027/3585/3033 3024/3581/3030
f 3024/3581/3030 3027/3585/3033 3033/3593/3039 3030/3589/3036
f 3030/3589/3036 3033/3593/3039 3039/3601/3045 3036/3597/3042
f 3036/3597/3042 3039/3601/3045 3045/3609/3051 3042/3605/3048
f 3042/3605/3048 3045/3609/3051 3051/3617/3057 3048/3613/3054
f 3048/3613/3054 3051/3617/3057 3057/3625/3063 3054/3621/3060
o Pie_izquierdo
v -0.380000 0.500000 0.200000
v -0.380000 0.462923 -0.122231
v -0.380000 0.402225 -0.282252
v -0.380000 0.322920 -0.368855
v -0.380000 0.280000 -0.380000
v -0.380000 0.237080 -0.368855
v -0.380000 0.157775 -0.282252
v -0.380000 0.060000 0.200000
v -0.367060 0.495773 0.089022
v -0.354616 0.483253 -0.017692
v -0.343149 0.462923 -0.116039
v -0.333097 0.435564 -0.202242
v -0.324848 0.402225 -0.272986
v -0.318718 0.364190 -0.325554
v -0.314944 0.322920 -0.357925
v -0.313669 0.280000 -0.368855
v -0.314944 0.237080 -0.357925
v -0.318718 0.195810 -0.325554
v -0.324848 0.157775 -0.272986
v -0.333097 0.124437 -0.202242
v -0.343149 0.097077 -0.116039
v -0.354616 0.076747 -0.017692
v -0.367060 0.064227 0.089022
v -0.354616 0.495773 0.095461
v -0.330208 0.483253 -0.005061
v -0.307713 0.462923 -0.097702
v -0.287997 0.435564 -0.178903
v -0.271816 0.402225 -0.245543
v -0.259792 0.364190 -0.295061
v -0.252388 0.322920 -0.325554
v -0.249888 0.280000 -0.335850
v -0.252388 0.237080 -0.325554
v -0.259792 0.195810 -0.295061
v -0.271816 0.157775 -0.245543
v -0.287997 0.124437 -0.178903
v -0.307713 0.097077 -0.097702
v -0.330208 0.076747 -0.005061
v -0.354616 0.064227 0.095461
v -0.343149 0.495773 0.105917
v -0.307713 0.483253 0.015450
v -0.275056 0.462923 -0.067925
v -0.246432 0.435564 -0.141004
v -0.222941 0.402225 -0.200978
v -0.205485 0.364190 -0.245543
v -0.194736 0.322920 -0.272986
v -0.191106 0.280000 -0.282252
v -0.194736 0.237080 -0.272986
v -0.205485 0.195810 -0.245543
v -0.222941 0.157775 -0.200978
v -0.246432 0.124437 -0.141004
v -0.275056 0.097077 -0.067925
v -0.307713 0.076747 0.015450
v -0.343149 0.064227 0.105917
v -0.333097 0.495773 0.119989
v -0.287997 0.483253 0.043053
v -0.246432 0.462923 -0.027851
v -0.210000 0.435564 -0.090000
v -0.180101 0.402225 -0.141004
v -0.157884 0.364190 -0.178903
v -0.144203 0.322920 -0.202241
v -0.139584 0.280000 -0.210122
v -0.144203 0.237080 -0.202241
v -0.157884 0.195810 -0.178903
v -0.180101 0.157775 -0.141004
v -0.210000 0.124437 -0.090000
v -0.246432 0.097077 -0.027851
v -0.287997 0.076747 0.043053
v -0.333097 0.064227 0.119989
v -0.324848 0.495773 0.137136
v -0.271816 0.483253 0.076688
v -0.222940 0.462923 0.020978
v -0.180101 0.435564 -0.027852
v -0.144944 0.402225 -0.067925
v -0.118820 0.364190 -0.097702
v -0.102732 0.322920 -0.116039
v -0.097300 0.280000 -0.122231
v -0.102732 0.237080 -0.116039
v -0.118820 0.195810 -0.097702
v -0.144944 0.157775 -0.067925
v -0.180101 0.124437 -0.027852
v -0.222940 0.097077 0.020978
v -0.271816 0.076747 0.076688
v -0.324848 0.064227 0.137136
v -0.318718 0.495773 0.156698
v -0.259792 0.483253 0.115061
v -0.205485 0.462923 0.076688
v -0.157884 0.435564 0.043053
v -0.118820 0.402225 0.015450
v -0.089792 0.364190 -0.005061
v -0.071917 0.322920 -0.017691
v -0.065881 0.280000 -0.021956
v -0.071917 0.237080 -0.017691
v -0.089792 0.195810 -0.005061
v -0.118820 0.157775 0.015450
v -0.157884 0.124437 0.043053
v -0.205485 0.097077 0.076688
v -0.259792 0.076747 0.115061
v -0.318718 0.064227 0.156698
v -0.314944 0.495773 0.177925
v -0.252388 0.483253 0.156698
v -0.194736 0.462923 0.137136
v -0.144203 0.435564 0.119989
v -0.102732 0.402225 0.105917
v -0.071917 0.364190 0.095461
v -0.052941 0.322920 0.089022
v -0.046533 0.280000 0.086848
v -0.052941 0.237080 0.089022
v -0.071917 0.195810 0.095461
v -0.102732 0.157775 0.105917
v -0.144203 0.124437 0.119989
v -0.194736 0.097077 0.137136
v -0.252388 0.076747 0.156698
v -0.314944 0.064227 0.177925
v -0.313669 0.495773 0.200000
v -0.249888 0.483253 0.200000
v -0.191106 0.462923 0.200000
v -0.139584 0.435564 0.200000
v -0.097300 0.402225 0.200000
v -0.065881 0.364190 0.200000
v -0.046533 0.322920 0.200000
v -0.040000 0.280000 0.200000
v -0.046533 0.237080 0.200000
v -0.065881 0.195810 0.200000
v -0.097300 0.157775 0.200000
v -0.139584 0.124437 0.200000
v -0.191106 0.097077 0.200000
v -0.249888 0.076747 0.200000
v -0.313669 0.064227 0.200000
v -0.314944 0.495773 0.222075
v -0.252388 0.483253 0.243302
v -0.194736 0.462923 0.262864
v -0.144203 0.435564 0.280011
v -0.102732 0.402225 0.294083
v -0.071917 0.364190 0.304539
v -0.052941 0.322920 0.310978
v -0.046533 0.280000 0.313152
v -0.052941 0.237080 0.310978
v -0.071917 0.195810 0.304539
v -0.102732 0.157775 0.294083
v -0.144203 0.124437 0.280011
v -0.194736 0.097077 0.262864
v -0.252388 0.076747 0.243302
v -0.314944 0.064227 0.222075
v -0.318718 0.495773 0.243302
v -0.259792 0.483253 0.284939
v -0.205485 0.462923 0.323312
v -0.157884 0.435564 0.356947
v -0.118820 0.402225 0.384550
v -0.089792 0.364190 0.405061
v -0.071917 0.322920 0.417692
v -0.065881 0.280000 0.421956
v -0.071917 0.237080 0.417692
v -0.089792 0.195810 0.405061
v -0.118820 0.157775 0.384550
v -0.157884 0.124437 0.356947
v -0.205485 0.097077 0.323312
v -0.259792 0.076747 0.284939
v -0.318718 0.064227 0.243302
v -0.324848 0.495773 0.262864
v -0.271816 0.483253 0.323312
v -0.222941 0.462923 0.379022
v -0.180101 0.435564 0.427851
v -0.144944 0.402225 0.467925
v -0.118820 0.364190 0.497702
v -0.102732 0.322920 0.516039
v -0.097300 0.280000 0.522231
v -0.102732 0.237080 0.516039
v -0.118820 0.195810 0.497702
v -0.144944 0.157775 0.467925
v -0.180101 0.124437 0.427851
v -0.222941 0.097077 0.379022
v -0.271816 0.076747 0.323312
v -0.324848 0.064227 0.262864
v -0.333097 0.495773 0.280011
v -0.287997 0.483253 0.356947
v -0.246432 0.462923 0.427851
v -0.210000 0.435564 0.490000
v -0.180101 0.402225 0.541004
v -0.157884 0.364190 0.578903
v -0.144203 0.322920 0.602242
v -0.139584 0.280000 0.610122
v -0.144203 0.237080 0.602242
v -0.157884 0.195810 0.578903
v -0.180101 0.157775 0.541004
v -0.210000 0.124437 0.490000
v -0.246432 0.097077 0.427851
v -0.287997 0.076747 0.356947
v -0.333097 0.064227 0.280011
v -0.343149 0.495773 0.294083
v -0.307713 0.483253 0.384550
v -0.275056 0.462923 0.467925
v -0.246432 0.435564 0.541004
v -0.222941 0.402225 0.600978
v -0.205485 0.364190 0.645543
v -0.194736 0.322920 0.672986
v -0.191106 0.280000 0.682252
v -0.194736 0.237080 0.672986
v -0.205485 0.195810 0.645543
v -0.222941 0.157775 0.600978
v -0.246432 0.124437 0.541004
v -0.275056 0.097077 0.467925
v -0.307713 0.076747 0.384550
v -0.343149 0.064227 0.294083
v -0.354616 0.495773 0.304539
v -0.330208 0.483253 0.405061
v -0.307714 0.462923 0.497702
v -0.287997 0.435564 0.578903
v -0.271816 0.402225 0.645543
v -0.259792 0.364190 0.695061
v -0.252388 0.322920 0.725554
v -0.249888 0.280000 0.735850
v -0.252388 0.237080 0.725554
v -0.259792 0.195810 0.695061
v -0.271816 0.157775 0.645543
v -0.287997 0.124437 0.578903
v -0.307714 0.097077 0.497702
v -0.330208 0.076747 0.405061
v -0.354616 0.064227 0.304539
v -0.367060 0.495773 0.310978
v -0.354616 0.483253 0.417691
v -0.343149 0.462923 0.516039
v -0.333097 0.435564 0.602242
v -0.324848 0.402225 0.672986
v -0.318718 0.364190 0.725554
v -0.314944 0.322920 0.757925
v -0.313669 0.280000 0.768855
v -0.314944 0.237080 0.757925
v -0.318718 0.195810 0.725554
v -0.324848 0.157775 0.672986
v -0.333097 0.124437 0.602242
v -0.343149 0.097077 0.516039
v -0.354616 0.076747 0.417691
v -0.367060 0.064227 0.310978
v -0.380000 0.495773 0.313152
v -0.380000 0.483253 0.421956
v -0.380000 0.462923 0.522231
v -0.380000 0.435564 0.610122
v -0.380000 0.402225 0.682252
v -0.380000 0.364190 0.735850
v -0.380000 0.322920 0.768855
v -0.380000 0.280000 0.780000
v -0.380000 0.237080 0.768855
v -0.380000 0.195810 0.735850
v -0.380000 0.157775 0.682252
v -0.380000 0.124437 0.610122
v -0.380000 0.097077 0.522231
v -0.380000 0.076747 0.421956
v -0.380000 0.064227 0.313152
v -0.392940 0.495773 0.310978
v -0.405384 0.483253 0.417691
v -0.416851 0.462923 0.516039
v -0.426903 0.435564 0.602241
v -0.435152 0.402225 0.672986
v -0.441282 0.364190 0.725554
v -0.445056 0.322920 0.757925
v -0.446331 0.280000 0.768855
v -0.445056 0.237080 0.757925
v -0.441282 0.195810 0.725554
v -0.435152 0.157775 0.672986
v -0.426903 0.124437 0.602241
v -0.416851 0.097077 0.516039
v -0.405384 0.076747 0.417691
v -0.392940 0.064227 0.310978
v -0.405384 0.495773 0.304539
v -0.429792 0.483253 0.405061
v -0.452287 0.462923 0.497702
v -0.472003 0.435564 0.578903
v -0.488184 0.402225 0.645543
v -0.500208 0.364190 0.695061
v -0.507612 0.322920 0.725554
v -0.510112 0.280000 0.735850
v -0.507612 0.237080 0.725554
v -0.500208 0.195810 0.695061
v -0.488184 0.157775 0.645543
v -0.472003 0.124437 0.578903
v -0.452287 0.097077 0.497702
v -0.429792 0.076747 0.405061
v -0.405384 0.064227 0.304539
v -0.416851 0.495773 0.294083
v -0.452287 0.483253 0.384550
v -0.484944 0.462923 0.467925
v -0.513568 0.435564 0.541004
v -0.537059 0.402225 0.600978
v -0.554515 0.364190 0.645543
v -0.565264 0.322920 0.672986
v -0.568894 0.280000 0.682252
v -0.565264 0.237080 0.672986
v -0.554515 0.195810 0.645543
v -0.537059 0.157775 0.600978
v -0.513568 0.124437 0.541004
v -0.484944 0.097077 0.467925
v -0.452287 0.076747 0.384550
v -0.416851 0.064227 0.294083
v -0.426903 0.495773 0.280011
v -0.472003 0.483253 0.356947
v -0.513568 0.462923 0.427851
v -0.550000 0.435564 0.490000
v -0.579899 0.402225 0.541004
v -0.602116 0.364190 0.578903
v -0.615797 0.322920 0.602241
v -0.620416 0.280000 0.610121
v -0.615797 0.237080 0.602241
v -0.602116 0.195810 0.578903
v -0.579899 0.157775 0.541004
v -0.550000 0.124437 0.490000
v -0.513568 0.097077 0.427851
v -0.472003 0.076747 0.356947
v -0.426903 0.064227 0.280011
v -0.435152 0.495773 0.262864
v -0.488184 0.483253 0.323312
v -0.537059 0.462923 0.379022
v -0.579899 0.435564 0.427851
v -0.615056 0.402225 0.467925
v -0.641180 0.364190 0.497702
v -0.657268 0.322920 0.516039
v -0.662699 0.280000 0.522230
v -0.657268 0.237080 0.516039
v -0.641180 0.195810 0.497702
v -0.615056 0.157775 0.467925
v -0.579899 0.124437 0.427851
v -0.537059 0.097077 0.379022
v -0.488184 0.076747 0.323312
v -0.435152 0.064227 0.262864
v -0.441282 0.495773 0.243301
v -0.500208 0.483253 0.284939
v -0.554515 0.462923 0.323312
v -0.602116 0.435564 0.356947
v -0.641180 0.402225 0.384550
v -0.670208 0.364190 0.405061
v -0.688083 0.322920 0.417691
v -0.694119 0.280000 0.421956
v -0.688083 0.237080 0.417691
v -0.670208 0.195810 0.405061
v -0.641180 0.157775 0.384550
v -0.602116 0.124437 0.356947
v -0.554515 0.097077 0.323312
v -0.500208 0.076747 0.284939
v -0.441282 0.064227 0.243301
v -0.445056 0.495773 0.222075
v -0.507612 0.483253 0.243301
v -0.565264 0.462923 0.262864
v -0.615797 0.435564 0.280011
v -0.657268 0.402225 0.294083
v -0.688083 0.364190 0.304539
v -0.707059 0.322920 0.310978
v -0.713467 0.280000 0.313152
v -0.707059 0.237080 0.310978
v -0.688083 0.195810 0.304539
v -0.657268 0.157775 0.294083
v -0.615797 0.124437 0.280011
v -0.565264 0.097077 0.262864
v -0.507612 0.076747 0.243301
v -0.445056 0.064227 0.222075
v -0.446331 0.495773 0.200000
v -0.510112 0.483253 0.200000
v -0.568894 0.462923 0.200000
v -0.620416 0.435564 0.200000
v -0.662700 0.402225 0.200000
v -0.694119 0.364190 0.200000
v -0.713467 0.322920 0.200000
v -0.720000 0.280000 0.200000
v -0.713467 0.237080 0.200000
v -0.694119 0.195810 0.200000
v -0.662700 0.157775 0.200000
v -0.620416 0.124437 0.200000
v -0.568894 0.097077 0.200000
v -0.510112 0.076747 0.200000
v -0.446331 0.064227 0.200000
v -0.445056 0.495773 0.177925
v -0.507612 0.483253 0.156698
v -0.565264 0.462923 0.137136
v -0.615797 0.435564 0.119989
v -0.657267 0.402225 0.105917
v -0.688083 0.364190 0.095461
v -0.707059 0.322920 0.089022
v -0.713467 0.280000 0.086847
v -0.707059 0.237080 0.089022
v -0.688083 0.195810 0.095461
v -0.657267 0.157775 0.105917
v -0.615797 0.124437 0.119989
v -0.565264 0.097077 0.137136
v -0.507612 0.076747 0.156698
v -0.445056 0.064227 0.177925
v -0.441282 0.495773 0.156698
v -0.500208 0.483253 0.115061
v -0.554515 0.462923 0.076688
v -0.602116 0.435564 0.043053
v -0.641180 0.402225 0.015450
v -0.670208 0.364190 -0.005061
v -0.688083 0.322920 -0.017692
v -0.694119 0.280000 -0.021956
v -0.688083 0.237080 -0.017692
v -0.670208 0.195810 -0.005061
v -0.641180 0.157775 0.015450
v -0.602116 0.124437 0.043053
v -0.554515 0.097077 0.076688
v -0.500208 0.076747 0.115061
v -0.441282 0.064227 0.156698
v -0.435152 0.495773 0.137136
v -0.488184 0.483253 0.076688
v -0.537059 0.462923 0.020978
v -0.579899 0.435564 -0.027851
v -0.615056 0.402225 -0.067925
v -0.641180 0.364190 -0.097702
v -0.657267 0.322920 -0.116039
v -0.662699 0.280000 -0.122231
v -0.657267 0.237080 -0.116039
v -0.641180 0.195810 -0.097702
v -0.615056 0.157775 -0.067925
v -0.579899 0.124437 -0.027851
v -0.537059 0.097077 0.020978
v -0.488184 0.076747 0.076688
v -0.435152 0.064227 0.137136
v -0.426903 0.495773 0.119989
v -0.472003 0.483253 0.043053
v -0.513568 0.462923 -0.027851
v -0.550000 0.435564 -0.090000
v -0.579899 0.402225 -0.141004
v -0.602116 0.364190 -0.178903
v -0.615797 0.322920 -0.202241
v -0.620416 0.280000 -0.210122
v -0.615797 0.237080 -0.202241
v -0.602116 0.195810 -0.178903
v -0.579899 0.157775 -0.141004
v -0.550000 0.124437 -0.090000
v -0.513568 0.097077 -0.027851
v -0.472003 0.076747 0.043053
v -0.426903 0.064227 0.119989
v -0.416851 0.495773 0.105917
v -0.452287 0.483253 0.015450
v -0.484944 0.462923 -0.067925
v -0.513568 0.435564 -0.141004
v -0.537059 0.402225 -0.200978
v -0.554515 0.364190 -0.245543
v -0.565264 0.322920 -0.272986
v -0.568894 0.280000 -0.282252
v -0.565264 0.237080 -0.272986
v -0.554515 0.195810 -0.245543
v -0.537059 0.157775 -0.200978
v -0.513568 0.124437 -0.141004
v -0.484944 0.097077 -0.067925
v -0.452287 0.076747 0.015450
v -0.416851 0.064227 0.105917
v -0.405384 0.495773 0.095461
v -0.429792 0.483253 -0.005061
v -0.452286 0.462923 -0.097702
v -0.472003 0.435564 -0.178903
v -0.488184 0.402225 -0.245543
v -0.500208 0.364190 -0.295061
v -0.507612 0.322920 -0.325554
v -0.510112 0.280000 -0.335850
v -0.507612 0.237080 -0.325554
v -0.500208 0.195810 -0.295061
v -0.488184 0.157775 -0.245543
v -0.472003 0.124437 -0.178903
v -0.452286 0.097077 -0.097702
v -0.429792 0.076747 -0.005061
v -0.405384 0.064227 0.095461
v -0.392940 0.495773 0.089022
v -0.405384 0.483253 -0.017691
v -0.416851 0.462923 -0.116039
v -0.426903 0.435564 -0.202241
v -0.435152 0.402225 -0.272986
v -0.441282 0.364190 -0.325554
v -0.445056 0.322920 -0.357925
v -0.446330 0.280000 -0.368855
v -0.445056 0.237080 -0.357925
v -0.441282 0.195810 -0.325554
v -0.435152 0.157775 -0.272986
v -0.426903 0.124437 -0.202241
v -0.416851 0.097077 -0.116039
v -0.405384 0.076747 -0.017691
v -0.392940 0.064227 0.089022
v -0.380000 0.495773 0.086848
v -0.380000 0.483253 -0.021956
v -0.380000 0.435564 -0.210122
v -0.380000 0.364190 -0.335850
v -0.380000 0.195810 -0.335850
v -0.380000 0.124437 -0.210122
v -0.380000 0.097077 -0.122230
v -0.380000 0.076747 -0.021956
v -0.380000 0.064227 0.086848
vn -0.0000 1.0000 -0.0000
vn -0.0000 0.9674 -0.2533
vn -0.0000 0.8611 -0.5085
vn -0.0000 0.4392 -0.8984
vn -0.0000 -0.0000 -1.0000
vn -0.0000 -0.4392 -0.8984
vn -0.0000 -0.8611 -0.5085
vn -0.0000 -1.0000 -0.0000
vn 0.0273 0.9966 -0.0780
vn 0.0543 0.9860 -0.1574
vn 0.0848 0.9652 -0.2474
vn 0.1215 0.9266 -0.3558
vn 0.1675 0.8536 -0.4933
vn 0.2249 0.7089 -0.6685
vn 0.2841 0.4294 -0.8573
vn 0.3119 -0.0000 -0.9501
vn 0.2841 -0.4294 -0.8573
vn 0.2249 -0.7089 -0.6685
vn 0.1675 -0.8536 -0.4933
vn 0.1215 -0.9266 -0.3558
vn 0.0848 -0.9652 -0.2474
vn 0.0543 -0.9860 -0.1574
vn 0.0273 -0.9966 -0.0780
vn 0.0529 0.9960 -0.0726
vn 0.1055 0.9835 -0.1469
vn 0.1644 0.9591 -0.2304
vn 0.2340 0.9148 -0.3293
vn 0.3190 0.8334 -0.4513
vn 0.4205 0.6804 -0.6002
vn 0.5203 0.4042 -0.7523
vn 0.5658 -0.0000 -0.8245
vn 0.5203 -0.4042 -0.7523
vn 0.4205 -0.6804 -0.6002
vn 0.3190 -0.8334 -0.4513
vn 0.2340 -0.9148 -0.3293
vn 0.1644 -0.9591 -0.2304
vn 0.1055 -0.9835 -0.1469
vn 0.0529 -0.9960 -0.0726
vn 0.0757 0.9950 -0.0644
vn 0.1514 0.9798 -0.1308
vn 0.2350 0.9503 -0.2043
vn 0.3315 0.8979 -0.2894
vn 0.4450 0.8058 -0.3906
vn 0.5733 0.6435 -0.5072
vn 0.6916 0.3730 -0.6185
vn 0.7434 -0.0000 -0.6688
vn 0.6916 -0.3730 -0.6185
vn 0.5733 -0.6435 -0.5072
vn 0.4450 -0.8058 -0.3906
vn 0.3315 -0.8979 -0.2894
vn 0.2350 -0.9503 -0.2043
vn 0.1514 -0.9798 -0.1308
vn 0.0757 -0.9950 -0.0644
vn 0.0951 0.9940 -0.0540
vn 0.1904 0.9755 -0.1100
vn 0.2944 0.9403 -0.1711
vn 0.4112 0.8794 -0.2400
vn 0.5432 0.7767 -0.3188
vn 0.6844 0.6066 -0.4046
vn 0.8066 0.3434 -0.4811
vn 0.8578 -0.0000 -0.5139
vn 0.8066 -0.3434 -0.4811
vn 0.6844 -0.6066 -0.4046
vn 0.5432 -0.7767 -0.3188
vn 0.4112 -0.8794 -0.2400
vn 0.2944 -0.9403 -0.1711
vn 0.1904 -0.9755 -0.1100
vn 0.0951 -0.9940 -0.0540
vn 0.1105 0.9930 -0.0420
vn 0.2217 0.9714 -0.0855
vn 0.3411 0.9306 -0.1325
vn 0.4722 0.8620 -0.1843
vn 0.6152 0.7505 -0.2414
vn 0.7608 0.5751 -0.3006
vn 0.8804 0.3195 -0.3504
vn 0.9287 -0.0000 -0.3709
vn 0.8804 -0.3195 -0.3504
vn 0.7608 -0.5751 -0.3006
vn 0.6152 -0.7505 -0.2414
vn 0.4722 -0.8620 -0.1843
vn 0.3411 -0.9306 -0.1325
vn 0.2217 -0.9714 -0.0855
vn 0.1105 -0.9930 -0.0420
vn 0.1217 0.9922 -0.0286
vn 0.2444 0.9679 -0.0584
vn 0.3747 0.9228 -0.0902
vn 0.5150 0.8481 -0.1247
vn 0.6638 0.7302 -0.1616
vn 0.8100 0.5518 -0.1984
vn 0.9255 0.3024 -0.2281
vn 0.9708 -0.0000 -0.2400
vn 0.9255 -0.3024 -0.2281
vn 0.8100 -0.5518 -0.1984
vn 0.6638 -0.7302 -0.1616
vn 0.5150 -0.8481 -0.1247
vn 0.3747 -0.9228 -0.0902
vn 0.2444 -0.9679 -0.0584
vn 0.1217 -0.9922 -0.0286
vn 0.1285 0.9916 -0.0145
vn 0.2581 0.9657 -0.0296
vn 0.3948 0.9176 -0.0457
vn 0.5402 0.8392 -0.0628
vn 0.6919 0.7175 -0.0809
vn 0.8374 0.5376 -0.0985
vn 0.9497 0.2923 -0.1124
vn 0.9930 -0.0000 -0.1178
vn 0.9497 -0.2923 -0.1124
vn 0.8374 -0.5376 -0.0985
vn 0.6919 -0.7175 -0.0809
vn 0.5402 -0.8392 -0.0628
vn 0.3948 -0.9176 -0.0457
vn 0.2581 -0.9657 -0.0296
vn 0.1285 -0.9916 -0.0145
vn 0.1307 0.9914 -0.0000
vn 0.2627 0.9649 -0.0000
vn 0.4015 0.9159 -0.0000
vn 0.5486 0.8361 -0.0000
vn 0.7010 0.7132 -0.0000
vn 0.8462 0.5328 -0.0000
vn 0.9573 0.2890 -0.0000
vn 1.0000 -0.0000 -0.0000
vn 0.9573 -0.2890 -0.0000
vn 0.8462 -0.5328 -0.0000
vn 0.7010 -0.7132 -0.0000
vn 0.5486 -0.8361 -0.0000
vn 0.4015 -0.9159 -0.0000
vn 0.2627 -0.9649 -0.0000
vn 0.1307 -0.9914 -0.0000
vn 0.1285 0.9916 0.0145
vn 0.2581 0.9657 0.0296
vn 0.3948 0.9176 0.0457
vn 0.5402 0.8392 0.0628
vn 0.6919 0.7175 0.0809
vn 0.8374 0.5376 0.0985
vn 0.9497 0.2923 0.1124
vn 0.9930 -0.0000 0.1178
vn 0.9497 -0.2923 0.1124
vn 0.8374 -0.5376 0.0985
vn 0.6919 -0.7175 0.0809
vn 0.5402 -0.8392 0.0628
vn 0.3948 -0.9176 0.0457
vn 0.2581 -0.9657 0.0296
vn 0.1285 -0.9916 0.0145
vn 0.1217 0.9922 0.0286
vn 0.2444 0.9679 0.0584
vn 0.3747 0.9228 0.0902
vn 0.5150 0.8481 0.1247
vn 0.6638 0.7302 0.1616
vn 0.8100 0.5518 0.1984
vn 0.9255 0.3024 0.2281
vn 0.9708 -0.0000 0.2400
vn 0.9255 -0.3024 0.2281
vn 0.8100 -0.5518 0.1984
vn 0.6638 -0.7302 0.1616
vn 0.5150 -0.8481 0.1247
vn 0.3747 -0.9228 0.0902
vn 0.2444 -0.9679 0.0584
vn 0.1217 -0.9922 0.0286
vn 0.1105 0.9930 0.0420
vn 0.2217 0.9714 0.0855
vn 0.3411 0.9306 0.1325
vn 0.4722 0.8620 0.1843
vn 0.6152 0.7505 0.2414
vn 0.7608 0.5751 0.3006
vn 0.8804 0.3195 0.3504
vn 0.9287 -0.0000 0.3709
vn 0.8804 -0.3195 0.3504
vn 0.7608 -0.5751 0.3006
vn 0.6152 -0.7505 0.2414
vn 0.4722 -0.8620 0.1843
vn 0.3411 -0.9306 0.1325
vn 0.2217 -0.9714 0.0855
vn 0.1105 -0.9930 0.0420
vn 0.0951 0.9940 0.0540
vn 0.1904 0.9755 0.1100
vn 0.2944 0.9403 0.1711
vn 0.4112 0.8794 0.2400
vn 0.5432 0.7767 0.3188
vn 0.6844 0.6066 0.4046
vn 0.8066 0.3434 0.4811
vn 0.8578 -0.0000 0.5139
vn 0.8066 -0.3434 0.4811
vn 0.6844 -0.6066 0.4046
vn 0.5432 -0.7767 0.3188
vn 0.4112 -0.8794 0.2400
vn 0.2944 -0.9403 0.1711
vn 0.1904 -0.9755 0.1100
vn 0.0951 -0.9940 0.0540
vn 0.0757 0.9950 0.0644
vn 0.1514 0.9798 0.1308
vn 0.2350 0.9503 0.2043
vn 0.3315 0.8979 0.2894
vn 0.4450 0.8058 0.3906
vn 0.5733 0.6435 0.5072
vn 0.6916 0.3730 0.6185
vn 0.7434 -0.0000 0.6688
vn 0.6916 -0.3730 0.6185
vn 0.5733 -0.6435 0.5072
vn 0.4450 -0.8058 0.3906
vn 0.3315 -0.8979 0.2894
vn 0.2350 -0.9503 0.2043
vn 0.1514 -0.9798 0.1308
vn 0.0757 -0.9950 0.0644
vn 0.0529 0.9960 0.0726
vn 0.1055 0.9835 0.1469
vn 0.1644 0.9591 0.2304
vn 0.2340 0.9148 0.3293
vn 0.3190 0.8334 0.4513
vn 0.4205 0.6804 0.6002
vn 0.5203 0.4042 0.7523
vn 0.5658 -0.0000 0.8245
vn 0.5203 -0.4042 0.7523
vn 0.4205 -0.6804 0.6002
vn 0.3190 -0.8334 0.4513
vn 0.2340 -0.9148 0.3293
vn 0.1644 -0.9591 0.2304
vn 0.1055 -0.9835 0.1469
vn 0.0529 -0.9960 0.0726
vn 0.0273 0.9966 0.0780
vn 0.0543 0.9860 0.1574
vn 0.0848 0.9652 0.2474
vn 0.1215 0.9266 0.3558
vn 0.1675 0.8536 0.4933
vn 0.2249 0.7089 0.6685
vn 0.2841 0.4294 0.8573
vn 0.3119 -0.0000 0.9501
vn 0.2841 -0.4294 0.8573
vn 0.2249 -0.7089 0.6685
vn 0.1675 -0.8536 0.4933
vn 0.1215 -0.9266 0.3558
vn 0.0848 -0.9652 0.2474
vn 0.0543 -0.9860 0.1574
vn 0.0273 -0.9966 0.0780
vn -0.0000 0.9968 0.0799
vn -0.0000 0.9869 0.1611
vn -0.0000 0.9674 0.2533
vn -0.0000 0.9309 0.3652
vn -0.0000 0.8611 0.5085
vn -0.0000 0.7198 0.6941
vn -0.0000 0.4392 0.8984
vn -0.0000 -0.0000 1.0000
vn -0.0000 -0.4392 0.8984
vn -0.0000 -0.7198 0.6941
vn -0.0000 -0.8611 0.5085
vn -0.0000 -0.9309 0.3652
vn -0.0000 -0.9674 0.2533
vn -0.0000 -0.9869 0.1611
vn -0.0000 -0.9968 0.0799
vn -0.0273 0.9966 0.0780
vn -0.0543 0.9860 0.1574
vn -0.0848 0.9652 0.2474
vn -0.1215 0.9266 0.3558
vn -0.1675 0.8536 0.4933
vn -0.2249 0.7089 0.6685
vn -0.2841 0.4294 0.8573
vn -0.3119 -0.0000 0.9501
vn -0.2841 -0.4294 0.8573
vn -0.2249 -0.7089 0.6685
vn -0.1675 -0.8536 0.4933
vn -0.1215 -0.9266 0.3558
vn -0.0848 -0.9652 0.2474
vn -0.0543 -0.9860 0.1574
vn -0.0273 -0.9966 0.0780
vn -0.0529 0.9960 0.0726
vn -0.1055 0.9835 0.1469
vn -0.1644 0.9591 0.2304
vn -0.2340 0.9148 0.3293
vn -0.3190 0.8334 0.4513
vn -0.4205 0.6804 0.6002
vn -0.5203 0.4042 0.7523
vn -0.5658 -0.0000 0.8245
vn -0.5203 -0.4042 0.7523
vn -0.4205 -0.6804 0.6002
vn -0.3190 -0.8334 0.4513
vn -0.2340 -0.9148 0.3293
vn -0.1644 -0.9591 0.2304
vn -0.1055 -0.9835 0.1469
vn -0.0529 -0.9960 0.0726
vn -0.0757 0.9950 0.0644
vn -0.1514 0.9798 0.1308
vn -0.2350 0.9503 0.2043
vn -0.3315 0.8979 0.2894
vn -0.4450 0.8058 0.3906
vn -0.5733 0.6435 0.5072
vn -0.6916 0.3730 0.6185
vn -0.7434 -0.0000 0.6688
vn -0.6916 -0.3730 0.6185
vn -0.5733 -0.6435 0.5072
vn -0.4450 -0.8058 0.3906
vn -0.3315 -0.8979 0.2894
vn -0.2350 -0.9503 0.2043
vn -0.1514 -0.9798 0.1308
vn -0.0757 -0.9950 0.0644
vn -0.0951 0.9940 0.0540
vn -0.1904 0.9755 0.1100
vn -0.2944 0.9403 0.1711
vn -0.4112 0.8794 0.2400
vn -0.5432 0.7767 0.3188
vn -0.6844 0.6066 0.4046
vn -0.8066 0.3434 0.4811
vn -0.8578 -0.0000 0.5139
vn -0.8066 -0.3434 0.4811
vn -0.6844 -0.6066 0.4046
vn -0.5432 -0.7767 0.3188
vn -0.4112 -0.8794 0.2400
vn -0.2944 -0.9403 0.1711
vn -0.1904 -0.9755 0.1100
vn -0.0951 -0.9940 0.0540
vn -0.1105 0.9930 0.0420
vn -0.2217 0.9714 0.0855
vn -0.3411 0.9306 0.1325
vn -0.4722 0.8620 0.1843
vn -0.6152 0.7505 0.2414
vn -0.7608 0.5751 0.3006
vn -0.8804 0.3195 0.3504
vn -0.9287 -0.0000 0.3709
vn -0.8804 -0.3195 0.3504
vn -0.7608 -0.5751 0.3006
vn -0.6152 -0.7505 0.2414
vn -0.4722 -0.8620 0.1843
vn -0.3411 -0.9306 0.1325
vn -0.2217 -0.9714 0.0855
vn -0.1105 -0.9930 0.0420
vn -0.1217 0.9922 0.0286
vn -0.2444 0.9679 0.0584
vn -0.3747 0.9228 0.0902
vn -0.5150 0.8481 0.1247
vn -0.6638 0.7302 0.1616
vn -0.8100 0.5518 0.1984
vn -0.9255 0.3024 0.2281
vn -0.9708 -0.0000 0.2400
vn -0.9255 -0.3024 0.2281
vn -0.8100 -0.5518 0.1984
vn -0.6638 -0.7302 0.1616
vn -0.5150 -0.8481 0.1247
vn -0.3747 -0.9228 0.0902
vn -0.2444 -0.9679 0.0584
vn -0.1217 -0.9922 0.0286
vn -0.1285 0.9916 0.0145
vn -0.2581 0.9657 0.0296
vn -0.3948 0.9176 0.0457
vn -0.5402 0.8392 0.0628
vn -0.6919 0.7175 0.0809
vn -0.8374 0.5376 0.0985
vn -0.9497 0.2923 0.1124
vn -0.9930 -0.0000 0.1178
vn -0.9497 -0.2923 0.1124
vn -0.8374 -0.5376 0.0985
vn -0.6919 -0.7175 0.0809
vn -0.5402 -0.8392 0.0628
vn -0.3948 -0.9176 0.0457
vn -0.2581 -0.9657 0.0296
vn -0.1285 -0.9916 0.0145
vn -0.1307 0.9914 -0.0000
vn -0.2627 0.9649 -0.0000
vn -0.4015 0.9159 -0.0000
vn -0.5486 0.8361 -0.0000
vn -0.7010 0.7132 -0.0000
vn -0.8462 0.5328 -0.0000
vn -0.9573 0.2890 -0.0000
vn -1.0000 -0.0000 -0.0000
vn -0.9573 -0.2890 -0.0000
vn -0.8462 -0.5328 -0.0000
vn -0.7010 -0.7132 -0.0000
vn -0.5486 -0.8361 -0.0000
vn -0.4015 -0.9159 -0.0000
vn -0.2627 -0.9649 -0.0000
vn -0.1307 -0.9914 -0.0000
vn -0.1285 0.9916 -0.0145
vn -0.2581 0.9657 -0.0296
vn -0.3948 0.9176 -0.0457
vn -0.5402 0.8392 -0.0628
vn -0.6919 0.7175 -0.0809
vn -0.8374 0.5376 -0.0985
vn -0.9497 0.2923 -0.1124
vn -0.9930 -0.0000 -0.1178
vn -0.9497 -0.2923 -0.1124
vn -0.8374 -0.5376 -0.0985
vn -0.6919 -0.7175 -0.0809
vn -0.5402 -0.8392 -0.0628
vn -0.3948 -0.9176 -0.0457
vn -0.2581 -0.9657 -0.0296
vn -0.1285 -0.9916 -0.0145
vn -0.1217 0.9922 -0.0286
vn -0.2444 0.9679 -0.0584
vn -0.3747 0.9228 -0.0902
vn -0.5150 0.8481 -0.1247
vn -0.6638 0.7302 -0.1616
vn -0.8100 0.5518 -0.1984
vn -0.9255 0.3024 -0.2281
vn -0.9708 -0.0000 -0.2400
vn -0.9255 -0.3024 -0.2281
vn -0.8100 -0.5518 -0.1984
vn -0.6638 -0.7302 -0.1616
vn -0.5150 -0.8481 -0.1247
vn -0.3747 -0.9228 -0.0902
vn -0.2444 -0.9679 -0.0584
vn -0.1217 -0.9922 -0.0286
vn -0.1105 0.9930 -0.0420
vn -0.2217 0.9714 -0.0855
vn -0.3411 0.9306 -0.1325
vn -0.4722 0.8620 -0.1843
vn -0.6152 0.7505 -0.2414
vn -0.7608 0.5751 -0.3006
vn -0.8804 0.3195 -0.3504
vn -0.9287 -0.0000 -0.3709
vn -0.8804 -0.3195 -0.3504
vn -0.7608 -0.5751 -0.3006
vn -0.6152 -0.7505 -0.2414
vn -0.4722 -0.8620 -0.1843
vn -0.3411 -0.9306 -0.1325
vn -0.2217 -0.9714 -0.0855
vn -0.1105 -0.9930 -0.0420
vn -0.0951 0.9940 -0.0540
vn -0.1904 0.9755 -0.1100
vn -0.2944 0.9403 -0.1711
vn -0.4112 0.8794 -0.2400
vn -0.5432 0.7767 -0.3188
vn -0.6844 0.6066 -0.4046
vn -0.8066 0.3434 -0.4811
vn -0.8578 -0.0000 -0.5139
vn -0.8066 -0.3434 -0.4811
vn -0.6844 -0.6066 -0.4046
vn -0.5432 -0.7767 -0.3188
vn -0.4112 -0.8794 -0.2400
vn -0.2944 -0.9403 -0.1711
vn -0.1904 -0.9755 -0.1100
vn -0.0951 -0.9940 -0.0540
vn -0.0757 0.9950 -0.0644
vn -0.1514 0.9798 -0.1308
vn -0.2350 0.9503 -0.2043
vn -0.3315 0.8979 -0.2894
vn -0.4450 0.8058 -0.3906
vn -0.5733 0.6435 -0.5072
vn -0.6916 0.3730 -0.6185
vn -0.7434 -0.0000 -0.6688
vn -0.6916 -0.3730 -0.6185
vn -0.5733 -0.6435 -0.5072
vn -0.4450 -0.8058 -0.3906
vn -0.3315 -0.8979 -0.2894
vn -0.2350 -0.9503 -0.2043
vn -0.1514 -0.9798 -0.1308
vn -0.0757 -0.9950 -0.0644
vn -0.0529 0.9960 -0.0726
vn -0.1055 0.9835 -0.1469
vn -0.1644 0.9591 -0.2304
vn -0.2340 0.9148 -0.3293
vn -0.3190 0.8334 -0.4513
vn -0.4205 0.6804 -0.6002
vn -0.5203 0.4042 -0.7523
vn -0.5658 -0.0000 -0.8245
vn -0.5203 -0.4042 -0.7523
vn -0.4205 -0.6804 -0.6002
vn -0.3190 -0.8334 -0.4513
vn -0.2340 -0.9148 -0.3293
vn -0.1644 -0.9591 -0.2304
vn -0.1055 -0.9835 -0.1469
vn -0.0529 -0.9960 -0.0726
vn -0.0273 0.9966 -0.0780
vn -0.0543 0.9860 -0.1574
vn -0.0848 0.9652 -0.2474
vn -0.1215 0.9266 -0.3558
vn -0.1675 0.8536 -0.4933
vn -0.2249 0.7089 -0.6685
vn -0.2841 0.4294 -0.8573
vn -0.3119 -0.0000 -0.9501
vn -0.2841 -0.4294 -0.8573
vn -0.2249 -0.7089 -0.6685
vn -0.1675 -0.8536 -0.4933
vn -0.1215 -0.9266 -0.3558
vn -0.0848 -0.9652 -0.2474
vn -0.0543 -0.9860 -0.1574
vn -0.0273 -0.9966 -0.0780
vn -0.0000 0.9968 -0.0799
vn -0.0000 0.9869 -0.1611
vn -0.0000 0.9309 -0.3652
vn -0.0000 0.7198 -0.6941
vn -0.0000 -0.7198 -0.6941
vn -0.0000 -0.9309 -0.3652
vn -0.0000 -0.9674 -0.2533
vn -0.0000 -0.9869 -0.1611
vn -0.0000 -0.9968 -0.0799
vt 0.750000 0.250000
vt 0.750000 0.312500
vt 0.718750 0.312500
vt 0.718750 0.250000
vt 0.750000 0.687500
vt 0.750000 0.750000
vt 0.718750 0.750000
vt 0.718750 0.687500
vt 0.750000 0.187500
vt 0.718750 0.187500
vt 0.750000 0.625000
vt 0.718750 0.625000
vt 0.750000 0.125000
vt 0.718750 0.125000
vt 0.750000 0.562500
vt 0.718750 0.562500
vt 0.750000 0.062500
vt 0.718750 0.062500
vt 0.750000 0.500000
vt 0.718750 0.500000
vt 0.750000 0.937500
vt 0.734375 1.000000
vt 0.718750 0.937500
vt 0.734375 0.000000
vt 0.750000 0.437500
vt 0.718750 0.437500
vt 0.750000 0.875000
vt 0.718750 0.875000
vt 0.750000 0.375000
vt 0.718750 0.375000
vt 0.750000 0.812500
vt 0.718750 0.812500
vt 0.687500 0.875000
vt 0.687500 0.812500
vt 0.687500 0.375000
vt 0.687500 0.312500
vt 0.687500 0.750000
vt 0.687500 0.250000
vt 0.687500 0.687500
vt 0.687500 0.187500
vt 0.687500 0.625000
vt 0.687500 0.125000
vt 0.687500 0.562500
vt 0.687500 0.062500
vt 0.687500 0.500000
vt 0.703125 1.000000
vt 0.687500 0.937500
vt 0.703125 0.000000
vt 0.687500 0.437500
vt 0.656250 0.625000
vt 0.656250 0.562500
vt 0.656250 0.125000
vt 0.656250 0.062500
vt 0.656250 0.500000
vt 0.671875 1.000000
vt 0.656250 0.937500
vt 0.671875 0.000000
vt 0.656250 0.437500
vt 0.656250 0.875000
vt 0.656250 0.375000
vt 0.656250 0.812500
vt 0.656250 0.312500
vt 0.656250 0.750000
vt 0.656250 0.250000
vt 0.656250 0.687500
vt 0.656250 0.187500
vt 0.625000 0.375000
vt 0.625000 0.312500
vt 0.625000 0.812500
vt 0.625000 0.750000
vt 0.625000 0.250000
vt 0.625000 0.687500
vt 0.625000 0.187500
vt 0.625000 0.625000
vt 0.625000 0.125000
vt 0.625000 0.562500
vt 0.625000 0.062500
vt 0.625000 0.500000
vt 0.640625 1.000000
vt 0.625000 0.937500
vt 0.640625 0.000000
vt 0.625000 0.437500
vt 0.625000 0.875000
vt 0.593750 0.125000
vt 0.593750 0.062500
vt 0.593750 0.562500
vt 0.593750 0.500000
vt 0.609375 1.000000
vt 0.593750 0.937500
vt 0.609375 0.000000
vt 0.593750 0.437500
vt 0.593750 0.875000
vt 0.593750 0.375000
vt 0.593750 0.812500
vt 0.593750 0.312500
vt 0.593750 0.750000
vt 0.593750 0.250000
vt 0.593750 0.687500
vt 0.593750 0.187500
vt 0.593750 0.625000
vt 0.562500 0.312500
vt 0.562500 0.250000
vt 0.562500 0.750000
vt 0.562500 0.687500
vt 0.562500 0.187500
vt 0.562500 0.625000
vt 0.562500 0.125000
vt 0.562500 0.562500
vt 0.562500 0.062500
vt 0.562500 0.500000
vt 0.578125 1.000000
vt 0.562500 0.937500
vt 0.578125 0.000000
vt 0.562500 0.437500
vt 0.562500 0.875000
vt 0.562500 0.375000
vt 0.562500 0.812500
vt 0.546875 1.000000
vt 0.531250 0.937500
vt 0.546875 0.000000
vt 0.531250 0.062500
vt 0.531250 0.500000
vt 0.531250 0.437500
vt 0.531250 0.875000
vt 0.531250 0.375000
vt 0.531250 0.812500
vt 0.531250 0.312500
vt 0.531250 0.750000
vt 0.531250 0.250000
vt 0.531250 0.687500
vt 0.531250 0.187500
vt 0.531250 0.625000
vt 0.531250 0.125000
vt 0.531250 0.562500
vt 0.500000 0.750000
vt 0.500000 0.687500
vt 0.500000 0.250000
vt 0.500000 0.187500
vt 0.500000 0.625000
vt 0.500000 0.125000
vt 0.500000 0.562500
vt 0.500000 0.062500
vt 0.500000 0.500000
vt 0.515625 1.000000
vt 0.500000 0.937500
vt 0.515625 0.000000
vt 0.500000 0.437500
vt 0.500000 0.875000
vt 0.500000 0.375000
vt 0.500000 0.812500
vt 0.500000 0.312500
vt 0.468750 0.500000
vt 0.468750 0.437500
vt 0.468750 0.937500
vt 0.468750 0.875000
vt 0.468750 0.375000
vt 0.468750 0.812500
vt 0.468750 0.312500
vt 0.468750 0.750000
vt 0.468750 0.250000
vt 0.468750 0.687500
vt 0.468750 0.187500
vt 0.468750 0.625000
vt 0.468750 0.125000
vt 0.468750 0.562500
vt 0.468750 0.062500
vt 0.484375 1.000000
vt 0.484375 0.000000
vt 0.437500 0.250000
vt 0.437500 0.187500
vt 0.437500 0.687500
vt 0.437500 0.625000
vt 0.437500 0.125000
vt 0.437500 0.562500
vt 0.437500 0.062500
vt 0.437500 0.500000
vt 0.453125 1.000000
vt 0.437500 0.937500
vt 0.453125 0.000000
vt 0.437500 0.437500
vt 0.437500 0.875000
vt 0.437500 0.375000
vt 0.437500 0.812500
vt 0.437500 0.312500
vt 0.437500 0.750000
vt 0.406250 0.937500
vt 0.406250 0.875000
vt 0.406250 0.437500
vt 0.406250 0.375000
vt 0.406250 0.812500
vt 0.406250 0.312500
vt 0.406250 0.750000
vt 0.406250 0.250000
vt 0.406250 0.687500
vt 0.406250 0.187500
vt 0.406250 0.625000
vt 0.406250 0.125000
vt 0.406250 0.562500
vt 0.406250 0.062500
vt 0.406250 0.500000
vt 0.421875 1.000000
vt 0.421875 0.000000
vt 0.375000 0.687500
vt 0.375000 0.625000
vt 0.375000 0.187500
vt 0.375000 0.125000
vt 0.375000 0.562500
vt 0.375000 0.062500
vt 0.375000 0.500000
vt 0.390625 1.000000
vt 0.375000 0.937500
vt 0.390625 0.000000
vt 0.375000 0.437500
vt 0.375000 0.875000
vt 0.375000 0.375000
vt 0.375000 0.812500
vt 0.375000 0.312500
vt 0.375000 0.750000
vt 0.375000 0.250000
vt 0.343750 0.437500
vt 0.343750 0.375000
vt 0.343750 0.875000
vt 0.343750 0.812500
vt 0.343750 0.312500
vt 0.343750 0.750000
vt 0.343750 0.250000
vt 0.343750 0.687500
vt 0.343750 0.187500
vt 0.343750 0.625000
vt 0.343750 0.125000
vt 0.343750 0.562500
vt 0.343750 0.062500
vt 0.343750 0.500000
vt 0.359375 1.000000
vt 0.343750 0.937500
vt 0.359375 0.000000
vt 0.312500 0.187500
vt 0.312500 0.125000
vt 0.312500 0.625000
vt 0.312500 0.562500
vt 0.312500 0.062500
vt 0.312500 0.500000
vt 0.328125 1.000000
vt 0.312500 0.937500
vt 0.328125 0.000000
vt 0.312500 0.437500
vt 0.312500 0.875000
vt 0.312500 0.375000
vt 0.312500 0.812500
vt 0.312500 0.312500
vt 0.312500 0.750000
vt 0.312500 0.250000
vt 0.312500 0.687500
vt 0.281250 0.375000
vt 0.281250 0.312500
vt 0.281250 0.812500
vt 0.281250 0.750000
vt 0.281250 0.250000
vt 0.281250 0.687500
vt 0.281250 0.187500
vt 0.281250 0.625000
vt 0.281250 0.125000
vt 0.281250 0.562500
vt 0.281250 0.062500
vt 0.281250 0.500000
vt 0.296875 1.000000
vt 0.281250 0.937500
vt 0.296875 0.000000
vt 0.281250 0.437500
vt 0.281250 0.875000
vt 0.250000 0.125000
vt 0.250000 0.062500
vt 0.250000 0.562500
vt 0.250000 0.500000
vt 0.265625 1.000000
vt 0.250000 0.937500
vt 0.265625 0.000000
vt 0.250000 0.437500
vt 0.250000 0.875000
vt 0.250000 0.375000
vt 0.250000 0.812500
vt 0.250000 0.312500
vt 0.250000 0.750000
vt 0.250000 0.250000
vt 0.250000 0.687500
vt 0.250000 0.187500
vt 0.250000 0.625000
vt 0.218750 0.812500
vt 0.218750 0.750000
vt 0.218750 0.312500
vt 0.218750 0.250000
vt 0.218750 0.687500
vt 0.218750 0.187500
vt 0.218750 0.625000
vt 0.218750 0.125000
vt 0.218750 0.562500
vt 0.218750 0.062500
vt 0.218750 0.500000
vt 0.234375 1.000000
vt 0.218750 0.937500
vt 0.234375 0.000000
vt 0.218750 0.437500
vt 0.218750 0.875000
vt 0.218750 0.375000
vt 0.187500 0.562500
vt 0.187500 0.500000
vt 0.203125 1.000000
vt 0.187500 0.937500
vt 0.203125 0.000000
vt 0.187500 0.062500
vt 0.187500 0.437500
vt 0.187500 0.875000
vt 0.187500 0.375000
vt 0.187500 0.812500
vt 0.187500 0.312500
vt 0.187500 0.750000
vt 0.187500 0.250000
vt 0.187500 0.687500
vt 0.187500 0.187500
vt 0.187500 0.625000
vt 0.187500 0.125000
vt 0.156250 0.312500
vt 0.156250 0.250000
vt 0.156250 0.750000
vt 0.156250 0.687500
vt 0.156250 0.187500
vt 0.156250 0.625000
vt 0.156250 0.125000
vt 0.156250 0.562500
vt 0.156250 0.062500
vt 0.156250 0.500000
vt 0.171875 1.000000
vt 0.156250 0.937500
vt 0.171875 0.000000
vt 0.156250 0.437500
vt 0.156250 0.875000
vt 0.156250 0.375000
vt 0.156250 0.812500
vt 0.140625 1.000000
vt 0.125000 0.937500
vt 0.140625 0.000000
vt 0.125000 0.062500
vt 0.125000 0.500000
vt 0.125000 0.437500
vt 0.125000 0.875000
vt 0.125000 0.375000
vt 0.125000 0.812500
vt 0.125000 0.312500
vt 0.125000 0.750000
vt 0.125000 0.250000
vt 0.125000 0.687500
vt 0.125000 0.187500
vt 0.125000 0.625000
vt 0.125000 0.125000
vt 0.125000 0.562500
vt 0.093750 0.750000
vt 0.093750 0.687500
vt 0.093750 0.250000
vt 0.093750 0.187500
vt 0.093750 0.625000
vt 0.093750 0.125000
vt 0.093750 0.562500
vt 0.093750 0.062500
vt 0.093750 0.500000
vt 0.109375 1.000000
vt 0.093750 0.937500
vt 0.109375 0.000000
vt 0.093750 0.437500
vt 0.093750 0.875000
vt 0.093750 0.375000
vt 0.093750 0.812500
vt 0.093750 0.312500
vt 0.062500 0.500000
vt 0.062500 0.437500
vt 0.062500 0.937500
vt 0.062500 0.875000
vt 0.062500 0.375000
vt 0.062500 0.812500
vt 0.062500 0.312500
vt 0.062500 0.750000
vt 0.062500 0.250000
vt 0.062500 0.687500
vt 0.062500 0.187500
vt 0.062500 0.625000
vt 0.062500 0.125000
vt 0.062500 0.562500
vt 0.062500 0.062500
vt 0.078125 1.000000
vt 0.078125 0.000000
vt 0.031250 0.250000
vt 0.031250 0.187500
vt 0.031250 0.687500
vt 0.031250 0.625000
vt 0.031250 0.125000
vt 0.031250 0.562500
vt 0.031250 0.062500
vt 0.031250 0.500000
vt 0.046875 1.000000
vt 0.031250 0.937500
vt 0.046875 0.000000
vt 0.031250 0.437500
vt 0.031250 0.875000
vt 0.031250 0.375000
vt 0.031250 0.812500
vt 0.031250 0.312500
vt 0.031250 0.750000
vt 0.000000 0.437500
vt 0.000000 0.375000
vt 0.000000 0.875000
vt 0.000000 0.812500
vt 0.000000 0.312500
vt 0.000000 0.750000
vt 0.000000 0.250000
vt 0.000000 0.687500
vt 0.000000 0.187500
vt 0.000000 0.625000
vt 0.000000 0.125000
vt 0.000000 0.562500
vt 0.000000 0.062500
vt 0.000000 0.500000
vt 0.015625 1.000000
vt 0.000000 0.937500
vt 0.015625 0.000000
vt 1.000000 0.125000
vt 1.000000 0.187500
vt 0.968750 0.187500
vt 0.968750 0.125000
vt 1.000000 0.562500
vt 1.000000 0.625000
vt 0.968750 0.625000
vt 0.968750 0.562500
vt 1.000000 0.062500
vt 0.968750 0.062500
vt 1.000000 0.500000
vt 0.968750 0.500000
vt 1.000000 0.937500
vt 0.984375 1.000000
vt 0.968750 0.937500
vt 0.984375 0.000000
vt 1.000000 0.437500
vt 0.968750 0.437500
vt 1.000000 0.875000
vt 0.968750 0.875000
vt 1.000000 0.375000
vt 0.968750 0.375000
vt 1.000000 0.812500
vt 0.968750 0.812500
vt 1.000000 0.312500
vt 0.968750 0.312500
vt 1.000000 0.750000
vt 0.968750 0.750000
vt 1.000000 0.250000
vt 0.968750 0.250000
vt 1.000000 0.687500
vt 0.968750 0.687500
vt 0.937500 0.875000
vt 0.937500 0.812500
vt 0.937500 0.375000
vt 0.937500 0.312500
vt 0.937500 0.750000
vt 0.937500 0.250000
vt 0.937500 0.687500
vt 0.937500 0.187500
vt 0.937500 0.625000
vt 0.937500 0.125000
vt 0.937500 0.562500
vt 0.937500 0.062500
vt 0.937500 0.500000
vt 0.953125 1.000000
vt 0.937500 0.937500
vt 0.953125 0.000000
vt 0.937500 0.437500
vt 0.906250 0.625000
vt 0.906250 0.562500
vt 0.906250 0.125000
vt 0.906250 0.062500
vt 0.906250 0.500000
vt 0.921875 1.000000
vt 0.906250 0.937500
vt 0.921875 0.000000
vt 0.906250 0.437500
vt 0.906250 0.875000
vt 0.906250 0.375000
vt 0.906250 0.812500
vt 0.906250 0.312500
vt 0.906250 0.750000
vt 0.906250 0.250000
vt 0.906250 0.687500
vt 0.906250 0.187500
vt 0.875000 0.375000
vt 0.875000 0.312500
vt 0.875000 0.812500
vt 0.875000 0.750000
vt 0.875000 0.250000
vt 0.875000 0.687500
vt 0.875000 0.187500
vt 0.875000 0.625000
vt 0.875000 0.125000
vt 0.875000 0.562500
vt 0.875000 0.062500
vt 0.875000 0.500000
vt 0.890625 1.000000
vt 0.875000 0.937500
vt 0.890625 0.000000
vt 0.875000 0.437500
vt 0.875000 0.875000
vt 0.843750 0.125000
vt 0.843750 0.062500
vt 0.843750 0.562500
vt 0.843750 0.500000
vt 0.859375 1.000000
vt 0.843750 0.937500
vt 0.859375 0.000000
vt 0.843750 0.437500
vt 0.843750 0.875000
vt 0.843750 0.375000
vt 0.843750 0.812500
vt 0.843750 0.312500
vt 0.843750 0.750000
vt 0.843750 0.250000
vt 0.843750 0.687500
vt 0.843750 0.187500
vt 0.843750 0.625000
vt 0.812500 0.812500
vt 0.812500 0.750000
vt 0.812500 0.312500
vt 0.812500 0.250000
vt 0.812500 0.687500
vt 0.812500 0.187500
vt 0.812500 0.625000
vt 0.812500 0.125000
vt 0.812500 0.562500
vt 0.812500 0.062500
vt 0.812500 0.500000
vt 0.828125 1.000000
vt 0.812500 0.937500
vt 0.828125 0.000000
vt 0.812500 0.437500
vt 0.812500 0.875000
vt 0.812500 0.375000
vt 0.781250 0.562500
vt 0.781250 0.500000
vt 0.796875 1.000000
vt 0.781250 0.937500
vt 0.796875 0.000000
vt 0.781250 0.062500
vt 0.781250 0.437500
vt 0.781250 0.875000
vt 0.781250 0.375000
vt 0.781250 0.812500
vt 0.781250 0.312500
vt 0.781250 0.750000
vt 0.781250 0.250000
vt 0.781250 0.687500
vt 0.781250 0.187500
vt 0.781250 0.625000
vt 0.781250 0.125000
vt 0.765625 1.000000
vt 0.765625 0.000000
s 1
usemtl Negro_enemigo.006
f 3537/3633/3543 3065/3634/3071 3077/3635/3083 3078/3636/3084
f 3061/3637/3067 3534/3638/3540 3070/3639/3076 3071/3640/3077
f 3538/3641/3544 3537/3633/3543 3078/3636/3084 3079/3642/3085
f 3535/3643/3541 3061/3637/3067 3071/3640/3077 3072/3644/3078
f 3539/3645/3545 3538/3641/3544 3079/3642/3085 3080/3646/3086
f 3062/3647/3068 3535/3643/3541 3072/3644/3078 3073/3648/3079
f 3540/3649/3546 3539/3645/3545 3080/3646/3086 3081/3650/3087
f 3063/3651/3069 3062/3647/3068 3073/3648/3079 3074/3652/3080
f 3532/3653/3538 3059/3654/3065 3067/3655/3073
f 3066/3656/3072 3540/3649/3546 3081/3650/3087
f 3064/3657/3070 3063/3651/3069 3074/3652/3080 3075/3658/3081
f 3533/3659/3539 3532/3653/3538 3067/3655/3073 3068/3660/3074
f 3536/3661/3542 3064/3657/3070 3075/3658/3081 3076/3662/3082
f 3060/3663/3066 3533/3659/3539 3068/3660/3074 3069/3664/3075
f 3065/3634/3071 3536/3661/3542 3076/3662/3082 3077/3635/3083
f 3534/3638/3540 3060/3663/3066 3069/3664/3075 3070/3639/3076
f 3069/3664/3075 3068/3660/3074 3083/3665/3089 3084/3666/3090
f 3077/3635/3083 3076/3662/3082 3091/3667/3097 3092/3668/3098
f 3070/3639/3076 3069/3664/3075 3084/3666/3090 3085/3669/3091
f 3078/3636/3084 3077/3635/3083 3092/3668/3098 3093/3670/3099
f 3071/3640/3077 3070/3639/3076 3085/3669/3091 3086/3671/3092
f 3079/3642/3085 3078/3636/3084 3093/3670/3099 3094/3672/3100
f 3072/3644/3078 3071/3640/3077 3086/3671/3092 3087/3673/3093
f 3080/3646/3086 3079/3642/3085 3094/3672/3100 3095/3674/3101
f 3073/3648/3079 3072/3644/3078 3087/3673/3093 3088/3675/3094
f 3081/3650/3087 3080/3646/3086 3095/3674/3101 3096/3676/3102
f 3074/3652/3080 3073/3648/3079 3088/3675/3094 3089/3677/3095
f 3067/3655/3073 3059/3678/3065 3082/3679/3088
f 3066/3680/3072 3081/3650/3087 3096/3676/3102
f 3075/3658/3081 3074/3652/3080 3089/3677/3095 3090/3681/3096
f 3068/3660/3074 3067/3655/3073 3082/3679/3088 3083/3665/3089
f 3076/3662/3082 3075/3658/3081 3090/3681/3096 3091/3667/3097
f 3088/3675/3094 3087/3673/3093 3102/3682/3108 3103/3683/3109
f 3096/3676/3102 3095/3674/3101 3110/3684/3116 3111/3685/3117
f 3089/3677/3095 3088/3675/3094 3103/3683/3109 3104/3686/3110
f 3082/3679/3088 3059/3687/3065 3097/3688/3103
f 3066/3689/3072 3096/3676/3102 3111/3685/3117
f 3090/3681/3096 3089/3677/3095 3104/3686/3110 3105/3690/3111
f 3083/3665/3089 3082/3679/3088 3097/3688/3103 3098/3691/3104
f 3091/3667/3097 3090/3681/3096 3105/3690/3111 3106/3692/3112
f 3084/3666/3090 3083/3665/3089 3098/3691/3104 3099/3693/3105
f 3092/3668/3098 3091/3667/3097 3106/3692/3112 3107/3694/3113
f 3085/3669/3091 3084/3666/3090 3099/3693/3105 3100/3695/3106
f 3093/3670/3099 3092/3668/3098 3107/3694/3113 3108/3696/3114
f 3086/3671/3092 3085/3669/3091 3100/3695/3106 3101/3697/3107
f 3094/3672/3100 3093/3670/3099 3108/3696/3114 3109/3698/3115
f 3087/3673/3093 3086/3671/3092 3101/3697/3107 3102/3682/3108
f 3095/3674/3101 3094/3672/3100 3109/3698/3115 3110/3684/3116
f 3107/3694/3113 3106/3692/3112 3121/3699/3127 3122/3700/3128
f 3100/3695/3106 3099/3693/3105 3114/3701/3120 3115/3702/3121
f 3108/3696/3114 3107/3694/3113 3122/3700/3128 3123/3703/3129
f 3101/3697/3107 3100/3695/3106 3115/3702/3121 3116/3704/3122
f 3109/3698/3115 3108/3696/3114 3123/3703/3129 3124/3705/3130
f 3102/3682/3108 3101/3697/3107 3116/3704/3122 3117/3706/3123
f 3110/3684/3116 3109/3698/3115 3124/3705/3130 3125/3707/3131
f 3103/3683/3109 3102/3682/3108 3117/3706/3123 3118/3708/3124
f 3111/3685/3117 3110/3684/3116 3125/3707/3131 3126/3709/3132
f 3104/3686/3110 3103/3683/3109 3118/3708/3124 3119/3710/3125
f 3097/3688/3103 3059/3711/3065 3112/3712/3118
f 3066/3713/3072 3111/3685/3117 3126/3709/3132
f 3105/3690/3111 3104/3686/3110 3119/3710/3125 3120/3714/3126
f 3098/3691/3104 3097/3688/3103 3112/3712/3118 3113/3715/3119
f 3106/3692/3112 3105/3690/3111 3120/3714/3126 3121/3699/3127
f 3099/3693/3105 3098/3691/3104 3113/3715/3119 3114/3701/3120
f 3126/3709/3132 3125/3707/3131 3140/3716/3146 3141/3717/3147
f 3119/3710/3125 3118/3708/3124 3133/3718/3139 3134/3719/3140
f 3112/3712/3118 3059/3720/3065 3127/3721/3133
f 3066/3722/3072 3126/3709/3132 3141/3717/3147
f 3120/3714/3126 3119/3710/3125 3134/3719/3140 3135/3723/3141
f 3113/3715/3119 3112/3712/3118 3127/3721/3133 3128/3724/3134
f 3121/3699/3127 3120/3714/3126 3135/3723/3141 3136/3725/3142
f 3114/3701/3120 3113/3715/3119 3128/3724/3134 3129/3726/3135
f 3122/3700/3128 3121/3699/3127 3136/3725/3142 3137/3727/3143
f 3115/3702/3121 3114/3701/3120 3129/3726/3135 3130/3728/3136
f 3123/3703/3129 3122/3700/3128 3137/3727/3143 3138/3729/3144
f 3116/3704/3122 3115/3702/3121 3130/3728/3136 3131/3730/3137
f 3124/3705/3130 3123/3703/3129 3138/3729/3144 3139/3731/3145
f 3117/3706/3123 3116/3704/3122 3131/3730/3137 3132/3732/3138
f 3125/3707/3131 3124/3705/3130 3139/3731/3145 3140/3716/3146
f 3118/3708/3124 3117/3706/3123 3132/3732/3138 3133/3718/3139
f 3138/3729/3144 3137/3727/3143 3152/3733/3158 3153/3734/3159
f 3131/3730/3137 3130/3728/3136 3145/3735/3151 3146/3736/3152
f 3139/3731/3145 3138/3729/3144 3153/3734/3159 3154/3737/3160
f 3132/3732/3138 3131/3730/3137 3146/3736/3152 3147/3738/3153
f 3140/3716/3146 3139/3731/3145 3154/3737/3160 3155/3739/3161
f 3133/3718/3139 3132/3732/3138 3147/3738/3153 3148/3740/3154
f 3141/3717/3147 3140/3716/3146 3155/3739/3161 3156/3741/3162
f 3134/3719/3140 3133/3718/3139 3148/3740/3154 3149/3742/3155
f 3127/3721/3133 3059/3743/3065 3142/3744/3148
f 3066/3745/3072 3141/3717/3147 3156/3741/3162
f 3135/3723/3141 3134/3719/3140 3149/3742/3155 3150/3746/3156
f 3128/3724/3134 3127/3721/3133 3142/3744/3148 3143/3747/3149
f 3136/3725/3142 3135/3723/3141 3150/3746/3156 3151/3748/3157
f 3129/3726/3135 3128/3724/3134 3143/3747/3149 3144/3749/3150
f 3137/3727/3143 3136/3725/3142 3151/3748/3157 3152/3733/3158
f 3130/3728/3136 3129/3726/3135 3144/3749/3150 3145/3735/3151
f 3142/3744/3148 3059/3750/3065 3157/3751/3163
f 3066/3752/3072 3156/3741/3162 3171/3753/3177
f 3150/3746/3156 3149/3742/3155 3164/3754/3170 3165/3755/3171
f 3143/3747/3149 3142/3744/3148 3157/3751/3163 3158/3756/3164
f 3151/3748/3157 3150/3746/3156 3165/3755/3171 3166/3757/3172
f 3144/3749/3150 3143/3747/3149 3158/3756/3164 3159/3758/3165
f 3152/3733/3158 3151/3748/3157 3166/3757/3172 3167/3759/3173
f 3145/3735/3151 3144/3749/3150 3159/3758/3165 3160/3760/3166
f 3153/3734/3159 3152/3733/3158 3167/3759/3173 3168/3761/3174
f 3146/3736/3152 3145/3735/3151 3160/3760/3166 3161/3762/3167
f 3154/3737/3160 3153/3734/3159 3168/3761/3174 3169/3763/3175
f 3147/3738/3153 3146/3736/3152 3161/3762/3167 3162/3764/3168
f 3155/3739/3161 3154/3737/3160 3169/3763/3175 3170/3765/3176
f 3148/3740/3154 3147/3738/3153 3162/3764/3168 3163/3766/3169
f 3156/3741/3162 3155/3739/3161 3170/3765/3176 3171/3753/3177
f 3149/3742/3155 3148/3740/3154 3163/3766/3169 3164/3754/3170
f 3161/3762/3167 3160/3760/3166 3175/3767/3181 3176/3768/3182
f 3169/3763/3175 3168/3761/3174 3183/3769/3189 3184/3770/3190
f 3162/3764/3168 3161/3762/3167 3176/3768/3182 3177/3771/3183
f 3170/3765/3176 3169/3763/3175 3184/3770/3190 3185/3772/3191
f 3163/3766/3169 3162/3764/3168 3177/3771/3183 3178/3773/3184
f 3171/3753/3177 3170/3765/3176 3185/3772/3191 3186/3774/3192
f 3164/3754/3170 3163/3766/3169 3178/3773/3184 3179/3775/3185
f 3157/3751/3163 3059/3776/3065 3172/3777/3178
f 3066/3778/3072 3171/3753/3177 3186/3774/3192
f 3165/3755/3171 3164/3754/3170 3179/3775/3185 3180/3779/3186
f 3158/3756/3164 3157/3751/3163 3172/3777/3178 3173/3780/3179
f 3166/3757/3172 3165/3755/3171 3180/3779/3186 3181/3781/3187
f 3159/3758/3165 3158/3756/3164 3173/3780/3179 3174/3782/3180
f 3167/3759/3173 3166/3757/3172 3181/3781/3187 3182/3783/3188
f 3160/3760/3166 3159/3758/3165 3174/3782/3180 3175/3767/3181
f 3168/3761/3174 3167/3759/3173 3182/3783/3188 3183/3769/3189
f 3180/3779/3186 3179/3775/3185 3194/3784/3200 3195/3785/3201
f 3173/3780/3179 3172/3777/3178 3187/3786/3193 3188/3787/3194
f 3181/3781/3187 3180/3779/3186 3195/3785/3201 3196/3788/3202
f 3174/3782/3180 3173/3780/3179 3188/3787/3194 3189/3789/3195
f 3182/3783/3188 3181/3781/3187 3196/3788/3202 3197/3790/3203
f 3175/3767/3181 3174/3782/3180 3189/3789/3195 3190/3791/3196
f 3183/3769/3189 3182/3783/3188 3197/3790/3203 3198/3792/3204
f 3176/3768/3182 3175/3767/3181 3190/3791/3196 3191/3793/3197
f 3184/3770/3190 3183/3769/3189 3198/3792/3204 3199/3794/3205
f 3177/3771/3183 3176/3768/3182 3191/3793/3197 3192/3795/3198
f 3185/3772/3191 3184/3770/3190 3199/3794/3205 3200/3796/3206
f 3178/3773/3184 3177/3771/3183 3192/3795/3198 3193/3797/3199
f 3186/3774/3192 3185/3772/3191 3200/3796/3206 3201/3798/3207
f 3179/3775/3185 3178/3773/3184 3193/3797/3199 3194/3784/3200
f 3172/3777/3178 3059/3799/3065 3187/3786/3193
f 3066/3800/3072 3186/3774/3192 3201/3798/3207
f 3199/3794/3205 3198/3792/3204 3213/3801/3219 3214/3802/3220
f 3192/3795/3198 3191/3793/3197 3206/3803/3212 3207/3804/3213
f 3200/3796/3206 3199/3794/3205 3214/3802/3220 3215/3805/3221
f 3193/3797/3199 3192/3795/3198 3207/3804/3213 3208/3806/3214
f 3201/3798/3207 3200/3796/3206 3215/3805/3221 3216/3807/3222
f 3194/3784/3200 3193/3797/3199 3208/3806/3214 3209/3808/3215
f 3187/3786/3193 3059/3809/3065 3202/3810/3208
f 3066/3811/3072 3201/3798/3207 3216/3807/3222
f 3195/3785/3201 3194/3784/3200 3209/3808/3215 3210/3812/3216
f 3188/3787/3194 3187/3786/3193 3202/3810/3208 3203/3813/3209
f 3196/3788/3202 3195/3785/3201 3210/3812/3216 3211/3814/3217
f 3189/3789/3195 3188/3787/3194 3203/3813/3209 3204/3815/3210
f 3197/3790/3203 3196/3788/3202 3211/3814/3217 3212/3816/3218
f 3190/3791/3196 3189/3789/3195 3204/3815/3210 3205/3817/3211
f 3198/3792/3204 3197/3790/3203 3212/3816/3218 3213/3801/3219
f 3191/3793/3197 3190/3791/3196 3205/3817/3211 3206/3803/3212
f 3203/3813/3209 3202/3810/3208 3217/3818/3223 3218/3819/3224
f 3211/3814/3217 3210/3812/3216 3225/3820/3231 3226/3821/3232
f 3204/3815/3210 3203/3813/3209 3218/3819/3224 3219/3822/3225
f 3212/3816/3218 3211/3814/3217 3226/3821/3232 3227/3823/3233
f 3205/3817/3211 3204/3815/3210 3219/3822/3225 3220/3824/3226
f 3213/3801/3219 3212/3816/3218 3227/3823/3233 3228/3825/3234
f 3206/3803/3212 3205/3817/3211 3220/3824/3226 3221/3826/3227
f 3214/3802/3220 3213/3801/3219 3228/3825/3234 3229/3827/3235
f 3207/3804/3213 3206/3803/3212 3221/3826/3227 3222/3828/3228
f 3215/3805/3221 3214/3802/3220 3229/3827/3235 3230/3829/3236
f 3208/3806/3214 3207/3804/3213 3222/3828/3228 3223/3830/3229
f 3216/3807/3222 3215/3805/3221 3230/3829/3236 3231/3831/3237
f 3209/3808/3215 3208/3806/3214 3223/3830/3229 3224/3832/3230
f 3202/3810/3208 3059/3833/3065 3217/3818/3223
f 3066/3834/3072 3216/3807/3222 3231/3831/3237
f 3210/3812/3216 3209/3808/3215 3224/3832/3230 3225/3820/3231
f 3222/3828/3228 3221/3826/3227 3236/3835/3242 3237/3836/3243
f 3230/3829/3236 3229/3827/3235 3244/3837/3250 3245/3838/3251
f 3223/3830/3229 3222/3828/3228 3237/3836/3243 3238/3839/3244
f 3231/3831/3237 3230/3829/3236 3245/3838/3251 3246/3840/3252
f 3224/3832/3230 3223/3830/3229 3238/3839/3244 3239/3841/3245
f 3217/3818/3223 3059/3842/3065 3232/3843/3238
f 3066/3844/3072 3231/3831/3237 3246/3840/3252
f 3225/3820/3231 3224/3832/3230 3239/3841/3245 3240/3845/3246
f 3218/3819/3224 3217/3818/3223 3232/3843/3238 3233/3846/3239
f 3226/3821/3232 3225/3820/3231 3240/3845/3246 3241/3847/3247
f 3219/3822/3225 3218/3819/3224 3233/3846/3239 3234/3848/3240
f 3227/3823/3233 3226/3821/3232 3241/3847/3247 3242/3849/3248
f 3220/3824/3226 3219/3822/3225 3234/3848/3240 3235/3850/3241
f 3228/3825/3234 3227/3823/3233 3242/3849/3248 3243/3851/3249
f 3221/3826/3227 3220/3824/3226 3235/3850/3241 3236/3835/3242
f 3229/3827/3235 3228/3825/3234 3243/3851/3249 3244/3837/3250
f 3241/3847/3247 3240/3845/3246 3255/3852/3261 3256/3853/3262
f 3234/3848/3240 3233/3846/3239 3248/3854/3254 3249/3855/3255
f 3242/3849/3248 3241/3847/3247 3256/3853/3262 3257/3856/3263
f 3235/3850/3241 3234/3848/3240 3249/3855/3255 3250/3857/3256
f 3243/3851/3249 3242/3849/3248 3257/3856/3263 3258/3858/3264
f 3236/3835/3242 3235/3850/3241 3250/3857/3256 3251/3859/3257
f 3244/3837/3250 3243/3851/3249 3258/3858/3264 3259/3860/3265
f 3237/3836/3243 3236/3835/3242 3251/3859/3257 3252/3861/3258
f 3245/3838/3251 3244/3837/3250 3259/3860/3265 3260/3862/3266
f 3238/3839/3244 3237/3836/3243 3252/3861/3258 3253/3863/3259
f 3246/3840/3252 3245/3838/3251 3260/3862/3266 3261/3864/3267
f 3239/3841/3245 3238/3839/3244 3253/3863/3259 3254/3865/3260
f 3232/3843/3238 3059/3866/3065 3247/3867/3253
f 3066/3868/3072 3246/3840/3252 3261/3864/3267
f 3240/3845/3246 3239/3841/3245 3254/3865/3260 3255/3852/3261
f 3233/3846/3239 3232/3843/3238 3247/3867/3253 3248/3854/3254
f 3260/3862/3266 3259/3860/3265 3274/3869/3280 3275/3870/3281
f 3253/3863/3259 3252/3861/3258 3267/3871/3273 3268/3872/3274
f 3261/3864/3267 3260/3862/3266 3275/3870/3281 3276/3873/3282
f 3254/3865/3260 3253/3863/3259 3268/3872/3274 3269/3874/3275
f 3247/3867/3253 3059/3875/3065 3262/3876/3268
f 3066/3877/3072 3261/3864/3267 3276/3873/3282
f 3255/3852/3261 3254/3865/3260 3269/3874/3275 3270/3878/3276
f 3248/3854/3254 3247/3867/3253 3262/3876/3268 3263/3879/3269
f 3256/3853/3262 3255/3852/3261 3270/3878/3276 3271/3880/3277
f 3249/3855/3255 3248/3854/3254 3263/3879/3269 3264/3881/3270
f 3257/3856/3263 3256/3853/3262 3271/3880/3277 3272/3882/3278
f 3250/3857/3256 3249/3855/3255 3264/3881/3270 3265/3883/3271
f 3258/3858/3264 3257/3856/3263 3272/3882/3278 3273/3884/3279
f 3251/3859/3257 3250/3857/3256 3265/3883/3271 3266/3885/3272
f 3259/3860/3265 3258/3858/3264 3273/3884/3279 3274/3869/3280
f 3252/3861/3258 3251/3859/3257 3266/3885/3272 3267/3871/3273
f 3272/3882/3278 3271/3880/3277 3286/3886/3292 3287/3887/3293
f 3265/3883/3271 3264/3881/3270 3279/3888/3285 3280/3889/3286
f 3273/3884/3279 3272/3882/3278 3287/3887/3293 3288/3890/3294
f 3266/3885/3272 3265/3883/3271 3280/3889/3286 3281/3891/3287
f 3274/3869/3280 3273/3884/3279 3288/3890/3294 3289/3892/3295
f 3267/3871/3273 3266/3885/3272 3281/3891/3287 3282/3893/3288
f 3275/3870/3281 3274/3869/3280 3289/3892/3295 3290/3894/3296
f 3268/3872/3274 3267/3871/3273 3282/3893/3288 3283/3895/3289
f 3276/3873/3282 3275/3870/3281 3290/3894/3296 3291/3896/3297
f 3269/3874/3275 3268/3872/3274 3283/3895/3289 3284/3897/3290
f 3262/3876/3268 3059/3898/3065 3277/3899/3283
f 3066/3900/3072 3276/3873/3282 3291/3896/3297
f 3270/3878/3276 3269/3874/3275 3284/3897/3290 3285/3901/3291
f 3263/3879/3269 3262/3876/3268 3277/3899/3283 3278/3902/3284
f 3271/3880/3277 3270/3878/3276 3285/3901/3291 3286/3886/3292
f 3264/3881/3270 3263/3879/3269 3278/3902/3284 3279/3888/3285
f 3291/3896/3297 3290/3894/3296 3305/3903/3311 3306/3904/3312
f 3284/3897/3290 3283/3895/3289 3298/3905/3304 3299/3906/3305
f 3277/3899/3283 3059/3907/3065 3292/3908/3298
f 3066/3909/3072 3291/3896/3297 3306/3904/3312
f 3285/3901/3291 3284/3897/3290 3299/3906/3305 3300/3910/3306
f 3278/3902/3284 3277/3899/3283 3292/3908/3298 3293/3911/3299
f 3286/3886/3292 3285/3901/3291 3300/3910/3306 3301/3912/3307
f 3279/3888/3285 3278/3902/3284 3293/3911/3299 3294/3913/3300
f 3287/3887/3293 3286/3886/3292 3301/3912/3307 3302/3914/3308
f 3280/3889/3286 3279/3888/3285 3294/3913/3300 3295/3915/3301
f 3288/3890/3294 3287/3887/3293 3302/3914/3308 3303/3916/3309
f 3281/3891/3287 3280/3889/3286 3295/3915/3301 3296/3917/3302
f 3289/3892/3295 3288/3890/3294 3303/3916/3309 3304/3918/3310
f 3282/3893/3288 3281/3891/3287 3296/3917/3302 3297/3919/3303
f 3290/3894/3296 3289/3892/3295 3304/3918/3310 3305/3903/3311
f 3283/3895/3289 3282/3893/3288 3297/3919/3303 3298/3905/3304
f 3295/3915/3301 3294/3913/3300 3309/3920/3315 3310/3921/3316
f 3303/3916/3309 3302/3914/3308 3317/3922/3323 3318/3923/3324
f 3296/3917/3302 3295/3915/3301 3310/3921/3316 3311/3924/3317
f 3304/3918/3310 3303/3916/3309 3318/3923/3324 3319/3925/3325
f 3297/3919/3303 3296/3917/3302 3311/3924/3317 3312/3926/3318
f 3305/3903/3311 3304/3918/3310 3319/3925/3325 3320/3927/3326
f 3298/3905/3304 3297/3919/3303 3312/3926/3318 3313/3928/3319
f 3306/3904/3312 3305/3903/3311 3320/3927/3326 3321/3929/3327
f 3299/3906/3305 3298/3905/3304 3313/3928/3319 3314/3930/3320
f 3292/3908/3298 3059/3931/3065 3307/3932/3313
f 3066/3933/3072 3306/3904/3312 3321/3929/3327
f 3300/3910/3306 3299/3906/3305 3314/3930/3320 3315/3934/3321
f 3293/3911/3299 3292/3908/3298 3307/3932/3313 3308/3935/3314
f 3301/3912/3307 3300/3910/3306 3315/3934/3321 3316/3936/3322
f 3294/3913/3300 3293/3911/3299 3308/3935/3314 3309/3920/3315
f 3302/3914/3308 3301/3912/3307 3316/3936/3322 3317/3922/3323
f 3314/3930/3320 3313/3928/3319 3328/3937/3334 3329/3938/3335
f 3307/3932/3313 3059/3939/3065 3322/3940/3328
f 3066/3941/3072 3321/3929/3327 3336/3942/3342
f 3315/3934/3321 3314/3930/3320 3329/3938/3335 3330/3943/3336
f 3308/3935/3314 3307/3932/3313 3322/3940/3328 3323/3944/3329
f 3316/3936/3322 3315/3934/3321 3330/3943/3336 3331/3945/3337
f 3309/3920/3315 3308/3935/3314 3323/3944/3329 3324/3946/3330
f 3317/3922/3323 3316/3936/3322 3331/3945/3337 3332/3947/3338
f 3310/3921/3316 3309/3920/3315 3324/3946/3330 3325/3948/3331
f 3318/3923/3324 3317/3922/3323 3332/3947/3338 3333/3949/3339
f 3311/3924/3317 3310/3921/3316 3325/3948/3331 3326/3950/3332
f 3319/3925/3325 3318/3923/3324 3333/3949/3339 3334/3951/3340
f 3312/3926/3318 3311/3924/3317 3326/3950/3332 3327/3952/3333
f 3320/3927/3326 3319/3925/3325 3334/3951/3340 3335/3953/3341
f 3313/3928/3319 3312/3926/3318 3327/3952/3333 3328/3937/3334
f 3321/3929/3327 3320/3927/3326 3335/3953/3341 3336/3942/3342
f 3333/3949/3339 3332/3947/3338 3347/3954/3353 3348/3955/3354
f 3326/3950/3332 3325/3948/3331 3340/3956/3346 3341/3957/3347
f 3334/3951/3340 3333/3949/3339 3348/3955/3354 3349/3958/3355
f 3327/3952/3333 3326/3950/3332 3341/3957/3347 3342/3959/3348
f 3335/3953/3341 3334/3951/3340 3349/3958/3355 3350/3960/3356
f 3328/3937/3334 3327/3952/3333 3342/3959/3348 3343/3961/3349
f 3336/3942/3342 3335/3953/3341 3350/3960/3356 3351/3962/3357
f 3329/3938/3335 3328/3937/3334 3343/3961/3349 3344/3963/3350
f 3322/3940/3328 3059/3964/3065 3337/3965/3343
f 3066/3966/3072 3336/3942/3342 3351/3962/3357
f 3330/3943/3336 3329/3938/3335 3344/3963/3350 3345/3967/3351
f 3323/3944/3329 3322/3940/3328 3337/3965/3343 3338/3968/3344
f 3331/3945/3337 3330/3943/3336 3345/3967/3351 3346/3969/3352
f 3324/3946/3330 3323/3944/3329 3338/3968/3344 3339/3970/3345
f 3332/3947/3338 3331/3945/3337 3346/3969/3352 3347/3954/3353
f 3325/3948/3331 3324/3946/3330 3339/3970/3345 3340/3956/3346
f 3337/3965/3343 3059/3971/3065 3352/3972/3358
f 3066/3973/3072 3351/3962/3357 3366/3974/3372
f 3345/3967/3351 3344/3963/3350 3359/3975/3365 3360/3976/3366
f 3338/3968/3344 3337/3965/3343 3352/3972/3358 3353/3977/3359
f 3346/3969/3352 3345/3967/3351 3360/3976/3366 3361/3978/3367
f 3339/3970/3345 3338/3968/3344 3353/3977/3359 3354/3979/3360
f 3347/3954/3353 3346/3969/3352 3361/3978/3367 3362/3980/3368
f 3340/3956/3346 3339/3970/3345 3354/3979/3360 3355/3981/3361
f 3348/3955/3354 3347/3954/3353 3362/3980/3368 3363/3982/3369
f 3341/3957/3347 3340/3956/3346 3355/3981/3361 3356/3983/3362
f 3349/3958/3355 3348/3955/3354 3363/3982/3369 3364/3984/3370
f 3342/3959/3348 3341/3957/3347 3356/3983/3362 3357/3985/3363
f 3350/3960/3356 3349/3958/3355 3364/3984/3370 3365/3986/3371
f 3343/3961/3349 3342/3959/3348 3357/3985/3363 3358/3987/3364
f 3351/3962/3357 3350/3960/3356 3365/3986/3371 3366/3974/3372
f 3344/3963/3350 3343/3961/3349 3358/3987/3364 3359/3975/3365
f 3356/3983/3362 3355/3981/3361 3370/3988/3376 3371/3989/3377
f 3364/3984/3370 3363/3982/3369 3378/3990/3384 3379/3991/3385
f 3357/3985/3363 3356/3983/3362 3371/3989/3377 3372/3992/3378
f 3365/3986/3371 3364/3984/3370 3379/3991/3385 3380/3993/3386
f 3358/3987/3364 3357/3985/3363 3372/3992/3378 3373/3994/3379
f 3366/3974/3372 3365/3986/3371 3380/3993/3386 3381/3995/3387
f 3359/3975/3365 3358/3987/3364 3373/3994/3379 3374/3996/3380
f 3352/3972/3358 3059/3997/3065 3367/3998/3373
f 3066/3999/3072 3366/3974/3372 3381/3995/3387
f 3360/3976/3366 3359/3975/3365 3374/3996/3380 3375/4000/3381
f 3353/3977/3359 3352/3972/3358 3367/3998/3373 3368/4001/3374
f 3361/3978/3367 3360/3976/3366 3375/4000/3381 3376/4002/3382
f 3354/3979/3360 3353/3977/3359 3368/4001/3374 3369/4003/3375
f 3362/3980/3368 3361/3978/3367 3376/4002/3382 3377/4004/3383
f 3355/3981/3361 3354/3979/3360 3369/4003/3375 3370/3988/3376
f 3363/3982/3369 3362/3980/3368 3377/4004/3383 3378/3990/3384
f 3375/4000/3381 3374/3996/3380 3389/4005/3395 3390/4006/3396
f 3368/4001/3374 3367/3998/3373 3382/4007/3388 3383/4008/3389
f 3376/4002/3382 3375/4000/3381 3390/4006/3396 3391/4009/3397
f 3369/4003/3375 3368/4001/3374 3383/4008/3389 3384/4010/3390
f 3377/4004/3383 3376/4002/3382 3391/4009/3397 3392/4011/3398
f 3370/3988/3376 3369/4003/3375 3384/4010/3390 3385/4012/3391
f 3378/3990/3384 3377/4004/3383 3392/4011/3398 3393/4013/3399
f 3371/3989/3377 3370/3988/3376 3385/4012/3391 3386/4014/3392
f 3379/3991/3385 3378/3990/3384 3393/4013/3399 3394/4015/3400
f 3372/3992/3378 3371/3989/3377 3386/4014/3392 3387/4016/3393
f 3380/3993/3386 3379/3991/3385 3394/4015/3400 3395/4017/3401
f 3373/3994/3379 3372/3992/3378 3387/4016/3393 3388/4018/3394
f 3381/3995/3387 3380/3993/3386 3395/4017/3401 3396/4019/3402
f 3374/3996/3380 3373/3994/3379 3388/4018/3394 3389/4005/3395
f 3367/3998/3373 3059/4020/3065 3382/4007/3388
f 3066/4021/3072 3381/3995/3387 3396/4019/3402
f 3394/4015/3400 3393/4013/3399 3408/4022/3414 3409/4023/3415
f 3387/4016/3393 3386/4014/3392 3401/4024/3407 3402/4025/3408
f 3395/4017/3401 3394/4015/3400 3409/4023/3415 3410/4026/3416
f 3388/4018/3394 3387/4016/3393 3402/4025/3408 3403/4027/3409
f 3396/4019/3402 3395/4017/3401 3410/4026/3416 3411/4028/3417
f 3389/4005/3395 3388/4018/3394 3403/4027/3409 3404/4029/3410
f 3382/4007/3388 3059/4030/3065 3397/4031/3403
f 3066/4032/3072 3396/4019/3402 3411/4028/3417
f 3390/4006/3396 3389/4005/3395 3404/4029/3410 3405/4033/3411
f 3383/4008/3389 3382/4007/3388 3397/4031/3403 3398/4034/3404
f 3391/4009/3397 3390/4006/3396 3405/4033/3411 3406/4035/3412
f 3384/4010/3390 3383/4008/3389 3398/4034/3404 3399/4036/3405
f 3392/4011/3398 3391/4009/3397 3406/4035/3412 3407/4037/3413
f 3385/4012/3391 3384/4010/3390 3399/4036/3405 3400/4038/3406
f 3393/4013/3399 3392/4011/3398 3407/4037/3413 3408/4022/3414
f 3386/4014/3392 3385/4012/3391 3400/4038/3406 3401/4024/3407
f 3406/4035/3412 3405/4033/3411 3420/4039/3426 3421/4040/3427
f 3399/4036/3405 3398/4034/3404 3413/4041/3419 3414/4042/3420
f 3407/4037/3413 3406/4035/3412 3421/4040/3427 3422/4043/3428
f 3400/4038/3406 3399/4036/3405 3414/4042/3420 3415/4044/3421
f 3408/4022/3414 3407/4037/3413 3422/4043/3428 3423/4045/3429
f 3401/4024/3407 3400/4038/3406 3415/4044/3421 3416/4046/3422
f 3409/4023/3415 3408/4022/3414 3423/4045/3429 3424/4047/3430
f 3402/4025/3408 3401/4024/3407 3416/4046/3422 3417/4048/3423
f 3410/4026/3416 3409/4023/3415 3424/4047/3430 3425/4049/3431
f 3403/4027/3409 3402/4025/3408 3417/4048/3423 3418/4050/3424
f 3411/4028/3417 3410/4026/3416 3425/4049/3431 3426/4051/3432
f 3404/4029/3410 3403/4027/3409 3418/4050/3424 3419/4052/3425
f 3397/4031/3403 3059/4053/3065 3412/4054/3418
f 3066/4055/3072 3411/4028/3417 3426/4051/3432
f 3405/4033/3411 3404/4029/3410 3419/4052/3425 3420/4039/3426
f 3398/4034/3404 3397/4031/3403 3412/4054/3418 3413/4041/3419
f 3425/4056/3431 3424/4057/3430 3439/4058/3445 3440/4059/3446
f 3418/4060/3424 3417/4061/3423 3432/4062/3438 3433/4063/3439
f 3426/4064/3432 3425/4056/3431 3440/4059/3446 3441/4065/3447
f 3419/4066/3425 3418/4060/3424 3433/4063/3439 3434/4067/3440
f 3412/4068/3418 3059/4069/3065 3427/4070/3433
f 3066/4071/3072 3426/4064/3432 3441/4065/3447
f 3420/4072/3426 3419/4066/3425 3434/4067/3440 3435/4073/3441
f 3413/4074/3419 3412/4068/3418 3427/4070/3433 3428/4075/3434
f 3421/4076/3427 3420/4072/3426 3435/4073/3441 3436/4077/3442
f 3414/4078/3420 3413/4074/3419 3428/4075/3434 3429/4079/3435
f 3422/4080/3428 3421/4076/3427 3436/4077/3442 3437/4081/3443
f 3415/4082/3421 3414/4078/3420 3429/4079/3435 3430/4083/3436
f 3423/4084/3429 3422/4080/3428 3437/4081/3443 3438/4085/3444
f 3416/4086/3422 3415/4082/3421 3430/4083/3436 3431/4087/3437
f 3424/4057/3430 3423/4084/3429 3438/4085/3444 3439/4058/3445
f 3417/4061/3423 3416/4086/3422 3431/4087/3437 3432/4062/3438
f 3429/4079/3435 3428/4075/3434 3443/4088/3449 3444/4089/3450
f 3437/4081/3443 3436/4077/3442 3451/4090/3457 3452/4091/3458
f 3430/4083/3436 3429/4079/3435 3444/4089/3450 3445/4092/3451
f 3438/4085/3444 3437/4081/3443 3452/4091/3458 3453/4093/3459
f 3431/4087/3437 3430/4083/3436 3445/4092/3451 3446/4094/3452
f 3439/4058/3445 3438/4085/3444 3453/4093/3459 3454/4095/3460
f 3432/4062/3438 3431/4087/3437 3446/4094/3452 3447/4096/3453
f 3440/4059/3446 3439/4058/3445 3454/4095/3460 3455/4097/3461
f 3433/4063/3439 3432/4062/3438 3447/4096/3453 3448/4098/3454
f 3441/4065/3447 3440/4059/3446 3455/4097/3461 3456/4099/3462
f 3434/4067/3440 3433/4063/3439 3448/4098/3454 3449/4100/3455
f 3427/4070/3433 3059/4101/3065 3442/4102/3448
f 3066/4103/3072 3441/4065/3447 3456/4099/3462
f 3435/4073/3441 3434/4067/3440 3449/4100/3455 3450/4104/3456
f 3428/4075/3434 3427/4070/3433 3442/4102/3448 3443/4088/3449
f 3436/4077/3442 3435/4073/3441 3450/4104/3456 3451/4090/3457
f 3448/4098/3454 3447/4096/3453 3462/4105/3468 3463/4106/3469
f 3456/4099/3462 3455/4097/3461 3470/4107/3476 3471/4108/3477
f 3449/4100/3455 3448/4098/3454 3463/4106/3469 3464/4109/3470
f 3442/4102/3448 3059/4110/3065 3457/4111/3463
f 3066/4112/3072 3456/4099/3462 3471/4108/3477
f 3450/4104/3456 3449/4100/3455 3464/4109/3470 3465/4113/3471
f 3443/4088/3449 3442/4102/3448 3457/4111/3463 3458/4114/3464
f 3451/4090/3457 3450/4104/3456 3465/4113/3471 3466/4115/3472
f 3444/4089/3450 3443/4088/3449 3458/4114/3464 3459/4116/3465
f 3452/4091/3458 3451/4090/3457 3466/4115/3472 3467/4117/3473
f 3445/4092/3451 3444/4089/3450 3459/4116/3465 3460/4118/3466
f 3453/4093/3459 3452/4091/3458 3467/4117/3473 3468/4119/3474
f 3446/4094/3452 3445/4092/3451 3460/4118/3466 3461/4120/3467
f 3454/4095/3460 3453/4093/3459 3468/4119/3474 3469/4121/3475
f 3447/4096/3453 3446/4094/3452 3461/4120/3467 3462/4105/3468
f 3455/4097/3461 3454/4095/3460 3469/4121/3475 3470/4107/3476
f 3467/4117/3473 3466/4115/3472 3481/4122/3487 3482/4123/3488
f 3460/4118/3466 3459/4116/3465 3474/4124/3480 3475/4125/3481
f 3468/4119/3474 3467/4117/3473 3482/4123/3488 3483/4126/3489
f 3461/4120/3467 3460/4118/3466 3475/4125/3481 3476/4127/3482
f 3469/4121/3475 3468/4119/3474 3483/4126/3489 3484/4128/3490
f 3462/4105/3468 3461/4120/3467 3476/4127/3482 3477/4129/3483
f 3470/4107/3476 3469/4121/3475 3484/4128/3490 3485/4130/3491
f 3463/4106/3469 3462/4105/3468 3477/4129/3483 3478/4131/3484
f 3471/4108/3477 3470/4107/3476 3485/4130/3491 3486/4132/3492
f 3464/4109/3470 3463/4106/3469 3478/4131/3484 3479/4133/3485
f 3457/4111/3463 3059/4134/3065 3472/4135/3478
f 3066/4136/3072 3471/4108/3477 3486/4132/3492
f 3465/4113/3471 3464/4109/3470 3479/4133/3485 3480/4137/3486
f 3458/4114/3464 3457/4111/3463 3472/4135/3478 3473/4138/3479
f 3466/4115/3472 3465/4113/3471 3480/4137/3486 3481/4122/3487
f 3459/4116/3465 3458/4114/3464 3473/4138/3479 3474/4124/3480
f 3486/4132/3492 3485/4130/3491 3500/4139/3506 3501/4140/3507
f 3479/4133/3485 3478/4131/3484 3493/4141/3499 3494/4142/3500
f 3472/4135/3478 3059/4143/3065 3487/4144/3493
f 3066/4145/3072 3486/4132/3492 3501/4140/3507
f 3480/4137/3486 3479/4133/3485 3494/4142/3500 3495/4146/3501
f 3473/4138/3479 3472/4135/3478 3487/4144/3493 3488/4147/3494
f 3481/4122/3487 3480/4137/3486 3495/4146/3501 3496/4148/3502
f 3474/4124/3480 3473/4138/3479 3488/4147/3494 3489/4149/3495
f 3482/4123/3488 3481/4122/3487 3496/4148/3502 3497/4150/3503
f 3475/4125/3481 3474/4124/3480 3489/4149/3495 3490/4151/3496
f 3483/4126/3489 3482/4123/3488 3497/4150/3503 3498/4152/3504
f 3476/4127/3482 3475/4125/3481 3490/4151/3496 3491/4153/3497
f 3484/4128/3490 3483/4126/3489 3498/4152/3504 3499/4154/3505
f 3477/4129/3483 3476/4127/3482 3491/4153/3497 3492/4155/3498
f 3485/4130/3491 3484/4128/3490 3499/4154/3505 3500/4139/3506
f 3478/4131/3484 3477/4129/3483 3492/4155/3498 3493/4141/3499
f 3490/4151/3496 3489/4149/3495 3504/4156/3510 3505/4157/3511
f 3498/4152/3504 3497/4150/3503 3512/4158/3518 3513/4159/3519
f 3491/4153/3497 3490/4151/3496 3505/4157/3511 3506/4160/3512
f 3499/4154/3505 3498/4152/3504 3513/4159/3519 3514/4161/3520
f 3492/4155/3498 3491/4153/3497 3506/4160/3512 3507/4162/3513
f 3500/4139/3506 3499/4154/3505 3514/4161/3520 3515/4163/3521
f 3493/4141/3499 3492/4155/3498 3507/4162/3513 3508/4164/3514
f 3501/4140/3507 3500/4139/3506 3515/4163/3521 3516/4165/3522
f 3494/4142/3500 3493/4141/3499 3508/4164/3514 3509/4166/3515
f 3487/4144/3493 3059/4167/3065 3502/4168/3508
f 3066/4169/3072 3501/4140/3507 3516/4165/3522
f 3495/4146/3501 3494/4142/3500 3509/4166/3515 3510/4170/3516
f 3488/4147/3494 3487/4144/3493 3502/4168/3508 3503/4171/3509
f 3496/4148/3502 3495/4146/3501 3510/4170/3516 3511/4172/3517
f 3489/4149/3495 3488/4147/3494 3503/4171/3509 3504/4156/3510
f 3497/4150/3503 3496/4148/3502 3511/4172/3517 3512/4158/3518
f 3509/4166/3515 3508/4164/3514 3523/4173/3529 3524/4174/3530
f 3502/4168/3508 3059/4175/3065 3517/4176/3523
f 3066/4177/3072 3516/4165/3522 3531/4178/3537
f 3510/4170/3516 3509/4166/3515 3524/4174/3530 3525/4179/3531
f 3503/4171/3509 3502/4168/3508 3517/4176/3523 3518/4180/3524
f 3511/4172/3517 3510/4170/3516 3525/4179/3531 3526/4181/3532
f 3504/4156/3510 3503/4171/3509 3518/4180/3524 3519/4182/3525
f 3512/4158/3518 3511/4172/3517 3526/4181/3532 3527/4183/3533
f 3505/4157/3511 3504/4156/3510 3519/4182/3525 3520/4184/3526
f 3513/4159/3519 3512/4158/3518 3527/4183/3533 3528/4185/3534
f 3506/4160/3512 3505/4157/3511 3520/4184/3526 3521/4186/3527
f 3514/4161/3520 3513/4159/3519 3528/4185/3534 3529/4187/3535
f 3507/4162/3513 3506/4160/3512 3521/4186/3527 3522/4188/3528
f 3515/4163/3521 3514/4161/3520 3529/4187/3535 3530/4189/3536
f 3508/4164/3514 3507/4162/3513 3522/4188/3528 3523/4173/3529
f 3516/4165/3522 3515/4163/3521 3530/4189/3536 3531/4178/3537
f 3528/4185/3534 3527/4183/3533 3065/3634/3071 3537/3633/3543
f 3521/4186/3527 3520/4184/3526 3534/3638/3540 3061/3637/3067
f 3529/4187/3535 3528/4185/3534 3537/3633/3543 3538/3641/3544
f 3522/4188/3528 3521/4186/3527 3061/3637/3067 3535/3643/3541
f 3530/4189/3536 3529/4187/3535 3538/3641/3544 3539/3645/3545
f 3523/4173/3529 3522/4188/3528 3535/3643/3541 3062/3647/3068
f 3531/4178/3537 3530/4189/3536 3539/3645/3545 3540/3649/3546
f 3524/4174/3530 3523/4173/3529 3062/3647/3068 3063/3651/3069
f 3517/4176/3523 3059/4190/3065 3532/3653/3538
f 3066/4191/3072 3531/4178/3537 3540/3649/3546
f 3525/4179/3531 3524/4174/3530 3063/3651/3069 3064/3657/3070
f 3518/4180/3524 3517/4176/3523 3532/3653/3538 3533/3659/3539
f 3526/4181/3532 3525/4179/3531 3064/3657/3070 3536/3661/3542
f 3519/4182/3525 3518/4180/3524 3533/3659/3539 3060/3663/3066
f 3527/4183/3533 3526/4181/3532 3536/3661/3542 3065/3634/3071
f 3520/4184/3526 3519/4182/3525 3060/3663/3066 3534/3638/3540
o Pata_de_palo
v 0.400000 0.075000 -0.119252
v 0.400000 0.134993 -0.179097
v 0.400000 0.092572 -0.161943
v 0.400000 3.425000 -0.068852
v 0.400000 3.365006 -0.130503
v 0.400000 3.407428 -0.112072
v 0.436851 0.075000 -0.113416
v 0.455344 0.134993 -0.170332
v 0.450043 0.092572 -0.154017
v 0.421276 3.425000 -0.065482
v 0.440328 3.365006 -0.124115
v 0.434632 3.407428 -0.106587
v 0.470095 0.075000 -0.096477
v 0.505271 0.134993 -0.144893
v 0.495188 0.092572 -0.131015
v 0.440470 3.425000 -0.055703
v 0.476708 3.365006 -0.105579
v 0.465874 3.407428 -0.090668
v 0.496477 0.075000 -0.070095
v 0.544893 0.134993 -0.105271
v 0.531015 0.092572 -0.095188
v 0.455703 3.425000 -0.040470
v 0.505579 3.365006 -0.076707
v 0.490668 3.407428 -0.065874
v 0.513416 0.075000 -0.036851
v 0.570332 0.134993 -0.055344
v 0.554017 0.092572 -0.050043
v 0.465482 3.425000 -0.021276
v 0.524115 3.365006 -0.040328
v 0.506587 3.407428 -0.034632
v 0.519252 0.075000 0.000000
v 0.579097 0.134993 0.000000
v 0.561943 0.092572 0.000000
v 0.468852 3.425000 0.000000
v 0.530503 3.365006 0.000000
v 0.512072 3.407428 0.000000
v 0.513416 0.075000 0.036851
v 0.570332 0.134993 0.055344
v 0.554017 0.092572 0.050043
v 0.465482 3.425000 0.021276
v 0.524115 3.365006 0.040328
v 0.506587 3.407428 0.034632
v 0.496477 0.075000 0.070095
v 0.544893 0.134993 0.105271
v 0.531015 0.092572 0.095188
v 0.455703 3.425000 0.040470
v 0.505579 3.365006 0.076707
v 0.490668 3.407428 0.065874
v 0.470095 0.075000 0.096477
v 0.505271 0.134993 0.144893
v 0.495188 0.092572 0.131015
v 0.440470 3.425000 0.055703
v 0.476708 3.365006 0.105579
v 0.465874 3.407428 0.090668
v 0.436851 0.075000 0.113416
v 0.455344 0.134993 0.170332
v 0.450043 0.092572 0.154017
v 0.421276 3.425000 0.065482
v 0.440328 3.365006 0.124115
v 0.434632 3.407428 0.106587
v 0.400000 0.075000 0.119252
v 0.400000 0.134993 0.179097
v 0.400000 0.092572 0.161943
v 0.400000 3.425000 0.068852
v 0.400000 3.365006 0.130503
v 0.400000 3.407428 0.112072
v 0.363149 0.075000 0.113416
v 0.344656 0.134993 0.170332
v 0.349957 0.092572 0.154017
v 0.378724 3.425000 0.065482
v 0.359672 3.365006 0.124115
v 0.365368 3.407428 0.106587
v 0.329905 0.075000 0.096477
v 0.294729 0.134993 0.144893
v 0.304812 0.092572 0.131015
v 0.359530 3.425000 0.055703
v 0.323292 3.365006 0.105579
v 0.334126 3.407428 0.090668
v 0.303523 0.075000 0.070095
v 0.255107 0.134993 0.105271
v 0.268985 0.092572 0.095188
v 0.344297 3.425000 0.040470
v 0.294421 3.365006 0.076707
v 0.309332 3.407428 0.065874
v 0.286584 0.075000 0.036851
v 0.229668 0.134993 0.055344
v 0.245983 0.092572 0.050043
v 0.334518 3.425000 0.021276
v 0.275885 3.365006 0.040328
v 0.293413 3.407428 0.034632
v 0.280748 0.075000 -0.000000
v 0.220903 0.134993 0.000000
v 0.238057 0.092572 -0.000000
v 0.331148 3.425000 0.000000
v 0.269497 3.365006 0.000000
v 0.287928 3.407428 0.000000
v 0.286584 0.075000 -0.036851
v 0.229668 0.134993 -0.055344
v 0.245983 0.092572 -0.050043
v 0.334518 3.425000 -0.021276
v 0.275885 3.365006 -0.040328
v 0.293413 3.407428 -0.034632
v 0.303523 0.075000 -0.070095
v 0.255107 0.134993 -0.105271
v 0.268985 0.092572 -0.095188
v 0.344297 3.425000 -0.040470
v 0.294421 3.365006 -0.076707
v 0.309332 3.407428 -0.065874
v 0.329905 0.075000 -0.096477
v 0.294729 0.134993 -0.144893
v 0.304812 0.092572 -0.131015
v 0.359530 3.425000 -0.055703
v 0.323292 3.365006 -0.105579
v 0.334126 3.407428 -0.090668
v 0.363149 0.075000 -0.113416
v 0.344656 0.134993 -0.170332
v 0.349957 0.092572 -0.154017
v 0.378724 3.425000 -0.065482
v 0.359672 3.365006 -0.124115
v 0.365368 3.407428 -0.106587
vn -0.0000 -0.9772 -0.2125
vn -0.0000 -0.1801 -0.9836
vn -0.0000 -0.6861 -0.7275
vn -0.0000 0.9777 -0.2102
vn -0.0000 0.2069 -0.9784
vn -0.0000 0.6971 -0.7170
vn 0.0657 -0.9772 -0.2021
vn 0.3040 -0.1801 -0.9355
vn 0.2248 -0.6861 -0.6919
vn 0.0650 0.9777 -0.1999
vn 0.3023 0.2069 -0.9305
vn 0.2216 0.6971 -0.6819
vn 0.1249 -0.9772 -0.1719
vn 0.5782 -0.1801 -0.7958
vn 0.4276 -0.6861 -0.5886
vn 0.1236 0.9777 -0.1701
vn 0.5751 0.2069 -0.7915
vn 0.4214 0.6971 -0.5801
vn 0.1719 -0.9772 -0.1249
vn 0.7958 -0.1801 -0.5782
vn 0.5886 -0.6861 -0.4276
vn 0.1701 0.9777 -0.1236
vn 0.7915 0.2069 -0.5751
vn 0.5801 0.6971 -0.4214
vn 0.2021 -0.9772 -0.0657
vn 0.9355 -0.1801 -0.3040
vn 0.6919 -0.6861 -0.2248
vn 0.1999 0.9777 -0.0650
vn 0.9305 0.2069 -0.3023
vn 0.6819 0.6971 -0.2216
vn 0.2125 -0.9772 -0.0000
vn 0.9836 -0.1801 -0.0000
vn 0.7275 -0.6861 -0.0000
vn 0.2102 0.9777 -0.0000
vn 0.9784 0.2069 -0.0000
vn 0.7170 0.6971 -0.0000
vn 0.2021 -0.9772 0.0657
vn 0.9355 -0.1801 0.3040
vn 0.6919 -0.6861 0.2248
vn 0.1999 0.9777 0.0650
vn 0.9305 0.2069 0.3023
vn 0.6819 0.6971 0.2216
vn 0.1719 -0.9772 0.1249
vn 0.7958 -0.1801 0.5782
vn 0.5886 -0.6861 0.4276
vn 0.1701 0.9777 0.1236
vn 0.7915 0.2069 0.5751
vn 0.5801 0.6971 0.4214
vn 0.1249 -0.9772 0.1719
vn 0.5782 -0.1801 0.7958
vn 0.4276 -0.6861 0.5886
vn 0.1236 0.9777 0.1701
vn 0.5751 0.2069 0.7915
vn 0.4214 0.6971 0.5801
vn 0.0657 -0.9772 0.2021
vn 0.3040 -0.1801 0.9355
vn 0.2248 -0.6861 0.6919
vn 0.0650 0.9777 0.1999
vn 0.3023 0.2069 0.9305
vn 0.2216 0.6971 0.6819
vn -0.0000 -0.9772 0.2125
vn -0.0000 -0.1801 0.9836
vn -0.0000 -0.6861 0.7275
vn -0.0000 0.9777 0.2102
vn -0.0000 0.2069 0.9784
vn -0.0000 0.6971 0.7170
vn -0.0657 -0.9772 0.2021
vn -0.3040 -0.1801 0.9355
vn -0.2248 -0.6861 0.6919
vn -0.0650 0.9777 0.1999
vn -0.3023 0.2069 0.9305
vn -0.2216 0.6971 0.6819
vn -0.1249 -0.9772 0.1719
vn -0.5782 -0.1801 0.7958
vn -0.4276 -0.6861 0.5886
vn -0.1236 0.9777 0.1701
vn -0.5751 0.2069 0.7915
vn -0.4214 0.6971 0.5801
vn -0.1719 -0.9772 0.1249
vn -0.7958 -0.1801 0.5782
vn -0.5886 -0.6861 0.4276
vn -0.1701 0.9777 0.1236
vn -0.7915 0.2069 0.5751
vn -0.5801 0.6971 0.4214
vn -0.2021 -0.9772 0.0657
vn -0.9355 -0.1801 0.3040
vn -0.6919 -0.6861 0.2248
vn -0.1999 0.9777 0.0650
vn -0.9305 0.2069 0.3023
vn -0.6819 0.6971 0.2216
vn -0.2125 -0.9772 -0.0000
vn -0.9836 -0.1801 -0.0000
vn -0.7275 -0.6861 -0.0000
vn -0.2102 0.9777 -0.0000
vn -0.9784 0.2069 -0.0000
vn -0.7170 0.6971 -0.0000
vn -0.2021 -0.9772 -0.0657
vn -0.9355 -0.1801 -0.3040
vn -0.6919 -0.6861 -0.2248
vn -0.1999 0.9777 -0.0650
vn -0.9305 0.2069 -0.3023
vn -0.6819 0.6971 -0.2216
vn -0.1719 -0.9772 -0.1249
vn -0.7958 -0.1801 -0.5782
vn -0.5886 -0.6861 -0.4276
vn -0.1701 0.9777 -0.1236
vn -0.7915 0.2069 -0.5751
vn -0.5801 0.6971 -0.4214
vn -0.1249 -0.9772 -0.1719
vn -0.5782 -0.1801 -0.7958
vn -0.4276 -0.6861 -0.5886
vn -0.1236 0.9777 -0.1701
vn -0.5751 0.2069 -0.7915
vn -0.4214 0.6971 -0.5801
vn -0.0657 -0.9772 -0.2021
vn -0.3040 -0.1801 -0.9355
vn -0.2248 -0.6861 -0.6919
vn -0.0650 0.9777 -0.1999
vn -0.3023 0.2069 -0.9305
vn -0.2216 0.6971 -0.6819
vt 1.000000 0.508954
vt 0.950000 0.508954
vt 0.950000 0.500000
vt 0.997492 0.500000
vt 0.750000 0.489411
vt 0.823982 0.477693
vt 0.799134 0.401221
vt 0.750000 0.409003
vt 0.950000 0.991046
vt 1.000000 0.991046
vt 0.996619 1.000000
vt 0.950000 1.000000
vt 0.323919 0.477498
vt 0.250000 0.489206
vt 0.250000 0.377504
vt 0.289401 0.371263
vt 0.900000 0.508954
vt 0.900000 0.500000
vt 0.890722 0.443687
vt 0.843459 0.378636
vt 0.900000 0.991046
vt 0.900000 1.000000
vt 0.390602 0.443521
vt 0.324945 0.353153
vt 0.850000 0.508954
vt 0.850000 0.500000
vt 0.943687 0.390722
vt 0.878636 0.343459
vt 0.850000 0.991046
vt 0.850000 1.000000
vt 0.443521 0.390602
vt 0.353153 0.324945
vt 0.800000 0.508954
vt 0.800000 0.500000
vt 0.977693 0.323982
vt 0.901221 0.299135
vt 0.800000 0.991046
vt 0.800000 1.000000
vt 0.477498 0.323919
vt 0.371263 0.289401
vt 0.750000 0.508954
vt 0.750000 0.500000
vt 0.989411 0.250000
vt 0.909003 0.250000
vt 0.750000 0.991046
vt 0.750000 1.000000
vt 0.489206 0.250000
vt 0.377504 0.250000
vt 0.700000 0.508954
vt 0.700000 0.500000
vt 0.977693 0.176018
vt 0.901221 0.200865
vt 0.700000 0.991046
vt 0.700000 1.000000
vt 0.477498 0.176081
vt 0.371263 0.210599
vt 0.650000 0.508954
vt 0.650000 0.500000
vt 0.943687 0.109278
vt 0.878636 0.156540
vt 0.650000 0.991046
vt 0.650000 1.000000
vt 0.443521 0.109398
vt 0.353153 0.175055
vt 0.600000 0.508954
vt 0.600000 0.500000
vt 0.890722 0.056313
vt 0.843459 0.121364
vt 0.600000 0.991046
vt 0.600000 1.000000
vt 0.390602 0.056479
vt 0.324945 0.146847
vt 0.550000 0.508954
vt 0.550000 0.500000
vt 0.823982 0.022307
vt 0.799134 0.098779
vt 0.550000 0.991046
vt 0.550000 1.000000
vt 0.323919 0.022502
vt 0.289401 0.128737
vt 0.500000 0.508954
vt 0.500000 0.500000
vt 0.750000 0.010589
vt 0.750000 0.090997
vt 0.500000 0.991046
vt 0.500000 1.000000
vt 0.250000 0.010794
vt 0.250000 0.122496
vt 0.450000 0.508954
vt 0.450000 0.500000
vt 0.676018 0.022307
vt 0.700865 0.098779
vt 0.450000 0.991046
vt 0.450000 1.000000
vt 0.176081 0.022502
vt 0.210599 0.128737
vt 0.400000 0.508954
vt 0.400000 0.500000
vt 0.609278 0.056313
vt 0.656541 0.121364
vt 0.400000 0.991046
vt 0.400000 1.000000
vt 0.109398 0.056479
vt 0.175055 0.146847
vt 0.350000 0.508954
vt 0.350000 0.500000
vt 0.556313 0.109278
vt 0.621364 0.156540
vt 0.350000 0.991046
vt 0.350000 1.000000
vt 0.056479 0.109398
vt 0.146847 0.175055
vt 0.300000 0.508954
vt 0.300000 0.500000
vt 0.522307 0.176018
vt 0.598779 0.200865
vt 0.300000 0.991046
vt 0.300000 1.000000
vt 0.022502 0.176081
vt 0.128737 0.210599
vt 0.250000 0.508954
vt 0.250000 0.500000
vt 0.510589 0.250000
vt 0.590997 0.250000
vt 0.250000 0.991046
vt 0.250000 1.000000
vt 0.010794 0.250000
vt 0.122496 0.250000
vt 0.200000 0.508954
vt 0.200000 0.500000
vt 0.522307 0.323982
vt 0.598779 0.299135
vt 0.200000 0.991046
vt 0.200000 1.000000
vt 0.022502 0.323919
vt 0.128737 0.289401
vt 0.150000 0.508954
vt 0.150000 0.500000
vt 0.556313 0.390722
vt 0.621364 0.343459
vt 0.150000 0.991046
vt 0.150000 1.000000
vt 0.056479 0.390602
vt 0.146847 0.324945
vt 0.100000 0.508954
vt 0.100000 0.500000
vt 0.609278 0.443687
vt 0.656541 0.378636
vt 0.100000 0.991046
vt 0.100000 1.000000
vt 0.109398 0.443521
vt 0.175055 0.353153
vt 0.050000 0.508954
vt 0.050000 0.500000
vt 0.676018 0.477693
vt 0.700865 0.401221
vt 0.050000 0.991046
vt 0.050000 1.000000
vt 0.176081 0.477498
vt 0.210599 0.371263
vt -0.000000 0.508954
vt 0.002508 0.500000
vt -0.000000 0.991046
vt 0.003381 1.000000
s 1
usemtl Madera_pata.006
f 3542/4192/3548 3548/4193/3554 3549/4194/3555 3543/4195/3549
f 3543/4196/3549 3549/4197/3555 3547/4198/3553 3541/4199/3547
f 3551/4200/3557 3545/4201/3551 3546/4202/3552 3552/4203/3558
f 3552/4204/3558 3546/4205/3552 3544/4206/3550 3550/4207/3556
f 3548/4193/3554 3554/4208/3560 3555/4209/3561 3549/4194/3555
f 3549/4197/3555 3555/4210/3561 3553/4211/3559 3547/4198/3553
f 3557/4212/3563 3551/4200/3557 3552/4203/3558 3558/4213/3564
f 3558/4214/3564 3552/4204/3558 3550/4207/3556 3556/4215/3562
f 3554/4208/3560 3560/4216/3566 3561/4217/3567 3555/4209/3561
f 3555/4210/3561 3561/4218/3567 3559/4219/3565 3553/4211/3559
f 3563/4220/3569 3557/4212/3563 3558/4213/3564 3564/4221/3570
f 3564/4222/3570 3558/4214/3564 3556/4215/3562 3562/4223/3568
f 3560/4216/3566 3566/4224/3572 3567/4225/3573 3561/4217/3567
f 3561/4218/3567 3567/4226/3573 3565/4227/3571 3559/4219/3565
f 3569/4228/3575 3563/4220/3569 3564/4221/3570 3570/4229/3576
f 3570/4230/3576 3564/4222/3570 3562/4223/3568 3568/4231/3574
f 3566/4224/3572 3572/4232/3578 3573/4233/3579 3567/4225/3573
f 3567/4226/3573 3573/4234/3579 3571/4235/3577 3565/4227/3571
f 3575/4236/3581 3569/4228/3575 3570/4229/3576 3576/4237/3582
f 3576/4238/3582 3570/4230/3576 3568/4231/3574 3574/4239/3580
f 3572/4232/3578 3578/4240/3584 3579/4241/3585 3573/4233/3579
f 3573/4234/3579 3579/4242/3585 3577/4243/3583 3571/4235/3577
f 3581/4244/3587 3575/4236/3581 3576/4237/3582 3582/4245/3588
f 3582/4246/3588 3576/4238/3582 3574/4239/3580 3580/4247/3586
f 3578/4240/3584 3584/4248/3590 3585/4249/3591 3579/4241/3585
f 3579/4242/3585 3585/4250/3591 3583/4251/3589 3577/4243/3583
f 3587/4252/3593 3581/4244/3587 3582/4245/3588 3588/4253/3594
f 3588/4254/3594 3582/4246/3588 3580/4247/3586 3586/4255/3592
f 3584/4248/3590 3590/4256/3596 3591/4257/3597 3585/4249/3591
f 3585/4250/3591 3591/4258/3597 3589/4259/3595 3583/4251/3589
f 3593/4260/3599 3587/4252/3593 3588/4253/3594 3594/4261/3600
f 3594/4262/3600 3588/4254/3594 3586/4255/3592 3592/4263/3598
f 3590/4256/3596 3596/4264/3602 3597/4265/3603 3591/4257/3597
f 3591/4258/3597 3597/4266/3603 3595/4267/3601 3589/4259/3595
f 3599/4268/3605 3593/4260/3599 3594/4261/3600 3600/4269/3606
f 3600/4270/3606 3594/4262/3600 3592/4263/3598 3598/4271/3604
f 3596/4264/3602 3602/4272/3608 3603/4273/3609 3597/4265/3603
f 3597/4266/3603 3603/4274/3609 3601/4275/3607 3595/4267/3601
f 3605/4276/3611 3599/4268/3605 3600/4269/3606 3606/4277/3612
f 3606/4278/3612 3600/4270/3606 3598/4271/3604 3604/4279/3610
f 3602/4272/3608 3608/4280/3614 3609/4281/3615 3603/4273/3609
f 3603/4274/3609 3609/4282/3615 3607/4283/3613 3601/4275/3607
f 3611/4284/3617 3605/4276/3611 3606/4277/3612 3612/4285/3618
f 3612/4286/3618 3606/4278/3612 3604/4279/3610 3610/4287/3616
f 3608/4280/3614 3614/4288/3620 3615/4289/3621 3609/4281/3615
f 3609/4282/3615 3615/4290/3621 3613/4291/3619 3607/4283/3613
f 3617/4292/3623 3611/4284/3617 3612/4285/3618 3618/4293/3624
f 3618/4294/3624 3612/4286/3618 3610/4287/3616 3616/4295/3622
f 3614/4288/3620 3620/4296/3626 3621/4297/3627 3615/4289/3621
f 3615/4290/3621 3621/4298/3627 3619/4299/3625 3613/4291/3619
f 3623/4300/3629 3617/4292/3623 3618/4293/3624 3624/4301/3630
f 3624/4302/3630 3618/4294/3624 3616/4295/3622 3622/4303/3628
f 3620/4296/3626 3626/4304/3632 3627/4305/3633 3621/4297/3627
f 3621/4298/3627 3627/4306/3633 3625/4307/3631 3619/4299/3625
f 3629/4308/3635 3623/4300/3629 3624/4301/3630 3630/4309/3636
f 3630/4310/3636 3624/4302/3630 3622/4303/3628 3628/4311/3634
f 3626/4304/3632 3632/4312/3638 3633/4313/3639 3627/4305/3633
f 3627/4306/3633 3633/4314/3639 3631/4315/3637 3625/4307/3631
f 3635/4316/3641 3629/4308/3635 3630/4309/3636 3636/4317/3642
f 3636/4318/3642 3630/4310/3636 3628/4311/3634 3634/4319/3640
f 3632/4312/3638 3638/4320/3644 3639/4321/3645 3633/4313/3639
f 3633/4314/3639 3639/4322/3645 3637/4323/3643 3631/4315/3637
f 3641/4324/3647 3635/4316/3641 3636/4317/3642 3642/4325/3648
f 3642/4326/3648 3636/4318/3642 3634/4319/3640 3640/4327/3646
f 3638/4320/3644 3644/4328/3650 3645/4329/3651 3639/4321/3645
f 3639/4322/3645 3645/4330/3651 3643/4331/3649 3637/4323/3643
f 3647/4332/3653 3641/4324/3647 3642/4325/3648 3648/4333/3654
f 3648/4334/3654 3642/4326/3648 3640/4327/3646 3646/4335/3652
f 3644/4328/3650 3650/4336/3656 3651/4337/3657 3645/4329/3651
f 3645/4330/3651 3651/4338/3657 3649/4339/3655 3643/4331/3649
f 3653/4340/3659 3647/4332/3653 3648/4333/3654 3654/4341/3660
f 3654/4342/3660 3648/4334/3654 3646/4335/3652 3652/4343/3658
f 3650/4336/3656 3656/4344/3662 3657/4345/3663 3651/4337/3657
f 3651/4338/3657 3657/4346/3663 3655/4347/3661 3649/4339/3655
f 3659/4348/3665 3653/4340/3659 3654/4341/3660 3660/4349/3666
f 3660/4350/3666 3654/4342/3660 3652/4343/3658 3658/4351/3664
f 3656/4344/3662 3542/4352/3548 3543/4353/3549 3657/4345/3663
f 3657/4346/3663 3543/4196/3549 3541/4199/3547 3655/4347/3661
f 3545/4354/3551 3659/4348/3665 3660/4349/3666 3546/4355/3552
f 3546/4205/3552 3660/4350/3666 3658/4351/3664 3544/4206/3550
f 3541/4199/3547 3547/4198/3553 3553/4211/3559 3559/4219/3565 3565/4227/3571 3571/4235/3577 3577/4243/3583 3583/4251/3589 3589/4259/3595 3595/4267/3601 3601/4275/3607 3607/4283/3613 3613/4291/3619 3619/4299/3625 3625/4307/3631 3631/4315/3637 3637/4323/3643 3643/4331/3649 3649/4339/3655 3655/4347/3661
f 3542/4192/3548 3545/4201/3551 3551/4200/3557 3548/4193/3554
f 3656/4344/3662 3659/4348/3665 3545/4354/3551 3542/4352/3548
f 3550/4207/3556 3544/4206/3550 3658/4351/3664 3652/4343/3658 3646/4335/3652 3640/4327/3646 3634/4319/3640 3628/4311/3634 3622/4303/3628 3616/4295/3622 3610/4287/3616 3604/4279/3610 3598/4271/3604 3592/4263/3598 3586/4255/3592 3580/4247/3586 3574/4239/3580 3568/4231/3574 3562/4223/3568 3556/4215/3562
f 3548/4193/3554 3551/4200/3557 3557/4212/3563 3554/4208/3560
f 3554/4208/3560 3557/4212/3563 3563/4220/3569 3560/4216/3566
f 3560/4216/3566 3563/4220/3569 3569/4228/3575 3566/4224/3572
f 3566/4224/3572 3569/4228/3575 3575/4236/3581 3572/4232/3578
f 3572/4232/3578 3575/4236/3581 3581/4244/3587 3578/4240/3584
f 3578/4240/3584 3581/4244/3587 3587/4252/3593 3584/4248/3590
f 3584/4248/3590 3587/4252/3593 3593/4260/3599 3590/4256/3596
f 3590/4256/3596 3593/4260/3599 3599/4268/3605 3596/4264/3602
f 3596/4264/3602 3599/4268/3605 3605/4276/3611 3602/4272/3608
f 3602/4272/3608 3605/4276/3611 3611/4284/3617 3608/4280/3614
f 3608/4280/3614 3611/4284/3617 3617/4292/3623 3614/4288/3620
f 3614/4288/3620 3617/4292/3623 3623/4300/3629 3620/4296/3626
f 3620/4296/3626 3623/4300/3629 3629/4308/3635 3626/4304/3632
f 3626/4304/3632 3629/4308/3635 3635/4316/3641 3632/4312/3638
f 3632/4312/3638 3635/4316/3641 3641/4324/3647 3638/4320/3644
f 3638/4320/3644 3641/4324/3647 3647/4332/3653 3644/4328/3650
f 3644/4328/3650 3647/4332/3653 3653/4340/3659 3650/4336/3656
f 3650/4336/3656 3653/4340/3659 3659/4348/3665 3656/4344/3662
o Base_pata_de_palo
v 0.400000 0.000000 -0.169252
v 0.400000 0.060000 -0.230000
v 0.400000 0.017574 -0.212207
v 0.400000 0.360000 -0.169252
v 0.400000 0.300000 -0.230000
v 0.400000 0.342426 -0.212207
v 0.467753 0.000000 -0.158521
v 0.486525 0.060000 -0.216296
v 0.481027 0.017574 -0.199374
v 0.467753 0.360000 -0.158521
v 0.486525 0.300000 -0.216296
v 0.481027 0.342426 -0.199374
v 0.528873 0.000000 -0.127379
v 0.564580 0.060000 -0.176525
v 0.554122 0.017574 -0.162130
v 0.528873 0.360000 -0.127379
v 0.564580 0.300000 -0.176525
v 0.554122 0.342426 -0.162130
v 0.577379 0.000000 -0.078873
v 0.626525 0.060000 -0.114580
v 0.612130 0.017574 -0.104122
v 0.577379 0.360000 -0.078873
v 0.626525 0.300000 -0.114580
v 0.612130 0.342426 -0.104122
v 0.608521 0.000000 -0.017753
v 0.666296 0.060000 -0.036525
v 0.649374 0.017574 -0.031027
v 0.608521 0.360000 -0.017753
v 0.666296 0.300000 -0.036525
v 0.649374 0.342426 -0.031027
v 0.619252 0.000000 0.050000
v 0.680000 0.060000 0.050000
v 0.662207 0.017574 0.050000
v 0.619252 0.360000 0.050000
v 0.680000 0.300000 0.050000
v 0.662207 0.342426 0.050000
v 0.608521 0.000000 0.117753
v 0.666296 0.060000 0.136525
v 0.649374 0.017574 0.131027
v 0.608521 0.360000 0.117753
v 0.666296 0.300000 0.136525
v 0.649374 0.342426 0.131027
v 0.577379 0.000000 0.178873
v 0.626525 0.060000 0.214580
v 0.612130 0.017574 0.204122
v 0.577379 0.360000 0.178873
v 0.626525 0.300000 0.214580
v 0.612130 0.342426 0.204122
v 0.528873 0.000000 0.227379
v 0.564580 0.060000 0.276525
v 0.554122 0.017574 0.262130
v 0.528873 0.360000 0.227379
v 0.564580 0.300000 0.276525
v 0.554122 0.342426 0.262130
v 0.467753 0.000000 0.258521
v 0.486525 0.060000 0.316296
v 0.481027 0.017574 0.299374
v 0.467753 0.360000 0.258521
v 0.486525 0.300000 0.316296
v 0.481027 0.342426 0.299374
v 0.400000 0.000000 0.269252
v 0.400000 0.060000 0.330000
v 0.400000 0.017574 0.312207
v 0.400000 0.360000 0.269252
v 0.400000 0.300000 0.330000
v 0.400000 0.342426 0.312207
v 0.332247 0.000000 0.258521
v 0.313475 0.060000 0.316296
v 0.318973 0.017574 0.299374
v 0.332247 0.360000 0.258521
v 0.313475 0.300000 0.316296
v 0.318973 0.342426 0.299374
v 0.271127 0.000000 0.227379
v 0.235420 0.060000 0.276525
v 0.245878 0.017574 0.262130
v 0.271127 0.360000 0.227379
v 0.235420 0.300000 0.276525
v 0.245878 0.342426 0.262130
v 0.222621 0.000000 0.178873
v 0.173475 0.060000 0.214580
v 0.187870 0.017574 0.204122
v 0.222621 0.360000 0.178873
v 0.173475 0.300000 0.214580
v 0.187870 0.342426 0.204122
v 0.191479 0.000000 0.117753
v 0.133704 0.060000 0.136525
v 0.150626 0.017574 0.131027
v 0.191479 0.360000 0.117753
v 0.133704 0.300000 0.136525
v 0.150626 0.342426 0.131027
v 0.180748 0.000000 0.050000
v 0.120000 0.060000 0.050000
v 0.137793 0.017574 0.050000
v 0.180748 0.360000 0.050000
v 0.120000 0.300000 0.050000
v 0.137793 0.342426 0.050000
v 0.191479 0.000000 -0.017753
v 0.133704 0.060000 -0.036525
v 0.150626 0.017574 -0.031027
v 0.191479 0.360000 -0.017753
v 0.133704 0.300000 -0.036525
v 0.150626 0.342426 -0.031027
v 0.222621 0.000000 -0.078873
v 0.173475 0.060000 -0.114580
v 0.187870 0.017574 -0.104122
v 0.222621 0.360000 -0.078873
v 0.173475 0.300000 -0.114580
v 0.187870 0.342426 -0.104122
v 0.271127 0.000000 -0.127379
v 0.235420 0.060000 -0.176525
v 0.245878 0.017574 -0.162130
v 0.271127 0.360000 -0.127379
v 0.235420 0.300000 -0.176525
v 0.245878 0.342426 -0.162130
v 0.332247 0.000000 -0.158521
v 0.313475 0.060000 -0.216296
v 0.318973 0.017574 -0.199374
v 0.332247 0.360000 -0.158521
v 0.313475 0.300000 -0.216296
v 0.318973 0.342426 -0.199374
vn -0.0000 -0.9774 -0.2114
vn -0.0000 -0.1936 -0.9811
vn -0.0000 -0.6916 -0.7223
vn -0.0000 0.9774 -0.2114
vn -0.0000 0.1936 -0.9811
vn -0.0000 0.6916 -0.7223
vn 0.0653 -0.9774 -0.2010
vn 0.3032 -0.1936 -0.9331
vn 0.2232 -0.6916 -0.6869
vn 0.0653 0.9774 -0.2010
vn 0.3032 0.1936 -0.9331
vn 0.2232 0.6916 -0.6869
vn 0.1242 -0.9774 -0.1710
vn 0.5767 -0.1936 -0.7937
vn 0.4245 -0.6916 -0.5843
vn 0.1242 0.9774 -0.1710
vn 0.5767 0.1936 -0.7937
vn 0.4245 0.6916 -0.5843
vn 0.1710 -0.9774 -0.1242
vn 0.7937 -0.1936 -0.5767
vn 0.5843 -0.6916 -0.4245
vn 0.1710 0.9774 -0.1242
vn 0.7937 0.1936 -0.5767
vn 0.5843 0.6916 -0.4245
vn 0.2010 -0.9774 -0.0653
vn 0.9331 -0.1936 -0.3032
vn 0.6869 -0.6916 -0.2232
vn 0.2010 0.9774 -0.0653
vn 0.9331 0.1936 -0.3032
vn 0.6869 0.6916 -0.2232
vn 0.2114 -0.9774 -0.0000
vn 0.9811 -0.1936 -0.0000
vn 0.7223 -0.6916 -0.0000
vn 0.2114 0.9774 -0.0000
vn 0.9811 0.1936 -0.0000
vn 0.7223 0.6916 -0.0000
vn 0.2010 -0.9774 0.0653
vn 0.9331 -0.1936 0.3032
vn 0.6869 -0.6916 0.2232
vn 0.2010 0.9774 0.0653
vn 0.9331 0.1936 0.3032
vn 0.6869 0.6916 0.2232
vn 0.1710 -0.9774 0.1242
vn 0.7937 -0.1936 0.5767
vn 0.5843 -0.6916 0.4245
vn 0.1710 0.9774 0.1242
vn 0.7937 0.1936 0.5767
vn 0.5843 0.6916 0.4245
vn 0.1242 -0.9774 0.1710
vn 0.5767 -0.1936 0.7937
vn 0.4245 -0.6916 0.5843
vn 0.1242 0.9774 0.1710
vn 0.5767 0.1936 0.7937
vn 0.4245 0.6916 0.5843
vn 0.0653 -0.9774 0.2010
vn 0.3032 -0.1936 0.9331
vn 0.2232 -0.6916 0.6869
vn 0.0653 0.9774 0.2010
vn 0.3032 0.1936 0.9331
vn 0.2232 0.6916 0.6869
vn -0.0000 -0.9774 0.2114
vn -0.0000 -0.1936 0.9811
vn -0.0000 -0.6916 0.7223
vn -0.0000 0.9774 0.2114
vn -0.0000 0.1936 0.9811
vn -0.0000 0.6916 0.7223
vn -0.0653 -0.9774 0.2010
vn -0.3032 -0.1936 0.9331
vn -0.2232 -0.6916 0.6869
vn -0.0653 0.9774 0.2010
vn -0.3032 0.1936 0.9331
vn -0.2232 0.6916 0.6869
vn -0.1242 -0.9774 0.1710
vn -0.5767 -0.1936 0.7937
vn -0.4245 -0.6916 0.5843
vn -0.1242 0.9774 0.1710
vn -0.5767 0.1936 0.7937
vn -0.4245 0.6916 0.5843
vn -0.1710 -0.9774 0.1242
vn -0.7937 -0.1936 0.5767
vn -0.5843 -0.6916 0.4245
vn -0.1710 0.9774 0.1242
vn -0.7937 0.1936 0.5767
vn -0.5843 0.6916 0.4245
vn -0.2010 -0.9774 0.0653
vn -0.9331 -0.1936 0.3032
vn -0.6869 -0.6916 0.2232
vn -0.2010 0.9774 0.0653
vn -0.9331 0.1936 0.3032
vn -0.6869 0.6916 0.2232
vn -0.2114 -0.9774 -0.0000
vn -0.9811 -0.1936 -0.0000
vn -0.7223 -0.6916 -0.0000
vn -0.2114 0.9774 -0.0000
vn -0.9811 0.1936 -0.0000
vn -0.7223 0.6916 -0.0000
vn -0.2010 -0.9774 -0.0653
vn -0.9331 -0.1936 -0.3032
vn -0.6869 -0.6916 -0.2232
vn -0.2010 0.9774 -0.0653
vn -0.9331 0.1936 -0.3032
vn -0.6869 0.6916 -0.2232
vn -0.1710 -0.9774 -0.1242
vn -0.7937 -0.1936 -0.5767
vn -0.5843 -0.6916 -0.4245
vn -0.1710 0.9774 -0.1242
vn -0.7937 0.1936 -0.5767
vn -0.5843 0.6916 -0.4245
vn -0.1242 -0.9774 -0.1710
vn -0.5767 -0.1936 -0.7937
vn -0.4245 -0.6916 -0.5843
vn -0.1242 0.9774 -0.1710
vn -0.5767 0.1936 -0.7937
vn -0.4245 0.6916 -0.5843
vn -0.0653 -0.9774 -0.2010
vn -0.3032 -0.1936 -0.9331
vn -0.2232 -0.6916 -0.6869
vn -0.0653 0.9774 -0.2010
vn -0.3032 0.1936 -0.9331
vn -0.2232 0.6916 -0.6869
vt 1.000000 0.583333
vt 0.950000 0.583333
vt 0.950000 0.500000
vt 0.998411 0.500000
vt 0.750000 0.489627
vt 0.824049 0.477899
vt 0.808074 0.428732
vt 0.750000 0.437930
vt 0.950000 0.916667
vt 1.000000 0.916667
vt 0.998411 1.000000
vt 0.950000 1.000000
vt 0.324049 0.477899
vt 0.250000 0.489627
vt 0.250000 0.437930
vt 0.308074 0.428732
vt 0.900000 0.583333
vt 0.900000 0.500000
vt 0.890849 0.443862
vt 0.860463 0.402039
vt 0.900000 0.916667
vt 0.900000 1.000000
vt 0.390849 0.443862
vt 0.360463 0.402039
vt 0.850000 0.583333
vt 0.850000 0.500000
vt 0.943862 0.390849
vt 0.902039 0.360463
vt 0.850000 0.916667
vt 0.850000 1.000000
vt 0.443862 0.390849
vt 0.402039 0.360463
vt 0.800000 0.583333
vt 0.800000 0.500000
vt 0.977899 0.324049
vt 0.928732 0.308074
vt 0.800000 0.916667
vt 0.800000 1.000000
vt 0.477899 0.324049
vt 0.428732 0.308074
vt 0.750000 0.583333
vt 0.750000 0.500000
vt 0.989627 0.250000
vt 0.937930 0.250000
vt 0.750000 0.916667
vt 0.750000 1.000000
vt 0.489627 0.250000
vt 0.437930 0.250000
vt 0.700000 0.583333
vt 0.700000 0.500000
vt 0.977899 0.175951
vt 0.928733 0.191926
vt 0.700000 0.916667
vt 0.700000 1.000000
vt 0.477899 0.175951
vt 0.428732 0.191926
vt 0.650000 0.583333
vt 0.650000 0.500000
vt 0.943862 0.109151
vt 0.902039 0.139537
vt 0.650000 0.916667
vt 0.650000 1.000000
vt 0.443862 0.109151
vt 0.402039 0.139537
vt 0.600000 0.583333
vt 0.600000 0.500000
vt 0.890849 0.056138
vt 0.860463 0.097961
vt 0.600000 0.916667
vt 0.600000 1.000000
vt 0.390849 0.056138
vt 0.360463 0.097961
vt 0.550000 0.583333
vt 0.550000 0.500000
vt 0.824049 0.022101
vt 0.808074 0.071268
vt 0.550000 0.916667
vt 0.550000 1.000000
vt 0.324049 0.022101
vt 0.308074 0.071268
vt 0.500000 0.583333
vt 0.500000 0.500000
vt 0.750000 0.010373
vt 0.750000 0.062070
vt 0.500000 0.916667
vt 0.500000 1.000000
vt 0.250000 0.010373
vt 0.250000 0.062070
vt 0.450000 0.583333
vt 0.450000 0.500000
vt 0.675951 0.022101
vt 0.691926 0.071268
vt 0.450000 0.916667
vt 0.450000 1.000000
vt 0.175951 0.022101
vt 0.191926 0.071268
vt 0.400000 0.583333
vt 0.400000 0.500000
vt 0.609151 0.056138
vt 0.639537 0.097961
vt 0.400000 0.916667
vt 0.400000 1.000000
vt 0.109151 0.056138
vt 0.139537 0.097961
vt 0.350000 0.583333
vt 0.350000 0.500000
vt 0.556138 0.109151
vt 0.597961 0.139537
vt 0.350000 0.916667
vt 0.350000 1.000000
vt 0.056138 0.109151
vt 0.097961 0.139537
vt 0.300000 0.583333
vt 0.300000 0.500000
vt 0.522101 0.175951
vt 0.571268 0.191926
vt 0.300000 0.916667
vt 0.300000 1.000000
vt 0.022101 0.175951
vt 0.071268 0.191926
vt 0.250000 0.583333
vt 0.250000 0.500000
vt 0.510373 0.250000
vt 0.562070 0.250000
vt 0.250000 0.916667
vt 0.250000 1.000000
vt 0.010373 0.250000
vt 0.062070 0.250000
vt 0.200000 0.583333
vt 0.200000 0.500000
vt 0.522101 0.324049
vt 0.571268 0.308074
vt 0.200000 0.916667
vt 0.200000 1.000000
vt 0.022101 0.324049
vt 0.071268 0.308074
vt 0.150000 0.583333
vt 0.150000 0.500000
vt 0.556138 0.390849
vt 0.597961 0.360463
vt 0.150000 0.916667
vt 0.150000 1.000000
vt 0.056138 0.390849
vt 0.097961 0.360463
vt 0.100000 0.583333
vt 0.100000 0.500000
vt 0.609151 0.443862
vt 0.639537 0.402039
vt 0.100000 0.916667
vt 0.100000 1.000000
vt 0.109151 0.443862
vt 0.139537 0.402039
vt 0.050000 0.583333
vt 0.050000 0.500000
vt 0.675951 0.477899
vt 0.691926 0.428732
vt 0.050000 0.916667
vt 0.050000 1.000000
vt 0.175951 0.477899
vt 0.191926 0.428732
vt -0.000000 0.583333
vt 0.001588 0.500000
vt -0.000000 0.916667
vt 0.001588 1.000000
s 1
usemtl Madera_pata.006
f 3662/4356/3668 3668/4357/3674 3669/4358/3675 3663/4359/3669
f 3663/4360/3669 3669/4361/3675 3667/4362/3673 3661/4363/3667
f 3671/4364/3677 3665/4365/3671 3666/4366/3672 3672/4367/3678
f 3672/4368/3678 3666/4369/3672 3664/4370/3670 3670/4371/3676
f 3668/4357/3674 3674/4372/3680 3675/4373/3681 3669/4358/3675
f 3669/4361/3675 3675/4374/3681 3673/4375/3679 3667/4362/3673
f 3677/4376/3683 3671/4364/3677 3672/4367/3678 3678/4377/3684
f 3678/4378/3684 3672/4368/3678 3670/4371/3676 3676/4379/3682
f 3674/4372/3680 3680/4380/3686 3681/4381/3687 3675/4373/3681
f 3675/4374/3681 3681/4382/3687 3679/4383/3685 3673/4375/3679
f 3683/4384/3689 3677/4376/3683 3678/4377/3684 3684/4385/3690
f 3684/4386/3690 3678/4378/3684 3676/4379/3682 3682/4387/3688
f 3680/4380/3686 3686/4388/3692 3687/4389/3693 3681/4381/3687
f 3681/4382/3687 3687/4390/3693 3685/4391/3691 3679/4383/3685
f 3689/4392/3695 3683/4384/3689 3684/4385/3690 3690/4393/3696
f 3690/4394/3696 3684/4386/3690 3682/4387/3688 3688/4395/3694
f 3686/4388/3692 3692/4396/3698 3693/4397/3699 3687/4389/3693
f 3687/4390/3693 3693/4398/3699 3691/4399/3697 3685/4391/3691
f 3695/4400/3701 3689/4392/3695 3690/4393/3696 3696/4401/3702
f 3696/4402/3702 3690/4394/3696 3688/4395/3694 3694/4403/3700
f 3692/4396/3698 3698/4404/3704 3699/4405/3705 3693/4397/3699
f 3693/4398/3699 3699/4406/3705 3697/4407/3703 3691/4399/3697
f 3701/4408/3707 3695/4400/3701 3696/4401/3702 3702/4409/3708
f 3702/4410/3708 3696/4402/3702 3694/4403/3700 3700/4411/3706
f 3698/4404/3704 3704/4412/3710 3705/4413/3711 3699/4405/3705
f 3699/4406/3705 3705/4414/3711 3703/4415/3709 3697/4407/3703
f 3707/4416/3713 3701/4408/3707 3702/4409/3708 3708/4417/3714
f 3708/4418/3714 3702/4410/3708 3700/4411/3706 3706/4419/3712
f 3704/4412/3710 3710/4420/3716 3711/4421/3717 3705/4413/3711
f 3705/4414/3711 3711/4422/3717 3709/4423/3715 3703/4415/3709
f 3713/4424/3719 3707/4416/3713 3708/4417/3714 3714/4425/3720
f 3714/4426/3720 3708/4418/3714 3706/4419/3712 3712/4427/3718
f 3710/4420/3716 3716/4428/3722 3717/4429/3723 3711/4421/3717
f 3711/4422/3717 3717/4430/3723 3715/4431/3721 3709/4423/3715
f 3719/4432/3725 3713/4424/3719 3714/4425/3720 3720/4433/3726
f 3720/4434/3726 3714/4426/3720 3712/4427/3718 3718/4435/3724
f 3716/4428/3722 3722/4436/3728 3723/4437/3729 3717/4429/3723
f 3717/4430/3723 3723/4438/3729 3721/4439/3727 3715/4431/3721
f 3725/4440/3731 3719/4432/3725 3720/4433/3726 3726/4441/3732
f 3726/4442/3732 3720/4434/3726 3718/4435/3724 3724/4443/3730
f 3722/4436/3728 3728/4444/3734 3729/4445/3735 3723/4437/3729
f 3723/4438/3729 3729/4446/3735 3727/4447/3733 3721/4439/3727
f 3731/4448/3737 3725/4440/3731 3726/4441/3732 3732/4449/3738
f 3732/4450/3738 3726/4442/3732 3724/4443/3730 3730/4451/3736
f 3728/4444/3734 3734/4452/3740 3735/4453/3741 3729/4445/3735
f 3729/4446/3735 3735/4454/3741 3733/4455/3739 3727/4447/3733
f 3737/4456/3743 3731/4448/3737 3732/4449/3738 3738/4457/3744
f 3738/4458/3744 3732/4450/3738 3730/4451/3736 3736/4459/3742
f 3734/4452/3740 3740/4460/3746 3741/4461/3747 3735/4453/3741
f 3735/4454/3741 3741/4462/3747 3739/4463/3745 3733/4455/3739
f 3743/4464/3749 3737/4456/3743 3738/4457/3744 3744/4465/3750
f 3744/4466/3750 3738/4458/3744 3736/4459/3742 3742/4467/3748
f 3740/4460/3746 3746/4468/3752 3747/4469/3753 3741/4461/3747
f 3741/4462/3747 3747/4470/3753 3745/4471/3751 3739/4463/3745
f 3749/4472/3755 3743/4464/3749 3744/4465/3750 3750/4473/3756
f 3750/4474/3756 3744/4466/3750 3742/4467/3748 3748/4475/3754
f 3746/4468/3752 3752/4476/3758 3753/4477/3759 3747/4469/3753
f 3747/4470/3753 3753/4478/3759 3751/4479/3757 3745/4471/3751
f 3755/4480/3761 3749/4472/3755 3750/4473/3756 3756/4481/3762
f 3756/4482/3762 3750/4474/3756 3748/4475/3754 3754/4483/3760
f 3752/4476/3758 3758/4484/3764 3759/4485/3765 3753/4477/3759
f 3753/4478/3759 3759/4486/3765 3757/4487/3763 3751/4479/3757
f 3761/4488/3767 3755/4480/3761 3756/4481/3762 3762/4489/3768
f 3762/4490/3768 3756/4482/3762 3754/4483/3760 3760/4491/3766
f 3758/4484/3764 3764/4492/3770 3765/4493/3771 3759/4485/3765
f 3759/4486/3765 3765/4494/3771 3763/4495/3769 3757/4487/3763
f 3767/4496/3773 3761/4488/3767 3762/4489/3768 3768/4497/3774
f 3768/4498/3774 3762/4490/3768 3760/4491/3766 3766/4499/3772
f 3764/4492/3770 3770/4500/3776 3771/4501/3777 3765/4493/3771
f 3765/4494/3771 3771/4502/3777 3769/4503/3775 3763/4495/3769
f 3773/4504/3779 3767/4496/3773 3768/4497/3774 3774/4505/3780
f 3774/4506/3780 3768/4498/3774 3766/4499/3772 3772/4507/3778
f 3770/4500/3776 3776/4508/3782 3777/4509/3783 3771/4501/3777
f 3771/4502/3777 3777/4510/3783 3775/4511/3781 3769/4503/3775
f 3779/4512/3785 3773/4504/3779 3774/4505/3780 3780/4513/3786
f 3780/4514/3786 3774/4506/3780 3772/4507/3778 3778/4515/3784
f 3776/4508/3782 3662/4516/3668 3663/4517/3669 3777/4509/3783
f 3777/4510/3783 3663/4360/3669 3661/4363/3667 3775/4511/3781
f 3665/4518/3671 3779/4512/3785 3780/4513/3786 3666/4519/3672
f 3666/4369/3672 3780/4514/3786 3778/4515/3784 3664/4370/3670
f 3661/4363/3667 3667/4362/3673 3673/4375/3679 3679/4383/3685 3685/4391/3691 3691/4399/3697 3697/4407/3703 3703/4415/3709 3709/4423/3715 3715/4431/3721 3721/4439/3727 3727/4447/3733 3733/4455/3739 3739/4463/3745 3745/4471/3751 3751/4479/3757 3757/4487/3763 3763/4495/3769 3769/4503/3775 3775/4511/3781
f 3662/4356/3668 3665/4365/3671 3671/4364/3677 3668/4357/3674
f 3776/4508/3782 3779/4512/3785 3665/4518/3671 3662/4516/3668
f 3670/4371/3676 3664/4370/3670 3778/4515/3784 3772/4507/3778 3766/4499/3772 3760/4491/3766 3754/4483/3760 3748/4475/3754 3742/4467/3748 3736/4459/3742 3730/4451/3736 3724/4443/3730 3718/4435/3724 3712/4427/3718 3706/4419/3712 3700/4411/3706 3694/4403/3700 3688/4395/3694 3682/4387/3688 3676/4379/3682
f 3668/4357/3674 3671/4364/3677 3677/4376/3683 3674/4372/3680
f 3674/4372/3680 3677/4376/3683 3683/4384/3689 3680/4380/3686
f 3680/4380/3686 3683/4384/3689 3689/4392/3695 3686/4388/3692
f 3686/4388/3692 3689/4392/3695 3695/4400/3701 3692/4396/3698
f 3692/4396/3698 3695/4400/3701 3701/4408/3707 3698/4404/3704
f 3698/4404/3704 3701/4408/3707 3707/4416/3713 3704/4412/3710
f 3704/4412/3710 3707/4416/3713 3713/4424/3719 3710/4420/3716
f 3710/4420/3716 3713/4424/3719 3719/4432/3725 3716/4428/3722
f 3716/4428/3722 3719/4432/3725 3725/4440/3731 3722/4436/3728
f 3722/4436/3728 3725/4440/3731 3731/4448/3737 3728/4444/3734
f 3728/4444/3734 3731/4448/3737 3737/4456/3743 3734/4452/3740
f 3734/4452/3740 3737/4456/3743 3743/4464/3749 3740/4460/3746
f 3740/4460/3746 3743/4464/3749 3749/4472/3755 3746/4468/3752
f 3746/4468/3752 3749/4472/3755 3755/4480/3761 3752/4476/3758
f 3752/4476/3758 3755/4480/3761 3761/4488/3767 3758/4484/3764
f 3758/4484/3764 3761/4488/3767 3767/4496/3773 3764/4492/3770
f 3764/4492/3770 3767/4496/3773 3773/4504/3779 3770/4500/3776
f 3770/4500/3776 3773/4504/3779 3779/4512/3785 3776/4508/3782
o Aro_metalico_pata
v 0.400000 0.800000 -0.164377
v 0.400000 0.850000 -0.215000
v 0.400000 0.814645 -0.200173
v 0.400000 0.900000 -0.164377
v 0.400000 0.850000 -0.215000
v 0.400000 0.885355 -0.200173
v 0.450795 0.800000 -0.156332
v 0.466439 0.850000 -0.204477
v 0.461857 0.814645 -0.190376
v 0.450795 0.900000 -0.156332
v 0.466439 0.850000 -0.204477
v 0.461857 0.885355 -0.190376
v 0.496618 0.800000 -0.132984
v 0.526374 0.850000 -0.173939
v 0.517659 0.814645 -0.161943
v 0.496618 0.900000 -0.132984
v 0.526374 0.850000 -0.173939
v 0.517659 0.885355 -0.161943
v 0.532984 0.800000 -0.096618
v 0.573939 0.850000 -0.126374
v 0.561943 0.814645 -0.117659
v 0.532984 0.900000 -0.096618
v 0.573939 0.850000 -0.126374
v 0.561943 0.885355 -0.117659
v 0.556332 0.800000 -0.050795
v 0.604477 0.850000 -0.066439
v 0.590376 0.814645 -0.061857
v 0.556332 0.900000 -0.050795
v 0.604477 0.850000 -0.066439
v 0.590376 0.885355 -0.061857
v 0.564377 0.800000 0.000000
v 0.615000 0.850000 0.000000
v 0.600173 0.814645 0.000000
v 0.564377 0.900000 0.000000
v 0.615000 0.850000 0.000000
v 0.600173 0.885355 0.000000
v 0.556332 0.800000 0.050795
v 0.604477 0.850000 0.066439
v 0.590376 0.814645 0.061857
v 0.556332 0.900000 0.050795
v 0.604477 0.850000 0.066439
v 0.590376 0.885355 0.061857
v 0.532984 0.800000 0.096618
v 0.573939 0.850000 0.126374
v 0.561943 0.814645 0.117659
v 0.532984 0.900000 0.096618
v 0.573939 0.850000 0.126374
v 0.561943 0.885355 0.117659
v 0.496618 0.800000 0.132984
v 0.526374 0.850000 0.173939
v 0.517659 0.814645 0.161943
v 0.496618 0.900000 0.132984
v 0.526374 0.850000 0.173939
v 0.517659 0.885355 0.161943
v 0.450795 0.800000 0.156332
v 0.466439 0.850000 0.204477
v 0.461857 0.814645 0.190376
v 0.450795 0.900000 0.156332
v 0.466439 0.850000 0.204477
v 0.461857 0.885355 0.190376
v 0.400000 0.800000 0.164377
v 0.400000 0.850000 0.215000
v 0.400000 0.814645 0.200173
v 0.400000 0.900000 0.164377
v 0.400000 0.850000 0.215000
v 0.400000 0.885355 0.200173
v 0.349205 0.800000 0.156332
v 0.333561 0.850000 0.204477
v 0.338143 0.814645 0.190376
v 0.349205 0.900000 0.156332
v 0.333561 0.850000 0.204477
v 0.338143 0.885355 0.190376
v 0.303382 0.800000 0.132984
v 0.273626 0.850000 0.173939
v 0.282341 0.814645 0.161943
v 0.303382 0.900000 0.132984
v 0.273626 0.850000 0.173939
v 0.282341 0.885355 0.161943
v 0.267016 0.800000 0.096618
v 0.226061 0.850000 0.126374
v 0.238057 0.814645 0.117659
v 0.267016 0.900000 0.096618
v 0.226061 0.850000 0.126374
v 0.238057 0.885355 0.117659
v 0.243668 0.800000 0.050795
v 0.195523 0.850000 0.066439
v 0.209624 0.814645 0.061857
v 0.243668 0.900000 0.050795
v 0.195523 0.850000 0.066439
v 0.209624 0.885355 0.061857
v 0.235623 0.800000 0.000000
v 0.185000 0.850000 0.000000
v 0.199827 0.814645 0.000000
v 0.235623 0.900000 0.000000
v 0.185000 0.850000 0.000000
v 0.199827 0.885355 0.000000
v 0.243668 0.800000 -0.050795
v 0.195523 0.850000 -0.066439
v 0.209624 0.814645 -0.061857
v 0.243668 0.900000 -0.050795
v 0.195523 0.850000 -0.066439
v 0.209624 0.885355 -0.061857
v 0.267016 0.800000 -0.096618
v 0.226061 0.850000 -0.126374
v 0.238057 0.814645 -0.117659
v 0.267016 0.900000 -0.096618
v 0.226061 0.850000 -0.126374
v 0.238057 0.885355 -0.117659
v 0.303382 0.800000 -0.132984
v 0.273626 0.850000 -0.173939
v 0.282341 0.814645 -0.161943
v 0.303382 0.900000 -0.132984
v 0.273626 0.850000 -0.173939
v 0.282341 0.885355 -0.161943
v 0.349205 0.800000 -0.156332
v 0.333561 0.850000 -0.204477
v 0.338143 0.814645 -0.190376
v 0.349205 0.900000 -0.156332
v 0.333561 0.850000 -0.204477
v 0.338143 0.885355 -0.190376
vn -0.0000 -0.9774 -0.2114
vn -0.0000 0.5845 -0.8114
vn -0.0000 -0.6916 -0.7223
vn -0.0000 0.9774 -0.2114
vn -0.0000 0.8417 -0.5399
vn -0.0000 0.6916 -0.7223
vn 0.0653 -0.9774 -0.2010
vn 0.2507 0.5845 -0.7717
vn 0.2232 -0.6916 -0.6869
vn 0.0653 0.9774 -0.2010
vn 0.1668 0.8417 -0.5134
vn 0.2232 0.6916 -0.6869
vn 0.1242 -0.9774 -0.1710
vn 0.4769 0.5845 -0.6564
vn 0.4245 -0.6916 -0.5843
vn 0.1242 0.9774 -0.1710
vn 0.3173 0.8417 -0.4368
vn 0.4245 0.6916 -0.5843
vn 0.1710 -0.9774 -0.1242
vn 0.6564 0.5845 -0.4769
vn 0.5843 -0.6916 -0.4245
vn 0.1710 0.9774 -0.1242
vn 0.4368 0.8417 -0.3173
vn 0.5843 0.6916 -0.4245
vn 0.2010 -0.9774 -0.0653
vn 0.7717 0.5845 -0.2507
vn 0.6869 -0.6916 -0.2232
vn 0.2010 0.9774 -0.0653
vn 0.5134 0.8417 -0.1668
vn 0.6869 0.6916 -0.2232
vn 0.2114 -0.9774 -0.0000
vn 0.8114 0.5845 -0.0000
vn 0.7223 -0.6916 -0.0000
vn 0.2114 0.9774 -0.0000
vn 0.5399 0.8417 -0.0000
vn 0.7223 0.6916 -0.0000
vn 0.2010 -0.9774 0.0653
vn 0.7717 0.5845 0.2507
vn 0.6869 -0.6916 0.2232
vn 0.2010 0.9774 0.0653
vn 0.5134 0.8417 0.1668
vn 0.6869 0.6916 0.2232
vn 0.1710 -0.9774 0.1242
vn 0.6564 0.5845 0.4769
vn 0.5843 -0.6916 0.4245
vn 0.1710 0.9774 0.1242
vn 0.4368 0.8417 0.3173
vn 0.5843 0.6916 0.4245
vn 0.1242 -0.9774 0.1710
vn 0.4769 0.5845 0.6564
vn 0.4245 -0.6916 0.5843
vn 0.1242 0.9774 0.1710
vn 0.3173 0.8417 0.4368
vn 0.4245 0.6916 0.5843
vn 0.0653 -0.9774 0.2010
vn 0.2507 0.5845 0.7717
vn 0.2232 -0.6916 0.6869
vn 0.0653 0.9774 0.2010
vn 0.1668 0.8417 0.5134
vn 0.2232 0.6916 0.6869
vn -0.0000 -0.9774 0.2114
vn -0.0000 0.5845 0.8114
vn -0.0000 -0.6916 0.7223
vn -0.0000 0.9774 0.2114
vn -0.0000 0.8417 0.5399
vn -0.0000 0.6916 0.7223
vn -0.0653 -0.9774 0.2010
vn -0.2507 0.5845 0.7717
vn -0.2232 -0.6916 0.6869
vn -0.0653 0.9774 0.2010
vn -0.1668 0.8417 0.5134
vn -0.2232 0.6916 0.6869
vn -0.1242 -0.9774 0.1710
vn -0.4769 0.5845 0.6564
vn -0.4245 -0.6916 0.5843
vn -0.1242 0.9774 0.1710
vn -0.3173 0.8417 0.4368
vn -0.4245 0.6916 0.5843
vn -0.1710 -0.9774 0.1242
vn -0.6564 0.5845 0.4769
vn -0.5843 -0.6916 0.4245
vn -0.1710 0.9774 0.1242
vn -0.4368 0.8417 0.3173
vn -0.5843 0.6916 0.4245
vn -0.2010 -0.9774 0.0653
vn -0.7717 0.5845 0.2507
vn -0.6869 -0.6916 0.2232
vn -0.2010 0.9774 0.0653
vn -0.5134 0.8417 0.1668
vn -0.6869 0.6916 0.2232
vn -0.2114 -0.9774 -0.0000
vn -0.8114 0.5845 -0.0000
vn -0.7223 -0.6916 -0.0000
vn -0.2114 0.9774 -0.0000
vn -0.5399 0.8417 -0.0000
vn -0.7223 0.6916 -0.0000
vn -0.2010 -0.9774 -0.0653
vn -0.7717 0.5845 -0.2507
vn -0.6869 -0.6916 -0.2232
vn -0.2010 0.9774 -0.0653
vn -0.5134 0.8417 -0.1668
vn -0.6869 0.6916 -0.2232
vn -0.1710 -0.9774 -0.1242
vn -0.6564 0.5845 -0.4769
vn -0.5843 -0.6916 -0.4245
vn -0.1710 0.9774 -0.1242
vn -0.4368 0.8417 -0.3173
vn -0.5843 0.6916 -0.4245
vn -0.1242 -0.9774 -0.1710
vn -0.4769 0.5845 -0.6564
vn -0.4245 -0.6916 -0.5843
vn -0.1242 0.9774 -0.1710
vn -0.3173 0.8417 -0.4368
vn -0.4245 0.6916 -0.5843
vn -0.0653 -0.9774 -0.2010
vn -0.2507 0.5845 -0.7717
vn -0.2232 -0.6916 -0.6869
vn -0.0653 0.9774 -0.2010
vn -0.1668 0.8417 -0.5134
vn -0.2232 0.6916 -0.6869
vt 1.000000 0.750000
vt 0.950000 0.750000
vt 0.950000 0.500000
vt 0.998276 0.500000
vt 0.750000 0.489595
vt 0.824039 0.477868
vt 0.806702 0.424510
vt 0.750000 0.433490
vt 0.998276 1.000000
vt 0.950000 1.000000
vt 0.324039 0.477868
vt 0.250000 0.489595
vt 0.250000 0.433490
vt 0.306702 0.424510
vt 0.900000 0.750000
vt 0.900000 0.500000
vt 0.890830 0.443836
vt 0.857853 0.398447
vt 0.900000 1.000000
vt 0.390830 0.443836
vt 0.357853 0.398447
vt 0.850000 0.750000
vt 0.850000 0.500000
vt 0.943836 0.390830
vt 0.898447 0.357853
vt 0.850000 1.000000
vt 0.443836 0.390830
vt 0.398447 0.357853
vt 0.800000 0.750000
vt 0.800000 0.500000
vt 0.977868 0.324039
vt 0.924510 0.306702
vt 0.800000 1.000000
vt 0.477868 0.324039
vt 0.424510 0.306702
vt 0.750000 0.750000
vt 0.750000 0.500000
vt 0.989595 0.250000
vt 0.933490 0.250000
vt 0.750000 1.000000
vt 0.489595 0.250000
vt 0.433490 0.250000
vt 0.700000 0.750000
vt 0.700000 0.500000
vt 0.977868 0.175961
vt 0.924510 0.193298
vt 0.700000 1.000000
vt 0.477868 0.175961
vt 0.424510 0.193298
vt 0.650000 0.750000
vt 0.650000 0.500000
vt 0.943836 0.109170
vt 0.898447 0.142147
vt 0.650000 1.000000
vt 0.443836 0.109170
vt 0.398447 0.142147
vt 0.600000 0.750000
vt 0.600000 0.500000
vt 0.890830 0.056164
vt 0.857853 0.101553
vt 0.600000 1.000000
vt 0.390830 0.056164
vt 0.357853 0.101553
vt 0.550000 0.750000
vt 0.550000 0.500000
vt 0.824039 0.022132
vt 0.806702 0.075490
vt 0.550000 1.000000
vt 0.324039 0.022132
vt 0.306702 0.075490
vt 0.500000 0.750000
vt 0.500000 0.500000
vt 0.750000 0.010405
vt 0.750000 0.066510
vt 0.500000 1.000000
vt 0.250000 0.010405
vt 0.250000 0.066510
vt 0.450000 0.750000
vt 0.450000 0.500000
vt 0.675961 0.022132
vt 0.693298 0.075490
vt 0.450000 1.000000
vt 0.175961 0.022132
vt 0.193298 0.075490
vt 0.400000 0.750000
vt 0.400000 0.500000
vt 0.609170 0.056164
vt 0.642147 0.101553
vt 0.400000 1.000000
vt 0.109170 0.056164
vt 0.142147 0.101553
vt 0.350000 0.750000
vt 0.350000 0.500000
vt 0.556164 0.109170
vt 0.601553 0.142147
vt 0.350000 1.000000
vt 0.056164 0.109170
vt 0.101553 0.142147
vt 0.300000 0.750000
vt 0.300000 0.500000
vt 0.522132 0.175961
vt 0.575490 0.193298
vt 0.300000 1.000000
vt 0.022132 0.175961
vt 0.075490 0.193298
vt 0.250000 0.750000
vt 0.250000 0.500000
vt 0.510405 0.250000
vt 0.566510 0.250000
vt 0.250000 1.000000
vt 0.010405 0.250000
vt 0.066510 0.250000
vt 0.200000 0.750000
vt 0.200000 0.500000
vt 0.522132 0.324039
vt 0.575490 0.306702
vt 0.200000 1.000000
vt 0.022132 0.324039
vt 0.075490 0.306702
vt 0.150000 0.750000
vt 0.150000 0.500000
vt 0.556164 0.390830
vt 0.601553 0.357853
vt 0.150000 1.000000
vt 0.056164 0.390830
vt 0.101553 0.357853
vt 0.100000 0.750000
vt 0.100000 0.500000
vt 0.609170 0.443836
vt 0.642147 0.398447
vt 0.100000 1.000000
vt 0.109170 0.443836
vt 0.142147 0.398447
vt 0.050000 0.750000
vt 0.050000 0.500000
vt 0.675961 0.477868
vt 0.693299 0.424510
vt 0.050000 1.000000
vt 0.175961 0.477868
vt 0.193298 0.424510
vt -0.000000 0.750000
vt 0.001724 0.500000
vt 0.001724 1.000000
s 1
usemtl Negro_enemigo.006
f 3782/4520/3788 3788/4521/3794 3789/4522/3795 3783/4523/3789
f 3783/4524/3789 3789/4525/3795 3787/4526/3793 3781/4527/3787
f 3791/4521/3797 3785/4520/3791 3786/4528/3792 3792/4529/3798
f 3792/4530/3798 3786/4531/3792 3784/4532/3790 3790/4533/3796
f 3788/4521/3794 3794/4534/3800 3795/4535/3801 3789/4522/3795
f 3789/4525/3795 3795/4536/3801 3793/4537/3799 3787/4526/3793
f 3797/4534/3803 3791/4521/3797 3792/4529/3798 3798/4538/3804
f 3798/4539/3804 3792/4530/3798 3790/4533/3796 3796/4540/3802
f 3794/4534/3800 3800/4541/3806 3801/4542/3807 3795/4535/3801
f 3795/4536/3801 3801/4543/3807 3799/4544/3805 3793/4537/3799
f 3803/4541/3809 3797/4534/3803 3798/4538/3804 3804/4545/3810
f 3804/4546/3810 3798/4539/3804 3796/4540/3802 3802/4547/3808
f 3800/4541/3806 3806/4548/3812 3807/4549/3813 3801/4542/3807
f 3801/4543/3807 3807/4550/3813 3805/4551/3811 3799/4544/3805
f 3809/4548/3815 3803/4541/3809 3804/4545/3810 3810/4552/3816
f 3810/4553/3816 3804/4546/3810 3802/4547/3808 3808/4554/3814
f 3806/4548/3812 3812/4555/3818 3813/4556/3819 3807/4549/3813
f 3807/4550/3813 3813/4557/3819 3811/4558/3817 3805/4551/3811
f 3815/4555/3821 3809/4548/3815 3810/4552/3816 3816/4559/3822
f 3816/4560/3822 3810/4553/3816 3808/4554/3814 3814/4561/3820
f 3812/4555/3818 3818/4562/3824 3819/4563/3825 3813/4556/3819
f 3813/4557/3819 3819/4564/3825 3817/4565/3823 3811/4558/3817
f 3821/4562/3827 3815/4555/3821 3816/4559/3822 3822/4566/3828
f 3822/4567/3828 3816/4560/3822 3814/4561/3820 3820/4568/3826
f 3818/4562/3824 3824/4569/3830 3825/4570/3831 3819/4563/3825
f 3819/4564/3825 3825/4571/3831 3823/4572/3829 3817/4565/3823
f 3827/4569/3833 3821/4562/3827 3822/4566/3828 3828/4573/3834
f 3828/4574/3834 3822/4567/3828 3820/4568/3826 3826/4575/3832
f 3824/4569/3830 3830/4576/3836 3831/4577/3837 3825/4570/3831
f 3825/4571/3831 3831/4578/3837 3829/4579/3835 3823/4572/3829
f 3833/4576/3839 3827/4569/3833 3828/4573/3834 3834/4580/3840
f 3834/4581/3840 3828/4574/3834 3826/4575/3832 3832/4582/3838
f 3830/4576/3836 3836/4583/3842 3837/4584/3843 3831/4577/3837
f 3831/4578/3837 3837/4585/3843 3835/4586/3841 3829/4579/3835
f 3839/4583/3845 3833/4576/3839 3834/4580/3840 3840/4587/3846
f 3840/4588/3846 3834/4581/3840 3832/4582/3838 3838/4589/3844
f 3836/4583/3842 3842/4590/3848 3843/4591/3849 3837/4584/3843
f 3837/4585/3843 3843/4592/3849 3841/4593/3847 3835/4586/3841
f 3845/4590/3851 3839/4583/3845 3840/4587/3846 3846/4594/3852
f 3846/4595/3852 3840/4588/3846 3838/4589/3844 3844/4596/3850
f 3842/4590/3848 3848/4597/3854 3849/4598/3855 3843/4591/3849
f 3843/4592/3849 3849/4599/3855 3847/4600/3853 3841/4593/3847
f 3851/4597/3857 3845/4590/3851 3846/4594/3852 3852/4601/3858
f 3852/4602/3858 3846/4595/3852 3844/4596/3850 3850/4603/3856
f 3848/4597/3854 3854/4604/3860 3855/4605/3861 3849/4598/3855
f 3849/4599/3855 3855/4606/3861 3853/4607/3859 3847/4600/3853
f 3857/4604/3863 3851/4597/3857 3852/4601/3858 3858/4608/3864
f 3858/4609/3864 3852/4602/3858 3850/4603/3856 3856/4610/3862
f 3854/4604/3860 3860/4611/3866 3861/4612/3867 3855/4605/3861
f 3855/4606/3861 3861/4613/3867 3859/4614/3865 3853/4607/3859
f 3863/4611/3869 3857/4604/3863 3858/4608/3864 3864/4615/3870
f 3864/4616/3870 3858/4609/3864 3856/4610/3862 3862/4617/3868
f 3860/4611/3866 3866/4618/3872 3867/4619/3873 3861/4612/3867
f 3861/4613/3867 3867/4620/3873 3865/4621/3871 3859/4614/3865
f 3869/4618/3875 3863/4611/3869 3864/4615/3870 3870/4622/3876
f 3870/4623/3876 3864/4616/3870 3862/4617/3868 3868/4624/3874
f 3866/4618/3872 3872/4625/3878 3873/4626/3879 3867/4619/3873
f 3867/4620/3873 3873/4627/3879 3871/4628/3877 3865/4621/3871
f 3875/4625/3881 3869/4618/3875 3870/4622/3876 3876/4629/3882
f 3876/4630/3882 3870/4623/3876 3868/4624/3874 3874/4631/3880
f 3872/4625/3878 3878/4632/3884 3879/4633/3885 3873/4626/3879
f 3873/4627/3879 3879/4634/3885 3877/4635/3883 3871/4628/3877
f 3881/4632/3887 3875/4625/3881 3876/4629/3882 3882/4636/3888
f 3882/4637/3888 3876/4630/3882 3874/4631/3880 3880/4638/3886
f 3878/4632/3884 3884/4639/3890 3885/4640/3891 3879/4633/3885
f 3879/4634/3885 3885/4641/3891 3883/4642/3889 3877/4635/3883
f 3887/4639/3893 3881/4632/3887 3882/4636/3888 3888/4643/3894
f 3888/4644/3894 3882/4637/3888 3880/4638/3886 3886/4645/3892
f 3884/4639/3890 3890/4646/3896 3891/4647/3897 3885/4640/3891
f 3885/4641/3891 3891/4648/3897 3889/4649/3895 3883/4642/3889
f 3893/4646/3899 3887/4639/3893 3888/4643/3894 3894/4650/3900
f 3894/4651/3900 3888/4644/3894 3886/4645/3892 3892/4652/3898
f 3890/4646/3896 3896/4653/3902 3897/4654/3903 3891/4647/3897
f 3891/4648/3897 3897/4655/3903 3895/4656/3901 3889/4649/3895
f 3899/4653/3905 3893/4646/3899 3894/4650/3900 3900/4657/3906
f 3900/4658/3906 3894/4651/3900 3892/4652/3898 3898/4659/3904
f 3896/4653/3902 3782/4660/3788 3783/4661/3789 3897/4654/3903
f 3897/4655/3903 3783/4524/3789 3781/4527/3787 3895/4656/3901
f 3785/4660/3791 3899/4653/3905 3900/4657/3906 3786/4662/3792
f 3786/4531/3792 3900/4658/3906 3898/4659/3904 3784/4532/3790
f 3781/4527/3787 3787/4526/3793 3793/4537/3799 3799/4544/3805 3805/4551/3811 3811/4558/3817 3817/4565/3823 3823/4572/3829 3829/4579/3835 3835/4586/3841 3841/4593/3847 3847/4600/3853 3853/4607/3859 3859/4614/3865 3865/4621/3871 3871/4628/3877 3877/4635/3883 3883/4642/3889 3889/4649/3895 3895/4656/3901
f 3782/4520/3788 3785/4520/3791 3791/4521/3797 3788/4521/3794
f 3896/4653/3902 3899/4653/3905 3785/4660/3791 3782/4660/3788
f 3790/4533/3796 3784/4532/3790 3898/4659/3904 3892/4652/3898 3886/4645/3892 3880/4638/3886 3874/4631/3880 3868/4624/3874 3862/4617/3868 3856/4610/3862 3850/4603/3856 3844/4596/3850 3838/4589/3844 3832/4582/3838 3826/4575/3832 3820/4568/3826 3814/4561/3820 3808/4554/3814 3802/4547/3808 3796/4540/3802
f 3788/4521/3794 3791/4521/3797 3797/4534/3803 3794/4534/3800
f 3794/4534/3800 3797/4534/3803 3803/4541/3809 3800/4541/3806
f 3800/4541/3806 3803/4541/3809 3809/4548/3815 3806/4548/3812
f 3806/4548/3812 3809/4548/3815 3815/4555/3821 3812/4555/3818
f 3812/4555/3818 3815/4555/3821 3821/4562/3827 3818/4562/3824
f 3818/4562/3824 3821/4562/3827 3827/4569/3833 3824/4569/3830
f 3824/4569/3830 3827/4569/3833 3833/4576/3839 3830/4576/3836
f 3830/4576/3836 3833/4576/3839 3839/4583/3845 3836/4583/3842
f 3836/4583/3842 3839/4583/3845 3845/4590/3851 3842/4590/3848
f 3842/4590/3848 3845/4590/3851 3851/4597/3857 3848/4597/3854
f 3848/4597/3854 3851/4597/3857 3857/4604/3863 3854/4604/3860
f 3854/4604/3860 3857/4604/3863 3863/4611/3869 3860/4611/3866
f 3860/4611/3866 3863/4611/3869 3869/4618/3875 3866/4618/3872
f 3866/4618/3872 3869/4618/3875 3875/4625/3881 3872/4625/3878
f 3872/4625/3878 3875/4625/3881 3881/4632/3887 3878/4632/3884
f 3878/4632/3884 3881/4632/3887 3887/4639/3893 3884/4639/3890
f 3884/4639/3890 3887/4639/3893 3893/4646/3899 3890/4646/3896
f 3890/4646/3896 3893/4646/3899 3899/4653/3905 3896/4653/3902
o Aro_metalico_pata.001
v 0.400000 2.350000 -0.164377
v 0.400000 2.400000 -0.215000
v 0.400000 2.364645 -0.200173
v 0.400000 2.450000 -0.164377
v 0.400000 2.400000 -0.215000
v 0.400000 2.435355 -0.200173
v 0.450795 2.350000 -0.156332
v 0.466439 2.400000 -0.204477
v 0.461857 2.364645 -0.190376
v 0.450795 2.450000 -0.156332
v 0.466439 2.400000 -0.204477
v 0.461857 2.435355 -0.190376
v 0.496618 2.350000 -0.132984
v 0.526374 2.400000 -0.173939
v 0.517659 2.364645 -0.161943
v 0.496618 2.450000 -0.132984
v 0.526374 2.400000 -0.173939
v 0.517659 2.435355 -0.161943
v 0.532984 2.350000 -0.096618
v 0.573939 2.400000 -0.126374
v 0.561943 2.364645 -0.117659
v 0.532984 2.450000 -0.096618
v 0.573939 2.400000 -0.126374
v 0.561943 2.435355 -0.117659
v 0.556332 2.350000 -0.050795
v 0.604477 2.400000 -0.066439
v 0.590376 2.364645 -0.061857
v 0.556332 2.450000 -0.050795
v 0.604477 2.400000 -0.066439
v 0.590376 2.435355 -0.061857
v 0.564377 2.350000 0.000000
v 0.615000 2.400000 0.000000
v 0.600173 2.364645 0.000000
v 0.564377 2.450000 0.000000
v 0.615000 2.400000 0.000000
v 0.600173 2.435355 0.000000
v 0.556332 2.350000 0.050795
v 0.604477 2.400000 0.066439
v 0.590376 2.364645 0.061857
v 0.556332 2.450000 0.050795
v 0.604477 2.400000 0.066439
v 0.590376 2.435355 0.061857
v 0.532984 2.350000 0.096618
v 0.573939 2.400000 0.126374
v 0.561943 2.364645 0.117659
v 0.532984 2.450000 0.096618
v 0.573939 2.400000 0.126374
v 0.561943 2.435355 0.117659
v 0.496618 2.350000 0.132984
v 0.526374 2.400000 0.173939
v 0.517659 2.364645 0.161943
v 0.496618 2.450000 0.132984
v 0.526374 2.400000 0.173939
v 0.517659 2.435355 0.161943
v 0.450795 2.350000 0.156332
v 0.466439 2.400000 0.204477
v 0.461857 2.364645 0.190376
v 0.450795 2.450000 0.156332
v 0.466439 2.400000 0.204477
v 0.461857 2.435355 0.190376
v 0.400000 2.350000 0.164377
v 0.400000 2.400000 0.215000
v 0.400000 2.364645 0.200173
v 0.400000 2.450000 0.164377
v 0.400000 2.400000 0.215000
v 0.400000 2.435355 0.200173
v 0.349205 2.350000 0.156332
v 0.333561 2.400000 0.204477
v 0.338143 2.364645 0.190376
v 0.349205 2.450000 0.156332
v 0.333561 2.400000 0.204477
v 0.338143 2.435355 0.190376
v 0.303382 2.350000 0.132984
v 0.273626 2.400000 0.173939
v 0.282341 2.364645 0.161943
v 0.303382 2.450000 0.132984
v 0.273626 2.400000 0.173939
v 0.282341 2.435355 0.161943
v 0.267016 2.350000 0.096618
v 0.226061 2.400000 0.126374
v 0.238057 2.364645 0.117659
v 0.267016 2.450000 0.096618
v 0.226061 2.400000 0.126374
v 0.238057 2.435355 0.117659
v 0.243668 2.350000 0.050795
v 0.195523 2.400000 0.066439
v 0.209624 2.364645 0.061857
v 0.243668 2.450000 0.050795
v 0.195523 2.400000 0.066439
v 0.209624 2.435355 0.061857
v 0.235623 2.350000 0.000000
v 0.185000 2.400000 0.000000
v 0.199827 2.364645 0.000000
v 0.235623 2.450000 0.000000
v 0.185000 2.400000 0.000000
v 0.199827 2.435355 0.000000
v 0.243668 2.350000 -0.050795
v 0.195523 2.400000 -0.066439
v 0.209624 2.364645 -0.061857
v 0.243668 2.450000 -0.050795
v 0.195523 2.400000 -0.066439
v 0.209624 2.435355 -0.061857
v 0.267016 2.350000 -0.096618
v 0.226061 2.400000 -0.126374
v 0.238057 2.364645 -0.117659
v 0.267016 2.450000 -0.096618
v 0.226061 2.400000 -0.126374
v 0.238057 2.435355 -0.117659
v 0.303382 2.350000 -0.132984
v 0.273626 2.400000 -0.173939
v 0.282341 2.364645 -0.161943
v 0.303382 2.450000 -0.132984
v 0.273626 2.400000 -0.173939
v 0.282341 2.435355 -0.161943
v 0.349205 2.350000 -0.156332
v 0.333561 2.400000 -0.204477
v 0.338143 2.364645 -0.190376
v 0.349205 2.450000 -0.156332
v 0.333561 2.400000 -0.204477
v 0.338143 2.435355 -0.190376
vn -0.0000 -0.9774 -0.2114
vn -0.0000 0.5845 -0.8114
vn -0.0000 -0.6916 -0.7223
vn -0.0000 0.9774 -0.2114
vn -0.0000 0.8417 -0.5399
vn -0.0000 0.6916 -0.7223
vn 0.0653 -0.9774 -0.2010
vn 0.2507 0.5845 -0.7717
vn 0.2232 -0.6916 -0.6869
vn 0.0653 0.9774 -0.2010
vn 0.1668 0.8417 -0.5134
vn 0.2232 0.6916 -0.6869
vn 0.1242 -0.9774 -0.1710
vn 0.4769 0.5845 -0.6564
vn 0.4245 -0.6916 -0.5843
vn 0.1242 0.9774 -0.1710
vn 0.3173 0.8417 -0.4368
vn 0.4245 0.6916 -0.5843
vn 0.1710 -0.9774 -0.1242
vn 0.6564 0.5845 -0.4769
vn 0.5843 -0.6916 -0.4245
vn 0.1710 0.9774 -0.1242
vn 0.4368 0.8417 -0.3173
vn 0.5843 0.6916 -0.4245
vn 0.2010 -0.9774 -0.0653
vn 0.7717 0.5845 -0.2507
vn 0.6869 -0.6916 -0.2232
vn 0.2010 0.9774 -0.0653
vn 0.5134 0.8417 -0.1668
vn 0.6869 0.6916 -0.2232
vn 0.2114 -0.9774 -0.0000
vn 0.8114 0.5845 -0.0000
vn 0.7223 -0.6916 -0.0000
vn 0.2114 0.9774 -0.0000
vn 0.5399 0.8417 -0.0000
vn 0.7223 0.6916 -0.0000
vn 0.2010 -0.9774 0.0653
vn 0.7717 0.5845 0.2507
vn 0.6869 -0.6916 0.2232
vn 0.2010 0.9774 0.0653
vn 0.5134 0.8417 0.1668
vn 0.6869 0.6916 0.2232
vn 0.1710 -0.9774 0.1242
vn 0.6564 0.5845 0.4769
vn 0.5843 -0.6916 0.4245
vn 0.1710 0.9774 0.1242
vn 0.4368 0.8417 0.3173
vn 0.5843 0.6916 0.4245
vn 0.1242 -0.9774 0.1710
vn 0.4769 0.5845 0.6564
vn 0.4245 -0.6916 0.5843
vn 0.1242 0.9774 0.1710
vn 0.3173 0.8417 0.4368
vn 0.4245 0.6916 0.5843
vn 0.0653 -0.9774 0.2010
vn 0.2507 0.5845 0.7717
vn 0.2232 -0.6916 0.6869
vn 0.0653 0.9774 0.2010
vn 0.1668 0.8417 0.5134
vn 0.2232 0.6916 0.6869
vn -0.0000 -0.9774 0.2114
vn -0.0000 0.5845 0.8114
vn -0.0000 -0.6916 0.7223
vn -0.0000 0.9774 0.2114
vn -0.0000 0.8417 0.5399
vn -0.0000 0.6916 0.7223
vn -0.0653 -0.9774 0.2010
vn -0.2507 0.5845 0.7717
vn -0.2232 -0.6916 0.6869
vn -0.0653 0.9774 0.2010
vn -0.1668 0.8417 0.5134
vn -0.2232 0.6916 0.6869
vn -0.1242 -0.9774 0.1710
vn -0.4769 0.5845 0.6564
vn -0.4245 -0.6916 0.5843
vn -0.1242 0.9774 0.1710
vn -0.3173 0.8417 0.4368
vn -0.4245 0.6916 0.5843
vn -0.1710 -0.9774 0.1242
vn -0.6564 0.5845 0.4769
vn -0.5843 -0.6916 0.4245
vn -0.1710 0.9774 0.1242
vn -0.4368 0.8417 0.3173
vn -0.5843 0.6916 0.4245
vn -0.2010 -0.9774 0.0653
vn -0.7717 0.5845 0.2507
vn -0.6869 -0.6916 0.2232
vn -0.2010 0.9774 0.0653
vn -0.5134 0.8417 0.1668
vn -0.6869 0.6916 0.2232
vn -0.2114 -0.9774 -0.0000
vn -0.8114 0.5845 -0.0000
vn -0.7223 -0.6916 -0.0000
vn -0.2114 0.9774 -0.0000
vn -0.5399 0.8417 -0.0000
vn -0.7223 0.6916 -0.0000
vn -0.2010 -0.9774 -0.0653
vn -0.7717 0.5845 -0.2507
vn -0.6869 -0.6916 -0.2232
vn -0.2010 0.9774 -0.0653
vn -0.5134 0.8417 -0.1668
vn -0.6869 0.6916 -0.2232
vn -0.1710 -0.9774 -0.1242
vn -0.6564 0.5845 -0.4769
vn -0.5843 -0.6916 -0.4245
vn -0.1710 0.9774 -0.1242
vn -0.4368 0.8417 -0.3173
vn -0.5843 0.6916 -0.4245
vn -0.1242 -0.9774 -0.1710
vn -0.4769 0.5845 -0.6564
vn -0.4245 -0.6916 -0.5843
vn -0.1242 0.9774 -0.1710
vn -0.3173 0.8417 -0.4368
vn -0.4245 0.6916 -0.5843
vn -0.0653 -0.9774 -0.2010
vn -0.2507 0.5845 -0.7717
vn -0.2232 -0.6916 -0.6869
vn -0.0653 0.9774 -0.2010
vn -0.1668 0.8417 -0.5134
vn -0.2232 0.6916 -0.6869
vt 1.000000 0.750000
vt 0.950000 0.750000
vt 0.950000 0.500000
vt 0.998276 0.500000
vt 0.750000 0.489595
vt 0.824039 0.477868
vt 0.806702 0.424510
vt 0.750000 0.433490
vt 0.998276 1.000000
vt 0.950000 1.000000
vt 0.324039 0.477868
vt 0.250000 0.489595
vt 0.250000 0.433490
vt 0.306702 0.424510
vt 0.900000 0.750000
vt 0.900000 0.500000
vt 0.890830 0.443836
vt 0.857853 0.398447
vt 0.900000 1.000000
vt 0.390830 0.443836
vt 0.357853 0.398447
vt 0.850000 0.750000
vt 0.850000 0.500000
vt 0.943836 0.390830
vt 0.898447 0.357853
vt 0.850000 1.000000
vt 0.443836 0.390830
vt 0.398447 0.357853
vt 0.800000 0.750000
vt 0.800000 0.500000
vt 0.977868 0.324039
vt 0.924510 0.306702
vt 0.800000 1.000000
vt 0.477868 0.324039
vt 0.424510 0.306702
vt 0.750000 0.750000
vt 0.750000 0.500000
vt 0.989595 0.250000
vt 0.933490 0.250000
vt 0.750000 1.000000
vt 0.489595 0.250000
vt 0.433490 0.250000
vt 0.700000 0.750000
vt 0.700000 0.500000
vt 0.977868 0.175961
vt 0.924510 0.193298
vt 0.700000 1.000000
vt 0.477868 0.175961
vt 0.424510 0.193298
vt 0.650000 0.750000
vt 0.650000 0.500000
vt 0.943836 0.109170
vt 0.898447 0.142147
vt 0.650000 1.000000
vt 0.443836 0.109170
vt 0.398447 0.142147
vt 0.600000 0.750000
vt 0.600000 0.500000
vt 0.890830 0.056164
vt 0.857853 0.101553
vt 0.600000 1.000000
vt 0.390830 0.056164
vt 0.357853 0.101553
vt 0.550000 0.750000
vt 0.550000 0.500000
vt 0.824039 0.022132
vt 0.806702 0.075490
vt 0.550000 1.000000
vt 0.324039 0.022132
vt 0.306702 0.075490
vt 0.500000 0.750000
vt 0.500000 0.500000
vt 0.750000 0.010405
vt 0.750000 0.066510
vt 0.500000 1.000000
vt 0.250000 0.010405
vt 0.250000 0.066510
vt 0.450000 0.750000
vt 0.450000 0.500000
vt 0.675961 0.022132
vt 0.693298 0.075490
vt 0.450000 1.000000
vt 0.175961 0.022132
vt 0.193298 0.075490
vt 0.400000 0.750000
vt 0.400000 0.500000
vt 0.609170 0.056164
vt 0.642147 0.101553
vt 0.400000 1.000000
vt 0.109170 0.056164
vt 0.142147 0.101553
vt 0.350000 0.750000
vt 0.350000 0.500000
vt 0.556164 0.109170
vt 0.601553 0.142147
vt 0.350000 1.000000
vt 0.056164 0.109170
vt 0.101553 0.142147
vt 0.300000 0.750000
vt 0.300000 0.500000
vt 0.522132 0.175961
vt 0.575490 0.193298
vt 0.300000 1.000000
vt 0.022132 0.175961
vt 0.075490 0.193298
vt 0.250000 0.750000
vt 0.250000 0.500000
vt 0.510405 0.250000
vt 0.566510 0.250000
vt 0.250000 1.000000
vt 0.010405 0.250000
vt 0.066510 0.250000
vt 0.200000 0.750000
vt 0.200000 0.500000
vt 0.522132 0.324039
vt 0.575490 0.306702
vt 0.200000 1.000000
vt 0.022132 0.324039
vt 0.075490 0.306702
vt 0.150000 0.750000
vt 0.150000 0.500000
vt 0.556164 0.390830
vt 0.601553 0.357853
vt 0.150000 1.000000
vt 0.056164 0.390830
vt 0.101553 0.357853
vt 0.100000 0.750000
vt 0.100000 0.500000
vt 0.609170 0.443836
vt 0.642147 0.398447
vt 0.100000 1.000000
vt 0.109170 0.443836
vt 0.142147 0.398447
vt 0.050000 0.750000
vt 0.050000 0.500000
vt 0.675961 0.477868
vt 0.693299 0.424510
vt 0.050000 1.000000
vt 0.175961 0.477868
vt 0.193298 0.424510
vt -0.000000 0.750000
vt 0.001724 0.500000
vt 0.001724 1.000000
s 1
usemtl Negro_enemigo.006
f 3902/4663/3908 3908/4664/3914 3909/4665/3915 3903/4666/3909
f 3903/4667/3909 3909/4668/3915 3907/4669/3913 3901/4670/3907
f 3911/4664/3917 3905/4663/3911 3906/4671/3912 3912/4672/3918
f 3912/4673/3918 3906/4674/3912 3904/4675/3910 3910/4676/3916
f 3908/4664/3914 3914/4677/3920 3915/4678/3921 3909/4665/3915
f 3909/4668/3915 3915/4679/3921 3913/4680/3919 3907/4669/3913
f 3917/4677/3923 3911/4664/3917 3912/4672/3918 3918/4681/3924
f 3918/4682/3924 3912/4673/3918 3910/4676/3916 3916/4683/3922
f 3914/4677/3920 3920/4684/3926 3921/4685/3927 3915/4678/3921
f 3915/4679/3921 3921/4686/3927 3919/4687/3925 3913/4680/3919
f 3923/4684/3929 3917/4677/3923 3918/4681/3924 3924/4688/3930
f 3924/4689/3930 3918/4682/3924 3916/4683/3922 3922/4690/3928
f 3920/4684/3926 3926/4691/3932 3927/4692/3933 3921/4685/3927
f 3921/4686/3927 3927/4693/3933 3925/4694/3931 3919/4687/3925
f 3929/4691/3935 3923/4684/3929 3924/4688/3930 3930/4695/3936
f 3930/4696/3936 3924/4689/3930 3922/4690/3928 3928/4697/3934
f 3926/4691/3932 3932/4698/3938 3933/4699/3939 3927/4692/3933
f 3927/4693/3933 3933/4700/3939 3931/4701/3937 3925/4694/3931
f 3935/4698/3941 3929/4691/3935 3930/4695/3936 3936/4702/3942
f 3936/4703/3942 3930/4696/3936 3928/4697/3934 3934/4704/3940
f 3932/4698/3938 3938/4705/3944 3939/4706/3945 3933/4699/3939
f 3933/4700/3939 3939/4707/3945 3937/4708/3943 3931/4701/3937
f 3941/4705/3947 3935/4698/3941 3936/4702/3942 3942/4709/3948
f 3942/4710/3948 3936/4703/3942 3934/4704/3940 3940/4711/3946
f 3938/4705/3944 3944/4712/3950 3945/4713/3951 3939/4706/3945
f 3939/4707/3945 3945/4714/3951 3943/4715/3949 3937/4708/3943
f 3947/4712/3953 3941/4705/3947 3942/4709/3948 3948/4716/3954
f 3948/4717/3954 3942/4710/3948 3940/4711/3946 3946/4718/3952
f 3944/4712/3950 3950/4719/3956 3951/4720/3957 3945/4713/3951
f 3945/4714/3951 3951/4721/3957 3949/4722/3955 3943/4715/3949
f 3953/4719/3959 3947/4712/3953 3948/4716/3954 3954/4723/3960
f 3954/4724/3960 3948/4717/3954 3946/4718/3952 3952/4725/3958
f 3950/4719/3956 3956/4726/3962 3957/4727/3963 3951/4720/3957
f 3951/4721/3957 3957/4728/3963 3955/4729/3961 3949/4722/3955
f 3959/4726/3965 3953/4719/3959 3954/4723/3960 3960/4730/3966
f 3960/4731/3966 3954/4724/3960 3952/4725/3958 3958/4732/3964
f 3956/4726/3962 3962/4733/3968 3963/4734/3969 3957/4727/3963
f 3957/4728/3963 3963/4735/3969 3961/4736/3967 3955/4729/3961
f 3965/4733/3971 3959/4726/3965 3960/4730/3966 3966/4737/3972
f 3966/4738/3972 3960/4731/3966 3958/4732/3964 3964/4739/3970
f 3962/4733/3968 3968/4740/3974 3969/4741/3975 3963/4734/3969
f 3963/4735/3969 3969/4742/3975 3967/4743/3973 3961/4736/3967
f 3971/4740/3977 3965/4733/3971 3966/4737/3972 3972/4744/3978
f 3972/4745/3978 3966/4738/3972 3964/4739/3970 3970/4746/3976
f 3968/4740/3974 3974/4747/3980 3975/4748/3981 3969/4741/3975
f 3969/4742/3975 3975/4749/3981 3973/4750/3979 3967/4743/3973
f 3977/4747/3983 3971/4740/3977 3972/4744/3978 3978/4751/3984
f 3978/4752/3984 3972/4745/3978 3970/4746/3976 3976/4753/3982
f 3974/4747/3980 3980/4754/3986 3981/4755/3987 3975/4748/3981
f 3975/4749/3981 3981/4756/3987 3979/4757/3985 3973/4750/3979
f 3983/4754/3989 3977/4747/3983 3978/4751/3984 3984/4758/3990
f 3984/4759/3990 3978/4752/3984 3976/4753/3982 3982/4760/3988
f 3980/4754/3986 3986/4761/3992 3987/4762/3993 3981/4755/3987
f 3981/4756/3987 3987/4763/3993 3985/4764/3991 3979/4757/3985
f 3989/4761/3995 3983/4754/3989 3984/4758/3990 3990/4765/3996
f 3990/4766/3996 3984/4759/3990 3982/4760/3988 3988/4767/3994
f 3986/4761/3992 3992/4768/3998 3993/4769/3999 3987/4762/3993
f 3987/4763/3993 3993/4770/3999 3991/4771/3997 3985/4764/3991
f 3995/4768/4001 3989/4761/3995 3990/4765/3996 3996/4772/4002
f 3996/4773/4002 3990/4766/3996 3988/4767/3994 3994/4774/4000
f 3992/4768/3998 3998/4775/4004 3999/4776/4005 3993/4769/3999
f 3993/4770/3999 3999/4777/4005 3997/4778/4003 3991/4771/3997
f 4001/4775/4007 3995/4768/4001 3996/4772/4002 4002/4779/4008
f 4002/4780/4008 3996/4773/4002 3994/4774/4000 4000/4781/4006
f 3998/4775/4004 4004/4782/4010 4005/4783/4011 3999/4776/4005
f 3999/4777/4005 4005/4784/4011 4003/4785/4009 3997/4778/4003
f 4007/4782/4013 4001/4775/4007 4002/4779/4008 4008/4786/4014
f 4008/4787/4014 4002/4780/4008 4000/4781/4006 4006/4788/4012
f 4004/4782/4010 4010/4789/4016 4011/4790/4017 4005/4783/4011
f 4005/4784/4011 4011/4791/4017 4009/4792/4015 4003/4785/4009
f 4013/4789/4019 4007/4782/4013 4008/4786/4014 4014/4793/4020
f 4014/4794/4020 4008/4787/4014 4006/4788/4012 4012/4795/4018
f 4010/4789/4016 4016/4796/4022 4017/4797/4023 4011/4790/4017
f 4011/4791/4017 4017/4798/4023 4015/4799/4021 4009/4792/4015
f 4019/4796/4025 4013/4789/4019 4014/4793/4020 4020/4800/4026
f 4020/4801/4026 4014/4794/4020 4012/4795/4018 4018/4802/4024
f 4016/4796/4022 3902/4803/3908 3903/4804/3909 4017/4797/4023
f 4017/4798/4023 3903/4667/3909 3901/4670/3907 4015/4799/4021
f 3905/4803/3911 4019/4796/4025 4020/4800/4026 3906/4805/3912
f 3906/4674/3912 4020/4801/4026 4018/4802/4024 3904/4675/3910
f 3901/4670/3907 3907/4669/3913 3913/4680/3919 3919/4687/3925 3925/4694/3931 3931/4701/3937 3937/4708/3943 3943/4715/3949 3949/4722/3955 3955/4729/3961 3961/4736/3967 3967/4743/3973 3973/4750/3979 3979/4757/3985 3985/4764/3991 3991/4771/3997 3997/4778/4003 4003/4785/4009 4009/4792/4015 4015/4799/4021
f 3902/4663/3908 3905/4663/3911 3911/4664/3917 3908/4664/3914
f 4016/4796/4022 4019/4796/4025 3905/4803/3911 3902/4803/3908
f 3910/4676/3916 3904/4675/3910 4018/4802/4024 4012/4795/4018 4006/4788/4012 4000/4781/4006 3994/4774/4000 3988/4767/3994 3982/4760/3988 3976/4753/3982 3970/4746/3976 3964/4739/3970 3958/4732/3964 3952/4725/3958 3946/4718/3952 3940/4711/3946 3934/4704/3940 3928/4697/3934 3922/4690/3928 3916/4683/3922
f 3908/4664/3914 3911/4664/3917 3917/4677/3923 3914/4677/3920
f 3914/4677/3920 3917/4677/3923 3923/4684/3929 3920/4684/3926
f 3920/4684/3926 3923/4684/3929 3929/4691/3935 3926/4691/3932
f 3926/4691/3932 3929/4691/3935 3935/4698/3941 3932/4698/3938
f 3932/4698/3938 3935/4698/3941 3941/4705/3947 3938/4705/3944
f 3938/4705/3944 3941/4705/3947 3947/4712/3953 3944/4712/3950
f 3944/4712/3950 3947/4712/3953 3953/4719/3959 3950/4719/3956
f 3950/4719/3956 3953/4719/3959 3959/4726/3965 3956/4726/3962
f 3956/4726/3962 3959/4726/3965 3965/4733/3971 3962/4733/3968
f 3962/4733/3968 3965/4733/3971 3971/4740/3977 3968/4740/3974
f 3968/4740/3974 3971/4740/3977 3977/4747/3983 3974/4747/3980
f 3974/4747/3980 3977/4747/3983 3983/4754/3989 3980/4754/3986
f 3980/4754/3986 3983/4754/3989 3989/4761/3995 3986/4761/3992
f 3986/4761/3992 3989/4761/3995 3995/4768/4001 3992/4768/3998
f 3992/4768/3998 3995/4768/4001 4001/4775/4007 3998/4775/4004
f 3998/4775/4004 4001/4775/4007 4007/4782/4013 4004/4782/4010
f 4004/4782/4010 4007/4782/4013 4013/4789/4019 4010/4789/4016
f 4010/4789/4016 4013/4789/4019 4019/4796/4025 4016/4796/4022
